일시,temp_spline
2021-01-01 00:00:00,-6.333052999815587
2021-01-01 01:00:00,-6.895429402713623
2021-01-01 02:00:00,-8.597189279401
2021-01-01 03:00:00,-8.484224945342895
2021-01-01 04:00:00,-9.14675695808906
2021-01-01 05:00:00,-10.054504613397636
2021-01-01 06:00:00,-10.020026598661568
2021-01-01 07:00:00,-9.46564700367245
2021-01-01 08:00:00,-8.757992891116087
2021-01-01 09:00:00,-7.504165834837908
2021-01-01 10:00:00,-5.866697847584072
2021-01-01 11:00:00,-4.767531014551652
2021-01-01 12:00:00,-3.6077161796522734
2021-01-01 13:00:00,-2.455493390213344
2021-01-01 14:00:00,-1.612964334058105
2021-01-01 15:00:00,-0.9146306679932684
2021-01-01 16:00:00,-1.2974384320013426
2021-01-01 17:00:00,-1.3769135281390903
2021-01-01 18:00:00,-1.541695889187657
2021-01-01 19:00:00,-1.7451841669061108
2021-01-01 20:00:00,-2.7941057641310163
2021-01-01 21:00:00,-3.1992603757846325
2021-01-01 22:00:00,-3.74959915434436
2021-01-01 23:00:00,-3.413703958273472
2021-01-02 00:00:00,-3.696511722281546
2021-01-02 01:00:00,-4.600833166967582
2021-01-02 02:00:00,-5.147745734904768
2021-01-02 03:00:00,-4.741727364843959
2021-01-02 04:00:00,-5.929315569496792
2021-01-02 05:00:00,-6.196169026928991
2021-01-02 06:00:00,-5.853733513525967
2021-01-02 07:00:00,-6.865521985263933
2021-01-02 08:00:00,-8.097749651697598
2021-01-02 09:00:00,-8.114786277841397
2021-01-02 10:00:00,-5.353087432062814
2021-01-02 11:00:00,-3.4068830126846925
2021-01-02 12:00:00,-2.367437471799439
2021-01-02 13:00:00,-1.3750915843557998
2021-01-02 14:00:00,-0.7341353193835101
2021-01-02 15:00:00,-0.767531014551653
2021-01-02 16:00:00,-1.2153702922086356
2021-01-02 17:00:00,-1.8734252504206368
2021-01-02 18:00:00,-2.94095626497229
2021-01-02 19:00:00,-3.2137039582734723
2021-01-02 20:00:00,-3.963303112617832
2021-01-02 21:00:00,-4.318796502831176
2021-01-02 22:00:00,-4.912069099994611
2021-01-02 23:00:00,-4.455431323117431
2021-01-03 00:00:00,-3.80240595815053
2021-01-03 01:00:00,-4.30240595815053
2021-01-03 02:00:00,-5.093023444563093
2021-01-03 03:00:00,-5.76305396001749
2021-01-03 04:00:00,-6.346850500841273
2021-01-03 05:00:00,-8.17691352813909
2021-01-03 06:00:00,-8.308455803867641
2021-01-03 07:00:00,-8.730647041665057
2021-01-03 08:00:00,-9.472436473604928
2021-01-03 09:00:00,-7.158981667931797
2021-01-03 10:00:00,-4.466759914679984
2021-01-03 11:00:00,-2.5504008456556404
2021-01-03 12:00:00,-1.603239125118112
2021-01-03 13:00:00,-1.8417894319398715
2021-01-03 14:00:00,-0.93413531938351
2021-01-03 15:00:00,-0.7914506533801442
2021-01-03 16:00:00,-1.3299074174496894
2021-01-03 17:00:00,-1.6392899310371267
2021-01-03 18:00:00,-2.4282410835145263
2021-01-03 19:00:00,-3.0658646806164898
2021-01-03 20:00:00,-3.9521607223430175
2021-01-03 21:00:00,-4.262469945650251
2021-01-03 22:00:00,-5.925835125363997
2021-01-03 23:00:00,-5.9
2021-01-04 00:00:00,-6.902561567998657
2021-01-04 01:00:00,-7.214381515392926
2021-01-04 02:00:00,-7.678330709473911
2021-01-04 03:00:00,-8.122837319260569
2021-01-04 04:00:00,-8.270186125302525
2021-01-04 05:00:00,-9.105894235868984
2021-01-04 06:00:00,-8.660460916362531
2021-01-04 07:00:00,-8.433979709535382
2021-01-04 08:00:00,-7.005894235868984
2021-01-04 09:00:00,-5.675153651451713
2021-01-04 10:00:00,-4.320182208509696
2021-01-04 11:00:00,-2.2452777096583247
2021-01-04 12:00:00,-0.3538270562781806
2021-01-04 13:00:00,-0.01786979311138
2021-01-04 14:00:00,0.6189206370230018
2021-01-04 15:00:00,1.0461729437218192
2021-01-04 16:00:00,1.2623764028980364
2021-01-04 17:00:00,1.0274079165469447
2021-01-04 18:00:00,0.5
2021-01-04 19:00:00,-0.1862960417265276
2021-01-04 20:00:00,-0.6427782087555802
2021-01-04 21:00:00,-1.4426225989074528
2021-01-04 22:00:00,-1.2127151814577637
2021-01-04 23:00:00,-0.7563886242768383
2021-01-05 00:00:00,-1.1487659873767786
2021-01-05 01:00:00,-1.0957720980661794
2021-01-05 02:00:00,-1.7436113757231615
2021-01-05 03:00:00,-1.8710192922701068
2021-01-05 04:00:00,-2.696605265033761
2021-01-05 05:00:00,-2.629074250482108
2021-01-05 06:00:00,-2.972436473604928
2021-01-05 07:00:00,-2.348672444624564
2021-01-05 08:00:00,-3.0529938893105992
2021-01-05 09:00:00,-3.7170366261437984
2021-01-05 10:00:00,-3.2118820144901816
2021-01-05 11:00:00,-2.5981780562167094
2021-01-05 12:00:00,-2.544350999938529
2021-01-05 13:00:00,-2.366604304831857
2021-01-05 14:00:00,-2.4255859727636544
2021-01-05 15:00:00,-2.5563886242768383
2021-01-05 16:00:00,-2.9725920834530557
2021-01-05 17:00:00,-3.597344889249128
2021-01-05 18:00:00,-4.439289931037127
2021-01-05 19:00:00,-5.382068139792707
2021-01-05 20:00:00,-5.5897843194449806
2021-01-05 21:00:00,-6.117192235991926
2021-01-05 22:00:00,-6.7716033066373456
2021-01-05 23:00:00,-6.199844390151872
2021-01-06 00:00:00,-6.44336222312282
2021-01-06 01:00:00,-7.295522945465837
2021-01-06 02:00:00,-7.582652154159946
2021-01-06 03:00:00,-8.183391778375313
2021-01-06 04:00:00,-8.662220793049908
2021-01-06 05:00:00,-9.867188319199096
2021-01-06 06:00:00,-10.88870199987706
2021-01-06 07:00:00,-11.011788471737969
2021-01-06 08:00:00,-10.777559609602244
2021-01-06 09:00:00,-8.842746733099279
2021-01-06 10:00:00,-6.762127250297695
2021-01-06 11:00:00,-6.080985820224784
2021-01-06 12:00:00,-4.924597195947945
2021-01-06 13:00:00,-3.83573958622276
2021-01-06 14:00:00,-2.618858569927089
2021-01-06 15:00:00,-2.340123098004708
2021-01-06 16:00:00,-2.473425250420637
2021-01-06 17:00:00,-3.4922838203477253
2021-01-06 18:00:00,-3.956233014428711
2021-01-06 19:00:00,-4.018920637023001
2021-01-06 20:00:00,-4.440123098004708
2021-01-06 21:00:00,-4.307560569804148
2021-01-06 22:00:00,-3.2990112231842907
2021-01-06 23:00:00,-3.140956264972289
2021-01-07 00:00:00,-6.9324069183524335
2021-01-07 01:00:00,-7.442529056155237
2021-01-07 02:00:00,-9.18290130676029
2021-01-07 03:00:00,-9.881818987192364
2021-01-07 04:00:00,-10.729658264849348
2021-01-07 05:00:00,-10.924503653195732
2021-01-07 06:00:00,-11.453484360925623
2021-01-07 07:00:00,-11.715027596856078
2021-01-07 08:00:00,-12.06286687451306
2021-01-07 09:00:00,-11.79616902692899
2021-01-07 10:00:00,-11.859472139546824
2021-01-07 11:00:00,-11.975831208571169
2021-01-07 12:00:00,-11.292034667747384
2021-01-07 13:00:00,-10.640862722220074
2021-01-07 14:00:00,-10.539040778436783
2021-01-07 15:00:00,-10.712621638705548
2021-01-07 16:00:00,-10.87931948628962
2021-01-07 17:00:00,-11.383640930975655
2021-01-07 18:00:00,-11.817776250359168
2021-01-07 19:00:00,-12.413548348425344
2021-01-07 20:00:00,-12.472436473604926
2021-01-07 21:00:00,-12.26644869498373
2021-01-07 22:00:00,-12.729658264849348
2021-01-07 23:00:00,-13.106571792988436
2021-01-08 00:00:00,-13.52027575126191
2021-01-08 01:00:00,-13.84336222312282
2021-01-08 02:00:00,-14.1441953900904
2021-01-08 03:00:00,-14.303083515269984
2021-01-08 04:00:00,-14.36968782010184
2021-01-08 05:00:00,-14.92184854244486
2021-01-08 06:00:00,-15.668948195886475
2021-01-08 07:00:00,-15.84336222312282
2021-01-08 08:00:00,-15.844195390090402
2021-01-08 09:00:00,-15.31428797264071
2021-01-08 10:00:00,-14.023024404764996
2021-01-08 11:00:00,-12.924013181580705
2021-01-08 12:00:00,-12.609226903739309
2021-01-08 13:00:00,-11.846850500841274
2021-01-08 14:00:00,-11.315370292208634
2021-01-08 15:00:00,-11.025585972763654
2021-01-08 16:00:00,-10.9280854736664
2021-01-08 17:00:00,-10.676757918290962
2021-01-08 18:00:00,-11.5082381269236
2021-01-08 19:00:00,-11.947683667808857
2021-01-08 20:00:00,-11.99901122318429
2021-01-08 21:00:00,-12.040956264972287
2021-01-08 22:00:00,-12.037467987253835
2021-01-08 23:00:00,-12.344195390090402
2021-01-09 00:00:00,-13.03481287650296
2021-01-09 01:00:00,-14.028918640633982
2021-01-09 02:00:00,-14.643206613274694
2021-01-09 03:00:00,-15.12345280928411
2021-01-09 04:00:00,-15.707926907227346
2021-01-09 05:00:00,-16.401043894542653
2021-01-09 06:00:00,-18.62395111448479
2021-01-09 07:00:00,-19.24021664075692
2021-01-09 08:00:00,-19.17188393489399
2021-01-09 09:00:00,-17.018212488463934
2021-01-09 10:00:00,-14.22833462626674
2021-01-09 11:00:00,-11.761698845778582
2021-01-09 12:00:00,-10.018765027174874
2021-01-09 13:00:00,-9.069781362854055
2021-01-09 14:00:00,-8.504999001805489
2021-01-09 15:00:00,-8.242622598907452
2021-01-09 16:00:00,-8.176757918290964
2021-01-09 17:00:00,-8.15965922505125
2021-01-09 18:00:00,-9.130522907473232
2021-01-09 19:00:00,-9.150121101615689
2021-01-09 20:00:00,-9.391295043532017
2021-01-09 21:00:00,-9.51870296007896
2021-01-09 22:00:00,-9.632251308504305
2021-01-09 23:00:00,-10.155337780365215
2021-01-10 00:00:00,-12.152931822214686
2021-01-10 01:00:00,-13.187900308565778
2021-01-10 02:00:00,-13.253671446430054
2021-01-10 03:00:00,-14.910924713330774
2021-01-10 04:00:00,-15.021202460981703
2021-01-10 05:00:00,-15.028147540762312
2021-01-10 06:00:00,-15.71348628132943
2021-01-10 07:00:00,-16.249287934648105
2021-01-10 08:00:00,-15.485400807663034
2021-01-10 09:00:00,-13.56669784758407
2021-01-10 10:00:00,-10.655804609909598
2021-01-10 11:00:00,-8.430218637145945
2021-01-10 12:00:00,-6.330989737017612
2021-01-10 13:00:00,-5.310309223307233
2021-01-10 14:00:00,-4.256575709781266
2021-01-10 15:00:00,-3.7196917368946703
2021-01-10 16:00:00,-3.637623597101964
2021-01-10 17:00:00,-4.021358070829834
2021-01-10 18:00:00,-4.191450653380144
2021-01-10 19:00:00,-4.183734473727871
2021-01-10 20:00:00,-4.636728363038468
2021-01-10 21:00:00,-4.956326557180925
2021-01-10 22:00:00,-5.01786979311138
2021-01-10 23:00:00,-5.336634820286255
2021-01-11 00:00:00,-7.811142390274815
2021-01-11 01:00:00,-7.934999962007392
2021-01-11 02:00:00,-8.666386627887817
2021-01-11 03:00:00,-8.790119181211878
2021-01-11 04:00:00,-11.262314335802124
2021-01-11 05:00:00,-11.57330111622881
2021-01-11 06:00:00,-11.135895196070887
2021-01-11 07:00:00,-11.314599192336969
2021-01-11 08:00:00,-11.21786979311138
2021-01-11 09:00:00,-9.9280854736664
2021-01-11 10:00:00,-8.568364181519234
2021-01-11 11:00:00,-7.050494388407854
2021-01-11 12:00:00,-5.775247194203928
2021-01-11 13:00:00,-4.714537125241053
2021-01-11 14:00:00,-3.805154611653617
2021-01-11 15:00:00,-3.2812349728251253
2021-01-11 16:00:00,-3.378579862074253
2021-01-11 17:00:00,-3.426419139731236
2021-01-11 18:00:00,-4.501666333935162
2021-01-11 19:00:00,-4.604165834837907
2021-01-11 20:00:00,-6.206976555436906
2021-01-11 21:00:00,-5.297344889249128
2021-01-11 22:00:00,-5.063700041480644
2021-01-11 23:00:00,-5.259565682299037
2021-01-12 00:00:00,-5.491201500779803
2021-01-12 01:00:00,-5.937312377405709
2021-01-12 02:00:00,-6.106727402836565
2021-01-12 03:00:00,-6.199750847399658
2021-01-12 04:00:00,-6.131480208632638
2021-01-12 05:00:00,-6.755399847461129
2021-01-12 06:00:00,-7.79558501256175
2021-01-12 07:00:00,-8.135801653318673
2021-01-12 08:00:00,-8.948578901872349
2021-01-12 09:00:00,-7.371820983581387
2021-01-12 10:00:00,-5.066853457432199
2021-01-12 11:00:00,-2.7942613739791438
2021-01-12 12:00:00,-0.8225024574936698
2021-01-12 13:00:00,1.3700305154543977
2021-01-12 14:00:00,2.287222751446324
2021-01-12 15:00:00,1.832468985448347
2021-01-12 16:00:00,0.805248154405831
2021-01-12 17:00:00,-0.0682706387670201
2021-01-12 18:00:00,-0.7546602232457622
2021-01-12 19:00:00,-0.8812349728251254
2021-01-12 20:00:00,-1.2034882777184537
2021-01-12 21:00:00,-1.6428402758514933
2021-01-12 22:00:00,-1.1000620670959131
2021-01-12 23:00:00,-0.8008952340634945
2021-01-13 00:00:00,-0.7401851651006212
2021-01-13 01:00:00,-1.0120996914342222
2021-01-13 02:00:00,-0.9992289001283314
2021-01-13 03:00:00,-1.346235010817732
2021-01-13 04:00:00,-1.3076847039959727
2021-01-13 05:00:00,-1.3616673701222806
2021-01-13 06:00:00,-0.7932411215071332
2021-01-13 07:00:00,-0.9163275933680428
2021-01-13 08:00:00,-0.717993927303206
2021-01-13 09:00:00,-0.6087984992201974
2021-01-13 10:00:00,1.9321577657520923
2021-01-13 11:00:00,4.733824099687255
2021-01-13 12:00:00,6.869041738638689
2021-01-13 13:00:00,8.711882014490183
2021-01-13 14:00:00,9.529074250482108
2021-01-13 15:00:00,9.62391963882849
2021-01-13 16:00:00,9.142840275851492
2021-01-13 17:00:00,7.682192273984532
2021-01-13 18:00:00,6.056606301220878
2021-01-13 19:00:00,5.188024442757603
2021-01-13 20:00:00,4.706111912813023
2021-01-13 21:00:00,4.26327163696153
2021-01-13 22:00:00,3.870092582550311
2021-01-13 23:00:00,2.516359069024344
2021-01-14 00:00:00,1.7384567640695452
2021-01-14 01:00:00,1.083796540823783
2021-01-14 02:00:00,0.0720080690858153
2021-01-14 03:00:00,-1.4417894319398714
2021-01-14 04:00:00,-2.6368839728865963
2021-01-14 05:00:00,-2.406914488340994
2021-01-14 06:00:00,-3.365709070768362
2021-01-14 07:00:00,-3.723919638828491
2021-01-14 08:00:00,-3.8580549582120014
2021-01-14 09:00:00,-1.9776531523544576
2021-01-14 10:00:00,0.8991047659365056
2021-01-14 11:00:00,2.4769135281390904
2021-01-14 12:00:00,4.262189317393608
2021-01-14 13:00:00,5.997251346496913
2021-01-14 14:00:00,7.563855651328771
2021-01-14 15:00:00,8.269010262982388
2021-01-14 16:00:00,8.656233014428711
2021-01-14 17:00:00,7.478424252226126
2021-01-14 18:00:00,5.713548348425345
2021-01-14 19:00:00,3.5020947384542755
2021-01-14 20:00:00,3.09135711062793
2021-01-14 21:00:00,1.2409562649722898
2021-01-14 22:00:00,0.9435799000668604
2021-01-14 23:00:00,0.2829948495125028
2021-01-15 00:00:00,-0.0024059581505302
2021-01-15 01:00:00,0.0114457763854115
2021-01-15 02:00:00,0.2975004990972553
2021-01-15 03:00:00,0.6290742504821079
2021-01-15 04:00:00,3.0157681052881364
2021-01-15 05:00:00,3.5161413920803035
2021-01-15 06:00:00,3.816079324984391
2021-01-15 07:00:00,4.3398433539647545
2021-01-15 08:00:00,4.892066143403685
2021-01-15 09:00:00,6.182839239664375
2021-01-15 10:00:00,8.835062029103305
2021-01-15 11:00:00,9.88555641751116
2021-01-15 12:00:00,10.571174902118234
2021-01-15 13:00:00,11.81709869323971
2021-01-15 14:00:00,10.975153651451713
2021-01-15 15:00:00,10.46228286014582
2021-01-15 16:00:00,8.614381515392926
2021-01-15 17:00:00,6.773580860268764
2021-01-15 18:00:00,5.026419139731235
2021-01-15 19:00:00,3.499166833032418
2021-01-15 20:00:00,2.699166833032418
2021-01-15 21:00:00,2.308549346619856
2021-01-15 22:00:00,1.7700925825503109
2021-01-15 23:00:00,1.2598769019952916
2021-01-16 00:00:00,0.994012221378802
2021-01-16 01:00:00,0.1787354719223807
2021-01-16 02:00:00,-0.5298138746974751
2021-01-16 03:00:00,-1.3024059581505305
2021-01-16 04:00:00,-1.5263255969790217
2021-01-16 05:00:00,-1.9306470416650563
2021-01-16 06:00:00,-2.1169430833915843
2021-01-16 07:00:00,-2.416943083391584
2021-01-16 08:00:00,-3.1110488475226004
2021-01-16 09:00:00,-3.2067274028365653
2021-01-16 10:00:00,-2.8768199853868763
2021-01-16 11:00:00,-2.7435178329709475
2021-01-16 12:00:00,-1.9494120688399312
2021-01-16 13:00:00,-1.700739624215367
2021-01-16 14:00:00,-1.1485789018723498
2021-01-16 15:00:00,-1.6007396242153673
2021-01-16 16:00:00,-2.074258417388218
2021-01-16 17:00:00,-2.6725920834530554
2021-01-16 18:00:00,-3.5118820144901823
2021-01-16 19:00:00,-3.7981780562167096
2021-01-16 20:00:00,-4.097344889249128
2021-01-16 21:00:00,-4.473425250420636
2021-01-16 22:00:00,-4.873425250420636
2021-01-16 23:00:00,-4.969936972702183
2021-01-17 00:00:00,-5.255399847461129
2021-01-17 01:00:00,-5.337374444501622
2021-01-17 02:00:00,-6.154566680493548
2021-01-17 03:00:00,-7.121264528077619
2021-01-17 04:00:00,-7.499844390151873
2021-01-17 05:00:00,-9.030647041665055
2021-01-17 06:00:00,-8.964782361048567
2021-01-17 07:00:00,-9.47249854070084
2021-01-17 08:00:00,-8.900490471615026
2021-01-17 09:00:00,-6.904967526149187
2021-01-17 10:00:00,-5.171509763885132
2021-01-17 11:00:00,-3.845768181273351
2021-01-17 12:00:00,-2.6416958891876567
2021-01-17 13:00:00,-1.861387626082328
2021-01-17 14:00:00,-0.99135711062793
2021-01-17 15:00:00,-0.9588881251795828
2021-01-17 16:00:00,-1.1504943884078545
2021-01-17 17:00:00,-1.605987778621198
2021-01-17 18:00:00,-2.805154611653617
2021-01-17 19:00:00,-3.2939501542828884
2021-01-17 20:00:00,-3.519442584294329
2021-01-17 21:00:00,-3.253733513525966
2021-01-17 22:00:00,-2.753733513525966
2021-01-17 23:00:00,-2.866604304831857
2021-01-18 00:00:00,-2.6495056115921454
2021-01-18 01:00:00,-2.403332667870326
2021-01-18 02:00:00,-3.11969173689467
2021-01-18 03:00:00,-3.8746631798366873
2021-01-18 04:00:00,-4.019014179775216
2021-01-18 05:00:00,-5.292532972948067
2021-01-18 06:00:00,-4.355711067157384
2021-01-18 07:00:00,-3.831635818480765
2021-01-18 08:00:00,-3.0118820144901823
2021-01-18 09:00:00,-2.572592083453056
2021-01-18 10:00:00,-1.695678555313965
2021-01-18 11:00:00,0.116203459176217
2021-01-18 12:00:00,3.207996807908917
2021-01-18 13:00:00,2.461636778682669
2021-01-18 14:00:00,1.179475096137748
2021-01-18 15:00:00,-0.516203459176217
2021-01-18 16:00:00,-0.2383946969736322
2021-01-18 17:00:00,-1.0221912377974152
2021-01-18 18:00:00,-2.1170366261437983
2021-01-18 19:00:00,-2.955493390213344
2021-01-18 20:00:00,-3.5998443901518726
2021-01-18 21:00:00,-3.908393736771728
2021-01-18 22:00:00,-4.469936972702183
2021-01-18 23:00:00,-5.108393736771728
2021-01-19 00:00:00,-6.235801653318674
2021-01-19 01:00:00,-7.625585972763654
2021-01-19 02:00:00,-8.197344889249129
2021-01-19 03:00:00,-8.950338778559725
2021-01-19 04:00:00,-10.273518793172853
2021-01-19 05:00:00,-10.72750145929916
2021-01-19 06:00:00,-11.666542237735944
2021-01-19 07:00:00,-12.180401805857544
2021-01-19 08:00:00,-11.347745734904766
2021-01-19 09:00:00,-9.524659263043858
2021-01-19 10:00:00,-7.000739624215367
2021-01-19 11:00:00,-6.182068139792706
2021-01-19 12:00:00,-4.771852459237688
2021-01-19 13:00:00,-3.59577209806618
2021-01-19 14:00:00,-3.240123098004708
2021-01-19 15:00:00,-2.393950154282889
2021-01-19 16:00:00,-2.0495056115921457
2021-01-19 17:00:00,-2.4392899310371265
2021-01-19 18:00:00,-3.624752805796073
2021-01-19 19:00:00,-4.612193234186437
2021-01-19 20:00:00,-4.699166833032418
2021-01-19 21:00:00,-6.059230820532139
2021-01-19 22:00:00,-6.650494388407855
2021-01-19 23:00:00,-7.2136104155212575
2021-01-20 00:00:00,-7.589535166844638
2021-01-20 01:00:00,-8.547006110689402
2021-01-20 02:00:00,-8.498178056216709
2021-01-20 03:00:00,-8.650338778559728
2021-01-20 04:00:00,-8.880152653257202
2021-01-20 05:00:00,-9.019536127046544
2021-01-20 06:00:00,-9.457159724148507
2021-01-20 07:00:00,-8.849692697096575
2021-01-20 08:00:00,-9.038488239725847
2021-01-20 09:00:00,-6.065374209001464
2021-01-20 10:00:00,-3.253180974815028
2021-01-20 11:00:00,-1.0001870855044288
2021-01-20 12:00:00,2.255399847461129
2021-01-20 13:00:00,4.456388624276839
2021-01-20 14:00:00,5.60422790193382
2021-01-20 15:00:00,6.579475096137747
2021-01-20 16:00:00,6.929813874697475
2021-01-20 17:00:00,6.383640930975655
2021-01-20 18:00:00,3.828825097881766
2021-01-20 19:00:00,2.618609417326747
2021-01-20 20:00:00,2.166791390336286
2021-01-20 21:00:00,0.0451841669061105
2021-01-20 22:00:00,-0.6784863193220391
2021-01-20 23:00:00,-0.5690102629823873
2021-01-21 00:00:00,-0.6322198328480053
2021-01-21 01:00:00,-0.1024059581505302
2021-01-21 02:00:00,0.239445540885254
2021-01-21 03:00:00,0.435124096199219
2021-01-21 04:00:00,0.3547222903416751
2021-01-21 05:00:00,0.5009887768157089
2021-01-21 06:00:00,0.7702481923984379
2021-01-21 07:00:00,1.0872848185422366
2021-01-21 08:00:00,0.8316358184807655
2021-01-21 09:00:00,2.7907110291647768
2021-01-21 10:00:00,4.795772098066179
2021-01-21 11:00:00,5.774320484484131
2021-01-21 12:00:00,6.957899348363874
2021-01-21 13:00:00,6.780214720353115
2021-01-21 14:00:00,6.807467027051933
2021-01-21 15:00:00,5.3358637204145865
2021-01-21 16:00:00,4.609288970835223
2021-01-21 17:00:00,4.452067179590803
2021-01-21 18:00:00,4.777591085258544
2021-01-21 19:00:00,4.99296137746718
2021-01-21 20:00:00,4.854504613397634
2021-01-21 21:00:00,4.379568638889962
2021-01-21 22:00:00,4.855586932965558
2021-01-21 23:00:00,4.363365179713744
2021-01-22 00:00:00,4.475986818419294
2021-01-22 01:00:00,4.24277820875558
2021-01-22 02:00:00,4.371758916485474
2021-01-22 03:00:00,4.2881179855098175
2021-01-22 04:00:00,4.0710192922701065
2021-01-22 05:00:00,4.312870791305891
2021-01-22 06:00:00,3.7359572631668
2021-01-22 07:00:00,3.867531014551653
2021-01-22 08:00:00,4.0795686388899615
2021-01-22 09:00:00,4.235801653318672
2021-01-22 10:00:00,5.316359069024345
2021-01-22 11:00:00,5.679475096137748
2021-01-22 12:00:00,6.2495676786880585
2021-01-22 13:00:00,6.635030553447004
2021-01-22 14:00:00,7.158117025307915
2021-01-22 15:00:00,6.883702998071568
2021-01-22 16:00:00,6.557128248492206
2021-01-22 17:00:00,6.263022484361189
2021-01-22 18:00:00,5.767343929047224
2021-01-22 19:00:00,5.314350039736625
2021-01-22 20:00:00,4.987868832909476
2021-01-22 21:00:00,4.824659263043858
2021-01-22 22:00:00,4.833208609663714
2021-01-22 23:00:00,4.891263567875715
2021-01-23 00:00:00,4.786108956222099
2021-01-23 01:00:00,4.787930900005389
2021-01-23 02:00:00,4.919660261238369
2021-01-23 03:00:00,4.840924789315988
2021-01-23 04:00:00,3.82629412132272
2021-01-23 05:00:00,3.837436511597535
2021-01-23 06:00:00,3.701417181334821
2021-01-23 07:00:00,3.950922792926967
2021-01-23 08:00:00,4.335490433622418
2021-01-23 09:00:00,5.712310419009294
2021-01-23 10:00:00,7.089379556996512
2021-01-23 11:00:00,8.597928903616369
2021-01-23 12:00:00,9.640707112371947
2021-01-23 13:00:00,10.905738626020856
2021-01-23 14:00:00,11.199750847399658
2021-01-23 15:00:00,11.210799694922258
2021-01-23 16:00:00,11.103083515269985
2021-01-23 17:00:00,10.73632360059
2021-01-23 18:00:00,10.30922690373931
2021-01-23 19:00:00,9.56039884926662
2021-01-23 20:00:00,8.858732515331456
2021-01-23 21:00:00,7.989473099748727
2021-01-23 22:00:00,7.414381515392927
2021-01-23 23:00:00,6.669041738638688
2021-01-24 00:00:00,5.714225905544799
2021-01-24 01:00:00,5.247683667808855
2021-01-24 02:00:00,4.9640427368332
2021-01-24 03:00:00,4.440123098004708
2021-01-24 04:00:00,3.4495056115921456
2021-01-24 05:00:00,2.698022446368582
2021-01-24 06:00:00,3.016881016295671
2021-01-24 07:00:00,2.020120141413783
2021-01-24 08:00:00,2.6963561124334188
2021-01-24 09:00:00,4.010861762018172
2021-01-24 10:00:00,6.392774291962751
2021-01-24 11:00:00,8.563793584232858
2021-01-24 12:00:00,10.363855651328771
2021-01-24 13:00:00,11.464688818296352
2021-01-24 14:00:00,12.127220831042514
2021-01-24 15:00:00,12.177653152354456
2021-01-24 16:00:00,11.82549243001144
2021-01-24 17:00:00,11.091201500779803
2021-01-24 18:00:00,8.872560607796753
2021-01-24 19:00:00,7.545830248369263
2021-01-24 20:00:00,6.363209569865618
2021-01-24 21:00:00,5.2471617205375285
2021-01-24 22:00:00,4.822930862012782
2021-01-24 23:00:00,3.3604609163625314
2021-01-25 00:00:00,2.050494388407854
2021-01-25 01:00:00,1.760772136058786
2021-01-25 02:00:00,2.696294045337506
2021-01-25 03:00:00,3.166480170640031
2021-01-25 04:00:00,1.827407916546945
2021-01-25 05:00:00,2.252254265095232
2021-01-25 06:00:00,2.9895972339405525
2021-01-25 07:00:00,3.685151655062692
2021-01-25 08:00:00,3.4211709853254044
2021-01-25 09:00:00,4.615954306575875
2021-01-25 10:00:00,5.29558501256175
2021-01-25 11:00:00,8.276851461043176
2021-01-25 12:00:00,10.39635611243342
2021-01-25 13:00:00,11.28431848809511
2021-01-25 14:00:00,12.815121139608294
2021-01-25 15:00:00,13.640029555252491
2021-01-25 16:00:00,13.752900346558384
2021-01-25 17:00:00,12.762376402898036
2021-01-25 18:00:00,10.437623597101965
2021-01-25 19:00:00,8.292252344691423
2021-01-25 20:00:00,6.490523943660349
2021-01-25 21:00:00,5.8860468891261855
2021-01-25 22:00:00,4.8029899725177705
2021-01-25 23:00:00,4.357650195763532
2021-01-26 00:00:00,3.492867834714965
2021-01-26 01:00:00,3.1229929291086957
2021-01-26 02:00:00,3.1461729437218198
2021-01-26 03:00:00,3.7229308620127823
2021-01-26 04:00:00,4.486078364782488
2021-01-26 05:00:00,3.09317905441122
2021-01-26 06:00:00,4.129813874697475
2021-01-26 07:00:00,3.432468985448347
2021-01-26 08:00:00,4.076726442634661
2021-01-26 09:00:00,3.7443509999385287
2021-01-26 10:00:00,4.323919638828491
2021-01-26 11:00:00,5.147006110689401
2021-01-26 12:00:00,5.636790430134382
2021-01-26 13:00:00,6.1513275553754365
2021-01-26 14:00:00,7.652160722343018
2021-01-26 15:00:00,7.818858569927089
2021-01-26 16:00:00,6.243362223122819
2021-01-26 17:00:00,4.836790430134382
2021-01-26 18:00:00,4.525741582611781
2021-01-26 19:00:00,4.526574749579362
2021-01-26 20:00:00,4.474414027236346
2021-01-26 21:00:00,3.8
2021-01-26 22:00:00,3.142684666003366
2021-01-26 23:00:00,2.270832206765678
2021-01-27 00:00:00,1.5154323593045484
2021-01-27 01:00:00,1.5068830126846926
2021-01-27 02:00:00,0.5958341651620923
2021-01-27 03:00:00,0.2283031506104392
2021-01-27 04:00:00,0.1761424282674216
2021-01-27 05:00:00,-0.1109867804266874
2021-01-27 06:00:00,-0.3715412395414335
2021-01-27 07:00:00,-0.6519430453989772
2021-01-27 08:00:00,-0.7818189871923653
2021-01-27 09:00:00,1.141111874820417
2021-01-27 10:00:00,2.5813905826732526
2021-01-27 11:00:00,3.4899399292931084
2021-01-27 12:00:00,4.47691352813909
2021-01-27 13:00:00,5.043673442819074
2021-01-27 14:00:00,5.676819985386876
2021-01-27 15:00:00,5.192929901810878
2021-01-27 16:00:00,4.382807764008074
2021-01-27 17:00:00,3.2819745970404925
2021-01-27 18:00:00,2.276819985386876
2021-01-27 19:00:00,0.7965117222815465
2021-01-27 20:00:00,0.6036438875665808
2021-01-27 21:00:00,-0.2752471942039272
2021-01-27 22:00:00,-0.5769135281390902
2021-01-27 23:00:00,-0.8008331669675817
2021-01-28 00:00:00,-0.7137039582734723
2021-01-28 01:00:00,-0.9153702922086356
2021-01-28 02:00:00,-1.169197348486816
2021-01-28 03:00:00,-1.364875903800781
2021-01-28 04:00:00,-1.3580549582120014
2021-01-28 05:00:00,-1.1906174864125627
2021-01-28 06:00:00,-1.7146306679932684
2021-01-28 07:00:00,-2.852160722343017
2021-01-28 08:00:00,-2.186202498974313
2021-01-28 09:00:00,0.065802613520577
2021-01-28 10:00:00,2.383828016480084
2021-01-28 11:00:00,0.6018219437832903
2021-01-28 12:00:00,1.1625320127461638
2021-01-28 13:00:00,1.330802651513184
2021-01-28 14:00:00,1.1068830126846927
2021-01-28 15:00:00,0.1657711378642755
2021-01-28 16:00:00,-1.063949194080985
2021-01-28 17:00:00,-1.7879623756616905
2021-01-28 18:00:00,-2.9965117222815465
2021-01-28 19:00:00,-3.5879623756616903
2021-01-28 20:00:00,-4.135801653318673
2021-01-28 21:00:00,-5.116109916424002
2021-01-28 22:00:00,-5.6691038057346015
2021-01-28 23:00:00,-6.14518416690611
2021-01-29 00:00:00,-6.612621638705548
2021-01-29 01:00:00,-7.151078402775094
2021-01-29 02:00:00,-7.36046091636253
2021-01-29 03:00:00,-7.812621638705549
2021-01-29 04:00:00,-7.733052999815587
2021-01-29 05:00:00,-7.642435513403024
2021-01-29 06:00:00,-7.746756958089058
2021-01-29 07:00:00,-7.669843429949968
2021-01-29 08:00:00,-8.251078402775093
2021-01-29 09:00:00,-7.874998041603584
2021-01-29 10:00:00,-7.075831208571167
2021-01-29 11:00:00,-6.327991930914185
2021-01-29 12:00:00,-5.647683667808855
2021-01-29 13:00:00,-5.027158763946603
2021-01-29 14:00:00,-4.3333021524159285
2021-01-29 15:00:00,-4.509382513587437
2021-01-29 16:00:00,-4.1
2021-01-29 17:00:00,-4.587129208694109
2021-01-29 18:00:00,-5.363209569865618
2021-01-29 19:00:00,-6.152160722343018
2021-01-29 20:00:00,-6.738456764069545
2021-01-29 21:00:00,-7.209382513587437
2021-01-29 22:00:00,-7.594689778498256
2021-01-29 23:00:00,-7.391357110627929
2021-01-30 00:00:00,-7.254722290341675
2021-01-30 01:00:00,-6.752900346558384
2021-01-30 02:00:00,-6.709133360987096
2021-01-30 03:00:00,-6.058888125179583
2021-01-30 04:00:00,-5.530740584417271
2021-01-30 05:00:00,-4.981234972825125
2021-01-30 06:00:00,-4.35382705627818
2021-01-30 07:00:00,-3.905894235868984
2021-01-30 08:00:00,-2.4101221378028046
2021-01-30 09:00:00,-0.8493185260877169
2021-01-30 10:00:00,1.9967923505381897
2021-01-30 11:00:00,3.939383473789341
2021-01-30 12:00:00,5.944506609786656
2021-01-30 13:00:00,6.475402804052054
2021-01-30 14:00:00,6.965031513648908
2021-01-30 15:00:00,6.519598194142457
2021-01-30 16:00:00,6.161543235930455
2021-01-30 17:00:00,4.688024442757603
2021-01-30 18:00:00,2.882869831103987
2021-01-30 19:00:00,1.8479013447528956
2021-01-30 20:00:00,0.7249084156442
2021-01-30 21:00:00,0.0195046513902417
2021-01-30 22:00:00,-1.0750915843557998
2021-01-30 23:00:00,-1.8632095698656177
2021-01-31 00:00:00,-1.9401851651006208
2021-01-31 01:00:00,-2.6685197913673617
2021-01-31 02:00:00,-3.1383632213173307
2021-01-31 03:00:00,-3.7818189871923646
2021-01-31 04:00:00,-3.9681150289188927
2021-01-31 05:00:00,-4.323919638828491
2021-01-31 06:00:00,-4.569103805734601
2021-01-31 07:00:00,-4.5188585699270885
2021-01-31 08:00:00,-4.688701999877058
2021-01-31 09:00:00,-2.4538270562781808
2021-01-31 10:00:00,0.7988241376798624
2021-01-31 11:00:00,4.586046889126186
2021-01-31 12:00:00,7.304227901933821
2021-01-31 13:00:00,8.83836322131733
2021-01-31 14:00:00,10.744382475594833
2021-01-31 15:00:00,10.96064800186696
2021-01-31 16:00:00,10.6110488475226
2021-01-31 17:00:00,9.71444358248884
2021-01-31 18:00:00,8.211882014490183
2021-01-31 19:00:00,8.030584974569143
2021-01-31 20:00:00,7.441727364843959
2021-01-31 21:00:00,6.761169949138288
2021-01-31 22:00:00,6.971541239541433
2021-01-31 23:00:00,6.517714183263253
2021-02-01 00:00:00,6.968146504575194
2021-02-01 01:00:00,7.578517794978341
2021-02-01 02:00:00,7.612808724209978
2021-02-01 03:00:00,6.691295043532017
2021-02-01 04:00:00,6.232562528200562
2021-02-01 05:00:00,6.2606480018669615
2021-02-01 06:00:00,6.611975557242397
2021-02-01 07:00:00,6.131667294137067
2021-02-01 08:00:00,5.460585934771047
2021-02-01 09:00:00,5.657992891116089
2021-02-01 10:00:00,7.445371252410538
2021-02-01 11:00:00,9.38132851557734
2021-02-01 12:00:00,10.040956264972287
2021-02-01 13:00:00,10.832562528200562
2021-02-01 14:00:00,10.719536127046544
2021-02-01 15:00:00,10.123919638828491
2021-02-01 16:00:00,8.987284818542236
2021-02-01 17:00:00,7.395772098066179
2021-02-01 18:00:00,5.566697847584072
2021-02-01 19:00:00,4.785462874758946
2021-02-01 20:00:00,3.808549346619856
2021-02-01 21:00:00,2.7478392776569827
2021-02-01 22:00:00,2.0333021524159283
2021-02-01 23:00:00,1.185462874758946
2021-02-02 00:00:00,-0.6145371252410539
2021-02-02 01:00:00,-1.221264528077619
2021-02-02 02:00:00,-1.8110488475226003
2021-02-02 03:00:00,-2.2605544591147457
2021-02-02 04:00:00,-2.806727402836565
2021-02-02 05:00:00,-3.4545666804935475
2021-02-02 06:00:00,-4.20240595815053
2021-02-02 07:00:00,-4.802405958150531
2021-02-02 08:00:00,-5.140029555252493
2021-02-02 09:00:00,-4.626325596979021
2021-02-02 10:00:00,-4.080152653257202
2021-02-02 11:00:00,-3.416943083391584
2021-02-02 12:00:00,-3.0921902775955115
2021-02-02 13:00:00,-2.9161099164240025
2021-02-02 14:00:00,-2.8854628747589457
2021-02-02 15:00:00,-2.6239196388284918
2021-02-02 16:00:00,-2.4306470416650563
2021-02-02 17:00:00,-3.058054958212001
2021-02-02 18:00:00,-3.7965117222815454
2021-02-02 19:00:00,-4.415370292208635
2021-02-02 20:00:00,-5.31287079130589
2021-02-02 21:00:00,-4.197344889249128
2021-02-02 22:00:00,-4.6435178329709474
2021-02-02 23:00:00,-4.658888125179583
2021-02-03 00:00:00,-4.98953516684464
2021-02-03 01:00:00,-5.995678555313965
2021-02-03 02:00:00,-6.914537125241054
2021-02-03 03:00:00,-8.146422096322162
2021-02-03 04:00:00,-9.129167793234322
2021-02-03 05:00:00,-9.449661221440271
2021-02-03 06:00:00,-10.399104765936505
2021-02-03 07:00:00,-10.088117985509818
2021-02-03 08:00:00,-9.24882805447269
2021-02-03 09:00:00,-6.822408914741455
2021-02-03 10:00:00,-4.904477054534162
2021-02-03 11:00:00,-2.486513718670568
2021-02-03 12:00:00,-0.971914526333601
2021-02-03 13:00:00,1.2137354339297737
2021-02-03 14:00:00,2.892626515700282
2021-02-03 15:00:00,2.725617448419956
2021-02-03 16:00:00,2.435062029103306
2021-02-03 17:00:00,1.7376235971019636
2021-02-03 18:00:00,0.3983336660648369
2021-02-03 19:00:00,0.1222533048933281
2021-02-03 20:00:00,-0.1307405844172709
2021-02-03 21:00:00,0.3058942358689838
2021-02-03 22:00:00,-0.17450756998856
2021-02-03 23:00:00,-0.6460173338736921
2021-02-04 00:00:00,-0.2682706387670202
2021-02-04 01:00:00,0.7960833177624339
2021-02-04 02:00:00,1.3446001525388709
2021-02-04 03:00:00,-0.1838900835759973
2021-02-04 04:00:00,-1.7615432359304548
2021-02-04 05:00:00,-3.108549346619856
2021-02-04 06:00:00,-3.7666043048318567
2021-02-04 07:00:00,-4.300739624215367
2021-02-04 08:00:00,-4.451078402775094
2021-02-04 09:00:00,-3.7724985407008407
2021-02-04 10:00:00,-2.945923791121478
2021-02-04 11:00:00,-2.3561394716764963
2021-02-04 12:00:00,-1.39376306877846
2021-02-04 13:00:00,-0.8843805551910229
2021-02-04 14:00:00,-0.656233014428711
2021-02-04 15:00:00,-0.0580549582120013
2021-02-04 16:00:00,0.1623764028980364
2021-02-04 17:00:00,-0.3358016533186732
2021-02-04 18:00:00,-1.285462874758946
2021-02-04 19:00:00,-1.536790430134382
2021-02-04 20:00:00,-2.005987778621198
2021-02-04 21:00:00,-3.3478392776569823
2021-02-04 22:00:00,-4.083796540823784
2021-02-04 23:00:00,-4.627252306698817
2021-02-05 00:00:00,-5.218765027174874
2021-02-05 01:00:00,-4.725648039859567
2021-02-05 02:00:00,-4.077037662330916
2021-02-05 03:00:00,-3.3206490380540776
2021-02-05 04:00:00,-3.583609455319354
2021-02-05 05:00:00,-3.988919676821098
2021-02-05 06:00:00,-3.629875941793388
2021-02-05 07:00:00,-3.5939186786265878
2021-02-05 08:00:00,-3.4562950815246234
2021-02-05 09:00:00,-2.051327555375436
2021-02-05 10:00:00,-0.7564821670290527
2021-02-05 11:00:00,1.7324689854483468
2021-02-05 12:00:00,4.710402766059447
2021-02-05 13:00:00,7.024939891300502
2021-02-05 14:00:00,7.531573751384853
2021-02-05 15:00:00,8.003394734966237
2021-02-05 16:00:00,7.481974597040493
2021-02-05 17:00:00,5.574320484484131
2021-02-05 18:00:00,4.23253105254426
2021-02-05 19:00:00,3.0444130670344416
2021-02-05 20:00:00,2.8614496931782405
2021-02-05 21:00:00,1.9607100689628731
2021-02-05 22:00:00,1.1591993448758375
2021-02-05 23:00:00,0.9343224048879388
2021-02-06 00:00:00,-0.3928678347149657
2021-02-06 01:00:00,-0.2014171813348214
2021-02-06 02:00:00,0.5445695610992591
2021-02-06 03:00:00,1.813400572162876
2021-02-06 04:00:00,2.8001870855044286
2021-02-06 05:00:00,2.941882974692086
2021-02-06 06:00:00,3.965958223368705
2021-02-06 07:00:00,3.683244002112844
2021-02-06 08:00:00,3.8453712524105392
2021-02-06 09:00:00,4.23172936123298
2021-02-06 10:00:00,5.4308341271694855
2021-02-06 11:00:00,8.635062029103306
2021-02-06 12:00:00,10.254076208878525
2021-02-06 13:00:00,11.096543197937848
2021-02-06 14:00:00,10.861543235930457
2021-02-06 15:00:00,10.672592083453054
2021-02-06 16:00:00,9.90339473496624
2021-02-06 17:00:00,9.184629707791364
2021-02-06 18:00:00,7.747006110689401
2021-02-06 19:00:00,6.583640930975656
2021-02-06 20:00:00,7.011944081586094
2021-02-06 21:00:00,7.418765027174874
2021-02-06 22:00:00,7.421264528077619
2021-02-06 23:00:00,7.419598194142456
2021-02-07 00:00:00,7.269259415582729
2021-02-07 01:00:00,6.604383511781947
2021-02-07 02:00:00,6.048734511720477
2021-02-07 03:00:00,5.752067179590803
2021-02-07 04:00:00,5.353733513525966
2021-02-07 05:00:00,5.314443582488839
2021-02-07 06:00:00,4.936696887382167
2021-02-07 07:00:00,3.34175795628357
2021-02-07 08:00:00,3.4613561504260257
2021-02-07 09:00:00,3.454815833093889
2021-02-07 10:00:00,3.496760874881888
2021-02-07 11:00:00,3.335124096199219
2021-02-07 12:00:00,3.780401805857544
2021-02-07 13:00:00,3.85663777687718
2021-02-07 14:00:00,4.721669290526089
2021-02-07 15:00:00,5.710309223307233
2021-02-07 16:00:00,5.769352958334943
2021-02-07 17:00:00,5.005154611653617
2021-02-07 18:00:00,3.509382513587437
2021-02-07 19:00:00,2.408549346619856
2021-02-07 20:00:00,1.8965117222815464
2021-02-07 21:00:00,1.2333021524159284
2021-02-07 22:00:00,0.0623764028980363
2021-02-07 23:00:00,-0.8384567640695453
2021-02-08 00:00:00,-1.4255859727636544
2021-02-08 01:00:00,-1.4853072649108188
2021-02-08 02:00:00,-1.8177762503591657
2021-02-08 03:00:00,-1.790368333812221
2021-02-08 04:00:00,-2.039196388284912
2021-02-08 05:00:00,-2.4674374717994385
2021-02-08 06:00:00,-3.112715181457763
2021-02-08 07:00:00,-3.344350999938529
2021-02-08 08:00:00,-3.329813874697475
2021-02-08 09:00:00,-2.4502452358075124
2021-02-08 10:00:00,-1.788701999877058
2021-02-08 11:00:00,-1.3580549582120014
2021-02-08 12:00:00,-1.0016663339351632
2021-02-08 13:00:00,-0.6170366261437986
2021-02-08 14:00:00,-0.2957720980661793
2021-02-08 15:00:00,-0.2632095698656179
2021-02-08 16:00:00,-0.1299074174496894
2021-02-08 17:00:00,-0.5623764028980364
2021-02-08 18:00:00,-1.152993889310599
2021-02-08 19:00:00,-1.7392899310371266
2021-02-08 20:00:00,-2.189784319444981
2021-02-08 21:00:00,-2.2008331669675814
2021-02-08 22:00:00,-2.4024995009027448
2021-02-08 23:00:00,-2.749505611592145
2021-02-09 00:00:00,-2.9742584173882185
2021-02-09 01:00:00,-3.8392899310371273
2021-02-09 02:00:00,-4.215525902056763
2021-02-09 03:00:00,-5.601666333935164
2021-02-09 04:00:00,-5.810215680555019
2021-02-09 05:00:00,-6.246110876625906
2021-02-09 06:00:00,-6.472592083453055
2021-02-09 07:00:00,-6.555337780365216
2021-02-09 08:00:00,-5.781234972825125
2021-02-09 09:00:00,-3.5881179855098178
2021-02-09 10:00:00,-1.0485789018723497
2021-02-09 11:00:00,1.1823172923930487
2021-02-09 12:00:00,2.4959277079143067
2021-02-09 13:00:00,3.486545194326869
2021-02-09 14:00:00,4.053149499158726
2021-02-09 15:00:00,4.203488277718454
2021-02-09 16:00:00,3.893179054411221
2021-02-09 17:00:00,3.656388624276838
2021-02-09 18:00:00,2.288701999877058
2021-02-09 19:00:00,1.2587945824273683
2021-02-09 20:00:00,-0.1404657933572643
2021-02-09 21:00:00,-1.6112980001229422
2021-02-09 22:00:00,-1.4615432359304548
2021-02-09 23:00:00,-1.583796540823783
2021-02-10 00:00:00,-1.5744760943322584
2021-02-10 01:00:00,-2.335863720414586
2021-02-10 02:00:00,-1.9931475787549189
2021-02-10 03:00:00,-3.229167793234322
2021-02-10 04:00:00,-2.8220662193888995
2021-02-10 05:00:00,-3.741695889187657
2021-02-10 06:00:00,-3.015276749456421
2021-02-10 07:00:00,-3.445028557057983
2021-02-10 08:00:00,-2.4366348202862547
2021-02-10 09:00:00,-0.8461729437218193
2021-02-10 10:00:00,1.1666357804881586
2021-02-10 11:00:00,4.346110876625906
2021-02-10 12:00:00,7.184661183447666
2021-02-10 13:00:00,7.794043697035104
2021-02-10 14:00:00,7.861636778682669
2021-02-10 15:00:00,7.881234972825124
2021-02-10 16:00:00,7.971852459237688
2021-02-10 17:00:00,7.428241083514527
2021-02-10 18:00:00,5.8416958891876565
2021-02-10 19:00:00,4.127065221194389
2021-02-10 20:00:00,3.0434242902187325
2021-02-10 21:00:00,2.3733317076684224
2021-02-10 22:00:00,2.463022484361189
2021-02-10 23:00:00,1.9826521541599469
2021-02-11 00:00:00,1.5467569580890592
2021-02-11 01:00:00,1.6279919309141846
2021-02-11 02:00:00,1.2346257909985354
2021-02-11 03:00:00,1.19135711062793
2021-02-11 04:00:00,1.5008331669675816
2021-02-11 05:00:00,1.03413531938351
2021-02-11 06:00:00,1.1614496931782403
2021-02-11 07:00:00,0.3144435824888395
2021-02-11 08:00:00,1.0016663339351632
2021-02-11 09:00:00,2.321264528077619
2021-02-11 10:00:00,5.003239125118112
2021-02-11 11:00:00,7.071758916485473
2021-02-11 12:00:00,8.65539984746113
2021-02-11 13:00:00,9.240862722220076
2021-02-11 14:00:00,10.134041776631296
2021-02-11 15:00:00,11.335863720414586
2021-02-11 16:00:00,10.807467027051931
2021-02-11 17:00:00,9.702468025246445
2021-02-11 18:00:00,7.461262607673811
2021-02-11 19:00:00,6.383453845471227
2021-02-11 20:00:00,5.421910609540772
2021-02-11 21:00:00,4.635863720414585
2021-02-11 22:00:00,3.65722179124442
2021-02-11 23:00:00,3.358117025307914
2021-02-12 00:00:00,2.1640427368332
2021-02-12 01:00:00,1.7828077640080742
2021-02-12 02:00:00,1.1435178329709474
2021-02-12 03:00:00,0.8146927350891812
2021-02-12 04:00:00,0.3230864718609097
2021-02-12 05:00:00,-0.0187650271748746
2021-02-12 06:00:00,-0.232468985448347
2021-02-12 07:00:00,-0.5529938893105991
2021-02-12 08:00:00,-0.4162970019284314
2021-02-12 09:00:00,1.966542237735944
2021-02-12 10:00:00,4.880985820224783
2021-02-12 11:00:00,6.992034667747383
2021-02-12 12:00:00,9.9441953900904
2021-02-12 13:00:00,11.305894235868983
2021-02-12 14:00:00,12.93753005434975
2021-02-12 15:00:00,13.170925749517892
2021-02-12 16:00:00,11.875122175795411
2021-02-12 17:00:00,10.951046927118792
2021-02-12 18:00:00,8.997897427960066
2021-02-12 19:00:00,6.781881054288278
2021-02-12 20:00:00,5.392096734843297
2021-02-12 21:00:00,3.916943083391584
2021-02-12 22:00:00,2.6766643755387487
2021-02-12 23:00:00,1.6527447367102577
2021-02-13 00:00:00,0.5586389725792411
2021-02-13 01:00:00,0.4562330144287109
2021-02-13 02:00:00,-0.4000935427522143
2021-02-13 03:00:00,-0.8034882777184535
2021-02-13 04:00:00,-1.5009887768157086
2021-02-13 05:00:00,-1.829074250482108
2021-02-13 06:00:00,-1.9358016533186733
2021-02-13 07:00:00,-1.9667599146799843
2021-02-13 08:00:00,-2.204134359181606
2021-02-13 09:00:00,-1.3494120688399311
2021-02-13 10:00:00,-0.2126216387055491
2021-02-13 11:00:00,2.838853692932356
2021-02-13 12:00:00,5.058731631114766
2021-02-13 13:00:00,10.380860801816269
2021-02-13 14:00:00,12.877559609602244
2021-02-13 15:00:00,14.495491469809537
2021-02-13 16:00:00,14.71185053883388
2021-02-13 17:00:00,11.087650271748746
2021-02-13 18:00:00,9.13974892699585
2021-02-13 19:00:00,6.713851734535941
2021-02-13 20:00:00,4.975644123066738
2021-02-13 21:00:00,3.770427444317209
2021-02-13 22:00:00,2.7200265986615686
2021-02-13 23:00:00,2.9341353193835102
2021-02-14 00:00:00,2.956388624276838
2021-02-14 01:00:00,2.0647823610485667
2021-02-14 02:00:00,1.4194425842943288
2021-02-14 03:00:00,2.4059877786211983
2021-02-14 04:00:00,2.489784319444981
2021-02-14 05:00:00,3.1674374717994382
2021-02-14 06:00:00,3.2144435824888395
2021-02-14 07:00:00,3.109872985202463
2021-02-14 08:00:00,2.956233014428711
2021-02-14 09:00:00,5.089441624092425
2021-02-14 10:00:00,7.628147540762312
2021-02-14 11:00:00,9.334010300974994
2021-02-14 12:00:00,10.921910609540772
2021-02-14 13:00:00,11.379194467881105
2021-02-14 14:00:00,12.063949194080983
2021-02-14 15:00:00,12.387713223061349
2021-02-14 16:00:00,12.457066181396293
2021-02-14 17:00:00,11.520337818357822
2021-02-14 18:00:00,9.280027634848686
2021-02-14 19:00:00,8.60561360761234
2021-02-14 20:00:00,7.644997081401682
2021-02-14 21:00:00,6.92789838816197
2021-02-14 22:00:00,6.16827063876702
2021-02-14 23:00:00,6.204967526149188
2021-02-15 00:00:00,6.498240123312622
2021-02-15 01:00:00,6.0246592630438585
2021-02-15 02:00:00,6.147839277656981
2021-02-15 03:00:00,5.679568638889963
2021-02-15 04:00:00,5.174414027236345
2021-02-15 05:00:00,5.027407916546944
2021-02-15 06:00:00,4.902655110750872
2021-02-15 07:00:00,5.100988776815708
2021-02-15 08:00:00,4.552900346558385
2021-02-15 09:00:00,3.1717589164854734
2021-02-15 10:00:00,1.881141430072911
2021-02-15 11:00:00,1.9736744030209783
2021-02-15 12:00:00,2.8360508059190157
2021-02-15 13:00:00,2.4658026135205766
2021-02-15 14:00:00,2.3094760563396517
2021-02-15 15:00:00,1.235062029103306
2021-02-15 16:00:00,0.6426846660033658
2021-02-15 17:00:00,-0.3427782087555802
2021-02-15 18:00:00,-1.7043214446860353
2021-02-15 19:00:00,-1.7725920834530553
2021-02-15 20:00:00,-1.887129208694109
2021-02-15 21:00:00,-2.129074250482108
2021-02-15 22:00:00,-2.0588881251795828
2021-02-15 23:00:00,-2.146017333873692
2021-02-16 00:00:00,-1.9887019998770576
2021-02-16 01:00:00,-2.288701999877058
2021-02-16 02:00:00,-2.5793194862896205
2021-02-16 03:00:00,-2.8895351668446394
2021-02-16 04:00:00,-3.707560569804147
2021-02-16 05:00:00,-4.403239125118112
2021-02-16 06:00:00,-5.705894235868984
2021-02-16 07:00:00,-5.940029555252494
2021-02-16 08:00:00,-5.14799488750511
2021-02-16 09:00:00,-2.508455803867641
2021-02-16 10:00:00,-1.4024059581505304
2021-02-16 11:00:00,-1.0084558038676414
2021-02-16 12:00:00,-1.222837319260568
2021-02-16 13:00:00,-0.7906174864125628
2021-02-16 14:00:00,-3.4615432359304545
2021-02-16 15:00:00,-3.526419139731236
2021-02-16 16:00:00,-3.3691038057346017
2021-02-16 17:00:00,-2.6358016533186728
2021-02-16 18:00:00,-3.300833166967581
2021-02-16 19:00:00,-3.759721292147164
2021-02-16 20:00:00,-3.283640930975656
2021-02-16 21:00:00,-3.858888125179583
2021-02-16 22:00:00,-4.269103805734602
2021-02-16 23:00:00,-4.1691038057346015
2021-02-17 00:00:00,-4.769103805734602
2021-02-17 01:00:00,-5.406727402836565
2021-02-17 02:00:00,-5.564782361048566
2021-02-17 03:00:00,-5.650245235807513
2021-02-17 04:00:00,-6.327158763946603
2021-02-17 05:00:00,-6.698084513464495
2021-02-17 06:00:00,-6.994596235746041
2021-02-17 07:00:00,-7.408300194019514
2021-02-17 08:00:00,-7.598917680432076
2021-02-17 09:00:00,-7.151078402775094
2021-02-17 10:00:00,-6.797251346496914
2021-02-17 11:00:00,-6.95539984746113
2021-02-17 12:00:00,-6.66644869498373
2021-02-17 13:00:00,-6.346850500841273
2021-02-17 14:00:00,-5.684474097943237
2021-02-17 15:00:00,-5.228085473666399
2021-02-17 16:00:00,-5.463209569865618
2021-02-17 17:00:00,-5.329074250482107
2021-02-17 18:00:00,-5.9358016533186735
2021-02-17 19:00:00,-6.059721292147165
2021-02-17 20:00:00,-6.227158763946603
2021-02-17 21:00:00,-6.656233014428711
2021-02-17 22:00:00,-6.609133360987096
2021-02-17 23:00:00,-6.998917680432077
2021-02-18 00:00:00,-6.77067659691755
2021-02-18 01:00:00,-6.822837319260568
2021-02-18 02:00:00,-6.984380555191023
2021-02-18 03:00:00,-7.284380555191023
2021-02-18 04:00:00,-7.509133360987095
2021-02-18 05:00:00,-7.5945962357460415
2021-02-18 06:00:00,-7.746756958089058
2021-02-18 07:00:00,-7.769843429949969
2021-02-18 08:00:00,-7.0526511939580425
2021-02-18 09:00:00,-5.776570832786534
2021-02-18 10:00:00,-4.570676596917551
2021-02-18 11:00:00,-3.874164874636004
2021-02-18 12:00:00,-3.0955850125617506
2021-02-18 13:00:00,-2.174998041603586
2021-02-18 14:00:00,-1.4965117222815465
2021-02-18 15:00:00,-1.1212645280776192
2021-02-18 16:00:00,-0.9435178329709476
2021-02-18 17:00:00,-0.7674374717994386
2021-02-18 18:00:00,-1.672592083453055
2021-02-18 19:00:00,-2.176080361171509
2021-02-18 20:00:00,-2.7700305154543976
2021-02-18 21:00:00,-3.765958223368704
2021-02-18 22:00:00,-4.459814834899379
2021-02-18 23:00:00,-4.864875903800781
2021-02-19 00:00:00,-5.406081321373413
2021-02-19 01:00:00,-5.779413029041836
2021-02-19 02:00:00,-5.89055541931665
2021-02-19 03:00:00,-6.57268562620527
2021-02-19 04:00:00,-6.417036626143798
2021-02-19 05:00:00,-6.507654112556361
2021-02-19 06:00:00,-6.414599192336967
2021-02-19 07:00:00,-6.793950154282889
2021-02-19 08:00:00,-5.304383511781948
2021-02-19 09:00:00,-2.927563526395072
2021-02-19 10:00:00,-0.158304110812343
2021-02-19 11:00:00,2.8640427368331998
2021-02-19 12:00:00,6.24719319619383
2021-02-19 13:00:00,9.0309276699217
2021-02-19 14:00:00,10.099260375784633
2021-02-19 15:00:00,10.429907417449687
2021-02-19 16:00:00,9.810215680555018
2021-02-19 17:00:00,8.652067179590805
2021-02-19 18:00:00,7.136696887382167
2021-02-19 19:00:00,5.863271636961531
2021-02-19 20:00:00,5.2403407749487485
2021-02-19 21:00:00,5.810464833155361
2021-02-19 22:00:00,6.125001958396414
2021-02-19 23:00:00,6.148921597224906
2021-02-20 00:00:00,6.17972424873809
2021-02-20 01:00:00,5.872163678933942
2021-02-20 02:00:00,6.525064025492327
2021-02-20 03:00:00,6.538028359550433
2021-02-20 04:00:00,6.39018908189345
2021-02-20 05:00:00,5.343681276404732
2021-02-20 06:00:00,5.856396457862496
2021-02-20 07:00:00,4.983212526456542
2021-02-20 08:00:00,4.368613334119576
2021-02-20 09:00:00,6.669446501087157
2021-02-20 10:00:00,9.170373210806954
2021-02-20 11:00:00,10.618952112679304
2021-02-20 12:00:00,12.301697809591465
2021-02-20 13:00:00,13.865958223368704
2021-02-20 14:00:00,13.583796540823784
2021-02-20 15:00:00,14.641111874820416
2021-02-20 16:00:00,13.470676596917553
2021-02-20 17:00:00,13.807467027051931
2021-02-20 18:00:00,12.416016373671788
2021-02-20 19:00:00,9.505645083268645
2021-02-20 20:00:00,8.004289969029733
2021-02-20 21:00:00,7.097749651697596
2021-02-20 22:00:00,6.710620443003488
2021-02-20 23:00:00,6.826823902179704
2021-02-21 00:00:00,5.878494152907697
2021-02-21 01:00:00,5.80404865001505
2021-02-21 02:00:00,5.34784711124264
2021-02-21 03:00:00,5.891147267269548
2021-02-21 04:00:00,6.616826782785417
2021-02-21 05:00:00,6.763031202163537
2021-02-21 06:00:00,6.859792077045425
2021-02-21 07:00:00,7.1826914634019055
2021-02-21 08:00:00,7.992907143956925
2021-02-21 09:00:00,10.456949880790123
2021-02-21 10:00:00,13.794137239787318
2021-02-21 11:00:00,16.923024404764995
2021-02-21 12:00:00,18.501759876687377
2021-02-21 13:00:00,18.90175987668738
2021-02-21 14:00:00,19.185245197814908
2021-02-21 15:00:00,19.191139433683887
2021-02-21 16:00:00,18.64851683477644
2021-02-21 17:00:00,16.857961415459787
2021-02-21 18:00:00,14.404289969029731
2021-02-21 19:00:00,12.56644869498373
2021-02-21 20:00:00,11.842435513403023
2021-02-21 21:00:00,11.1192869744462
2021-02-21 22:00:00,10.646601348240932
2021-02-21 23:00:00,10.825181210315186
2021-02-22 00:00:00,10.389566642500942
2021-02-22 01:00:00,10.700342695352557
2021-02-22 02:00:00,9.984661183447663
2021-02-22 03:00:00,9.868519791367362
2021-02-22 04:00:00,8.734852185744924
2021-02-22 05:00:00,8.592720058452496
2021-02-22 06:00:00,7.511578628379585
2021-02-22 07:00:00,7.034914252840836
2021-02-22 08:00:00,6.4561403558931865
2021-02-22 09:00:00,9.674570521301163
2021-02-22 10:00:00,11.633395695168144
2021-02-22 11:00:00,9.961294083330111
2021-02-22 12:00:00,10.127252306698818
2021-02-22 13:00:00,9.49376306877846
2021-02-22 14:00:00,8.998084513464494
2021-02-22 15:00:00,9.965771137864277
2021-02-22 16:00:00,10.364042736833198
2021-02-22 17:00:00,9.786296041726526
2021-02-22 18:00:00,7.146017333873692
2021-02-22 19:00:00,5.100833166967582
2021-02-22 20:00:00,3.815276749456421
2021-02-22 21:00:00,2.6905239436603483
2021-02-22 22:00:00,2.066604304831857
2021-02-22 23:00:00,1.4461729437218194
2021-02-23 00:00:00,1.2804018058575437
2021-02-23 01:00:00,0.7599704447475062
2021-02-23 02:00:00,0.0120376243383092
2021-02-23 03:00:00,-0.7373744445016219
2021-02-23 04:00:00,-1.3733317076684224
2021-02-23 05:00:00,-0.910215680555019
2021-02-23 06:00:00,-1.6895351668446394
2021-02-23 07:00:00,-1.9059877786211985
2021-02-23 08:00:00,-1.294012221378802
2021-02-23 09:00:00,-0.078486319322039
2021-02-23 10:00:00,0.4419450417879986
2021-02-23 11:00:00,1.098333666064837
2021-02-23 12:00:00,2.2734252504206367
2021-02-23 13:00:00,2.312621638705549
2021-02-23 14:00:00,2.3091333609870954
2021-02-23 15:00:00,2.4313866658804235
2021-02-23 16:00:00,2.540029555252494
2021-02-23 17:00:00,1.8862024989743131
2021-02-23 18:00:00,1.1905239436603483
2021-02-23 19:00:00,0.5109553047703861
2021-02-23 20:00:00,-0.0984272088170512
2021-02-23 21:00:00,-1.0221912377974152
2021-02-23 22:00:00,-1.2990112231842912
2021-02-23 23:00:00,-1.7135483484253449
2021-02-24 00:00:00,-1.9339797095353828
2021-02-24 01:00:00,-1.772436473604928
2021-02-24 02:00:00,-1.4613876260823275
2021-02-24 03:00:00,-1.1981780562167097
2021-02-24 04:00:00,-1.1067274028365657
2021-02-24 05:00:00,-1.340029555252494
2021-02-24 06:00:00,-1.4358016533186733
2021-02-24 07:00:00,-1.980401805857544
2021-02-24 08:00:00,-1.6349684863510916
2021-02-24 09:00:00,0.4120376243383092
2021-02-24 10:00:00,1.88271422125586
2021-02-24 11:00:00,3.519598194142456
2021-02-24 12:00:00,4.717098693239711
2021-02-24 13:00:00,6.7381761358129015
2021-02-24 14:00:00,7.369999039798096
2021-02-24 15:00:00,8.100801691311279
2021-02-24 16:00:00,7.985275789254516
2021-02-24 17:00:00,7.216911607735282
2021-02-24 18:00:00,5.641664413531355
2021-02-24 19:00:00,3.843175137618391
2021-02-24 20:00:00,2.368021486166678
2021-02-24 21:00:00,1.5631160271134037
2021-02-24 22:00:00,0.4443509999385289
2021-02-24 23:00:00,-0.4822237496408342
2021-02-25 00:00:00,-0.7472552632897426
2021-02-25 01:00:00,-1.4472552632897426
2021-02-25 02:00:00,-1.5255859727636545
2021-02-25 03:00:00,-1.7024995009027446
2021-02-25 04:00:00,-2.2180254029595075
2021-02-25 05:00:00,-1.6246592630438583
2021-02-25 06:00:00,-1.4597212921471645
2021-02-25 07:00:00,-1.2709257495178925
2021-02-25 08:00:00,-0.3034882777184535
2021-02-25 09:00:00,0.9504943884078544
2021-02-25 10:00:00,2.4983336660648368
2021-02-25 11:00:00,4.222253304893329
2021-02-25 12:00:00,5.305061068901402
2021-02-25 13:00:00,6.343424290218733
2021-02-25 14:00:00,7.089535166844639
2021-02-25 15:00:00,7.337530054349749
2021-02-25 16:00:00,7.401572791182948
2021-02-25 17:00:00,7.324659263043857
2021-02-25 18:00:00,6.9571282484922055
2021-02-25 19:00:00,6.294596235746042
2021-02-25 20:00:00,5.413361262920915
2021-02-25 21:00:00,4.516943083391584
2021-02-25 22:00:00,4.165521985263934
2021-02-25 23:00:00,3.581881054288278
2021-02-26 00:00:00,2.3118820144901817
2021-02-26 01:00:00,2.055983861828369
2021-02-26 02:00:00,2.367126252103184
2021-02-26 03:00:00,2.3623143358021235
2021-02-26 04:00:00,1.730491431816929
2021-02-26 05:00:00,0.3107376278263457
2021-02-26 06:00:00,-0.0654362760973774
2021-02-26 07:00:00,0.3198709888134413
2021-02-26 08:00:00,3.006509725892525
2021-02-26 09:00:00,5.032219832848005
2021-02-26 10:00:00,8.253484360925624
2021-02-26 11:00:00,11.122004152292986
2021-02-26 12:00:00,12.695678555313965
2021-02-26 13:00:00,14.48876406697297
2021-02-26 14:00:00,15.09657378937746
2021-02-26 15:00:00,15.39558501256175
2021-02-26 16:00:00,14.522004152292986
2021-02-26 17:00:00,12.887004190285596
2021-02-26 18:00:00,10.61582928816736
2021-02-26 19:00:00,9.730366413408412
2021-02-26 20:00:00,8.400303386110597
2021-02-26 21:00:00,7.553297275421196
2021-02-26 22:00:00,5.74292598501805
2021-02-26 23:00:00,5.505457997764213
2021-02-27 00:00:00,5.645612571425223
2021-02-27 01:00:00,6.064564684104527
2021-02-27 02:00:00,5.499688780303744
2021-02-27 03:00:00,4.794689778498256
2021-02-27 04:00:00,4.438301154221418
2021-02-27 05:00:00,4.049505611592146
2021-02-27 06:00:00,2.940091622348407
2021-02-27 07:00:00,3.251911569742676
2021-02-27 08:00:00,3.863949194080985
2021-02-27 09:00:00,6.449256458991803
2021-02-27 10:00:00,9.06968782010184
2021-02-27 11:00:00,11.038518831165458
2021-02-27 12:00:00,12.520649038054078
2021-02-27 13:00:00,13.072070136181727
2021-02-27 14:00:00,13.583858607919696
2021-02-27 15:00:00,13.80345680206215
2021-02-27 16:00:00,13.273642927364676
2021-02-27 17:00:00,12.2050610689014
2021-02-27 18:00:00,11.196511722281546
2021-02-27 19:00:00,9.767531014551652
2021-02-27 20:00:00,8.69660526503376
2021-02-27 21:00:00,7.905154611653616
2021-02-27 22:00:00,6.999260375784633
2021-02-27 23:00:00,6.143611375723161
2021-02-28 00:00:00,5.464875903800781
2021-02-28 01:00:00,4.432406918352434
2021-02-28 02:00:00,4.072436473604927
2021-02-28 03:00:00,3.0774975425063302
2021-02-28 04:00:00,2.9083937367717283
2021-02-28 05:00:00,2.486327517382829
2021-02-28 06:00:00,2.986233974630615
2021-02-28 07:00:00,3.0494435444962327
2021-02-28 08:00:00,4.639289931037126
2021-02-28 09:00:00,5.542529056155239
2021-02-28 10:00:00,6.473331707668422
2021-02-28 11:00:00,7.716943083391584
2021-02-28 12:00:00,9.739445540885251
2021-02-28 13:00:00,11.904967526149186
2021-02-28 14:00:00,11.402561567998656
2021-02-28 15:00:00,10.270832206765675
2021-02-28 16:00:00,10.943424290218733
2021-02-28 17:00:00,10.380214720353116
2021-02-28 18:00:00,10.333208609663714
2021-02-28 19:00:00,9.436603344629956
2021-02-28 20:00:00,8.588608457124844
2021-02-28 21:00:00,8.101417181334822
2021-02-28 22:00:00,7.637436511597535
2021-02-28 23:00:00,7.840769179467861
2021-03-01 00:00:00,7.851818026990461
2021-03-01 01:00:00,8.710893237674473
2021-03-01 02:00:00,7.071758916485473
2021-03-01 03:00:00,6.582068139792708
2021-03-01 04:00:00,6.305894235868983
2021-03-01 05:00:00,6.105061068901401
2021-03-01 06:00:00,6.201666333935163
2021-03-01 07:00:00,6.173425250420637
2021-03-01 08:00:00,7.113486281329433
2021-03-01 09:00:00,7.582745696912161
2021-03-01 10:00:00,7.217838317455079
2021-03-01 11:00:00,6.921077442573191
2021-03-01 12:00:00,6.880308263105329
2021-03-01 13:00:00,7.537623597101962
2021-03-01 14:00:00,7.970925749517892
2021-03-01 15:00:00,8.396511722281547
2021-03-01 16:00:00,7.64857890187235
2021-03-01 17:00:00,6.619598194142456
2021-03-01 18:00:00,6.023180014613123
2021-03-01 19:00:00,5.15481583309389
2021-03-01 20:00:00,4.283890083575997
2021-03-01 21:00:00,3.2360508059190147
2021-03-01 22:00:00,2.1728412360533973
2021-03-01 23:00:00,1.382223749640834
2021-03-02 00:00:00,1.455649000061471
2021-03-02 01:00:00,1.3650315136489084
2021-03-02 02:00:00,1.3744140272363456
2021-03-02 03:00:00,1.347006110689401
2021-03-02 04:00:00,1.3230864718609094
2021-03-02 05:00:00,1.361543235930455
2021-03-02 06:00:00,1.5085493466198558
2021-03-02 07:00:00,1.470925749517892
2021-03-02 08:00:00,1.651327555375436
2021-03-02 09:00:00,2.050494388407854
2021-03-02 10:00:00,2.612037624338309
2021-03-02 11:00:00,4.008549346619856
2021-03-02 12:00:00,4.558304110812343
2021-03-02 13:00:00,5.036112873014927
2021-03-02 14:00:00,5.573518793172852
2021-03-02 15:00:00,5.998333666064837
2021-03-02 16:00:00,6.06827063876702
2021-03-02 17:00:00,5.443517832970947
2021-03-02 18:00:00,4.7110488475226
2021-03-02 19:00:00,3.4828077640080743
2021-03-02 20:00:00,2.555399847461129
2021-03-02 21:00:00,1.136790430134382
2021-03-02 22:00:00,0.4871292086941091
2021-03-02 23:00:00,0.3579614154597869
2021-03-03 00:00:00,-0.7436113757231617
2021-03-03 01:00:00,-0.671852459237688
2021-03-03 02:00:00,-1.1059877786211982
2021-03-03 03:00:00,-1.1804018058575438
2021-03-03 04:00:00,-1.330740584417271
2021-03-03 05:00:00,-1.6734252504206366
2021-03-03 06:00:00,-2.0239196388284912
2021-03-03 07:00:00,-1.8255859727636543
2021-03-03 08:00:00,-0.7290742504821078
2021-03-03 09:00:00,1.9921282104995988
2021-03-03 10:00:00,3.688795542629272
2021-03-03 11:00:00,6.138239087125505
2021-03-03 12:00:00,7.114381515392926
2021-03-03 13:00:00,8.277591085258544
2021-03-03 14:00:00,8.394012221378802
2021-03-03 15:00:00,9.625585972763655
2021-03-03 16:00:00,9.220431361110036
2021-03-03 17:00:00,9.023919638828492
2021-03-03 18:00:00,7.580152653257202
2021-03-03 19:00:00,5.8964181795293324
2021-03-03 20:00:00,4.745090624153896
2021-03-03 21:00:00,3.952744736710257
2021-03-03 22:00:00,3.24095626497229
2021-03-03 23:00:00,2.9329909327196737
2021-03-04 00:00:00,2.297344889249128
2021-03-04 01:00:00,1.7334577622640557
2021-03-04 02:00:00,1.436050805919015
2021-03-04 03:00:00,1.8104648331553603
2021-03-04 04:00:00,2.183890083575997
2021-03-04 05:00:00,2.3855564175111605
2021-03-04 06:00:00,2.3265126824834503
2021-03-04 07:00:00,2.073425250420637
2021-03-04 08:00:00,2.9136418911775595
2021-03-04 09:00:00,4.687222751446323
2021-03-04 10:00:00,6.787129208694109
2021-03-04 11:00:00,8.167375404703526
2021-03-04 12:00:00,9.028980707729891
2021-03-04 13:00:00,10.412715181457765
2021-03-04 14:00:00,11.067593081647566
2021-03-04 15:00:00,11.798489275912964
2021-03-04 16:00:00,11.480308263105329
2021-03-04 17:00:00,11.648828054472691
2021-03-04 18:00:00,9.69135711062793
2021-03-04 19:00:00,8.383796540823782
2021-03-04 20:00:00,7.583734473727869
2021-03-04 21:00:00,6.539967488156581
2021-03-04 22:00:00,6.216881016295671
2021-03-04 23:00:00,5.791972600651472
2021-03-05 00:00:00,4.190212723964094
2021-03-05 01:00:00,3.026357072635323
2021-03-05 02:00:00,2.7589816679317973
2021-03-05 03:00:00,1.7015107240870355
2021-03-05 04:00:00,1.967531014551653
2021-03-05 05:00:00,1.4411118748204172
2021-03-05 06:00:00,1.0117264046420549
2021-03-05 07:00:00,-0.3128087242099778
2021-03-05 08:00:00,1.7207425808062924
2021-03-05 09:00:00,4.075986818419294
2021-03-05 10:00:00,6.710433357499059
2021-03-05 11:00:00,9.73169788557668
2021-03-05 12:00:00,11.866604304831856
2021-03-05 13:00:00,13.77589327566708
2021-03-05 14:00:00,14.121326595173532
2021-03-05 15:00:00,14.335801653318672
2021-03-05 16:00:00,13.318765027174877
2021-03-05 17:00:00,12.499750847399657
2021-03-05 18:00:00,10.827898388161971
2021-03-05 19:00:00,9.320337818357824
2021-03-05 20:00:00,7.865615528016148
2021-03-05 21:00:00,6.918609417326747
2021-03-05 22:00:00,6.222253304893329
2021-03-05 23:00:00,5.051171945527308
2021-03-06 00:00:00,3.866697847584071
2021-03-06 01:00:00,4.136790430134382
2021-03-06 02:00:00,4.30182194378329
2021-03-06 03:00:00,4.350494388407855
2021-03-06 04:00:00,4.426574749579363
2021-03-06 05:00:00,4.517192235991926
2021-03-06 06:00:00,4.550494388407854
2021-03-06 07:00:00,4.616359069024345
2021-03-06 08:00:00,4.675247194203926
2021-03-06 09:00:00,4.95904373502771
2021-03-06 10:00:00,5.90762263690006
2021-03-06 11:00:00,7.741664413531355
2021-03-06 12:00:00,10.479132400785192
2021-03-06 13:00:00,12.104967526149188
2021-03-06 14:00:00,11.872809760397097
2021-03-06 15:00:00,10.570154649646224
2021-03-06 16:00:00,10.524752805796073
2021-03-06 17:00:00,9.5529938893106
2021-03-06 18:00:00,8.36586468061649
2021-03-06 19:00:00,7.380401805857543
2021-03-06 20:00:00,6.429074250482108
2021-03-06 21:00:00,5.984567640695451
2021-03-06 22:00:00,5.382068139792707
2021-03-06 23:00:00,4.729907417449689
2021-03-07 00:00:00,4.481234972825125
2021-03-07 01:00:00,4.214537125241054
2021-03-07 02:00:00,3.890617486412563
2021-03-07 03:00:00,3.438456764069545
2021-03-07 04:00:00,3.637623597101964
2021-03-07 05:00:00,3.5
2021-03-07 06:00:00,3.409476056339652
2021-03-07 07:00:00,3.5608036117150874
2021-03-07 08:00:00,3.8059877786211977
2021-03-07 09:00:00,4.977746695106672
2021-03-07 10:00:00,6.318765027174875
2021-03-07 11:00:00,8.147715143465156
2021-03-07 12:00:00,7.663209569865618
2021-03-07 13:00:00,9.784107760520037
2021-03-07 14:00:00,9.619753803990584
2021-03-07 15:00:00,10.483796540823782
2021-03-07 16:00:00,10.041851499035785
2021-03-07 17:00:00,8.851973636838588
2021-03-07 18:00:00,7.931386665880423
2021-03-07 19:00:00,6.75962774939495
2021-03-07 20:00:00,5.737374444501621
2021-03-07 21:00:00,4.869936972702183
2021-03-07 22:00:00,4.388701999877058
2021-03-07 23:00:00,3.2110488475226004
2021-03-08 00:00:00,2.246017333873692
2021-03-08 01:00:00,1.6468505008412735
2021-03-08 02:00:00,1.9647823610485664
2021-03-08 03:00:00,1.0862960417265275
2021-03-08 04:00:00,0.8699369727021833
2021-03-08 05:00:00,0.2358637204145861
2021-03-08 06:00:00,0.1655219852639338
2021-03-08 07:00:00,-0.1386438495739738
2021-03-08 08:00:00,0.582869831103987
2021-03-08 09:00:00,1.934384471983852
2021-03-08 10:00:00,2.7941057641310163
2021-03-08 11:00:00,4.728085473666399
2021-03-08 12:00:00,7.215276749456421
2021-03-08 13:00:00,10.03512409619922
2021-03-08 14:00:00,11.40163485827886
2021-03-08 15:00:00,11.909195428083008
2021-03-08 16:00:00,11.317744774702865
2021-03-08 17:00:00,9.714256496984412
2021-03-08 18:00:00,8.332959457063373
2021-03-08 19:00:00,6.900490471615026
2021-03-08 20:00:00,5.595335859961409
2021-03-08 21:00:00,4.2204313611100375
2021-03-08 22:00:00,3.4365412775340403
2021-03-08 23:00:00,2.611788471737968
2021-03-09 00:00:00,1.768115028918893
2021-03-09 01:00:00,1.654566680493548
2021-03-09 02:00:00,1.1570661813962924
2021-03-09 03:00:00,0.4084558038676414
2021-03-09 04:00:00,-0.0198473467427978
2021-03-09 05:00:00,0.1349684863510916
2021-03-09 06:00:00,-0.1623764028980364
2021-03-09 07:00:00,-0.0504943884078544
2021-03-09 08:00:00,1.0041658348379077
2021-03-09 09:00:00,3.582901306760288
2021-03-09 10:00:00,4.871758916485474
2021-03-09 11:00:00,7.277746695106671
2021-03-09 12:00:00,9.250494388407851
2021-03-09 13:00:00,10.078641929170166
2021-03-09 14:00:00,10.78536933200673
2021-03-09 15:00:00,10.640185165100622
2021-03-09 16:00:00,10.332468985448347
2021-03-09 17:00:00,10.008549346619857
2021-03-09 18:00:00,8.508549346619855
2021-03-09 19:00:00,7.111882014490181
2021-03-09 20:00:00,6.232468985448348
2021-03-09 21:00:00,4.976819985386875
2021-03-09 22:00:00,4.229658264849348
2021-03-09 23:00:00,3.3896287095968534
2021-03-10 00:00:00,3.059721292147165
2021-03-10 01:00:00,1.8948453883463832
2021-03-10 02:00:00,1.6581170253079145
2021-03-10 03:00:00,0.7137039582734723
2021-03-10 04:00:00,0.4341353193835101
2021-03-10 05:00:00,0.1417894319398713
2021-03-10 06:00:00,-0.618858569927089
2021-03-10 07:00:00,-0.3734252504206368
2021-03-10 08:00:00,1.0998443901518726
2021-03-10 09:00:00,4.3333021524159285
2021-03-10 10:00:00,6.998240123312622
2021-03-10 11:00:00,9.145923791121476
2021-03-10 12:00:00,11.1861089562221
2021-03-10 13:00:00,13.124565720291644
2021-03-10 14:00:00,14.204134359181603
2021-03-10 15:00:00,15.652962413654295
2021-03-10 16:00:00,16.07432048448413
2021-03-10 17:00:00,15.59641817952933
2021-03-10 18:00:00,12.199470219143016
2021-03-10 19:00:00,10.731939204591365
2021-03-10 20:00:00,7.814194429888498
2021-03-10 21:00:00,6.779319486289621
2021-03-10 22:00:00,5.100677557119454
2021-03-10 23:00:00,4.522775252164655
2021-03-11 00:00:00,4.097189279401
2021-03-11 01:00:00,3.6895351668446392
2021-03-11 02:00:00,2.5425290561552383
2021-03-11 03:00:00,2.2442574571863143
2021-03-11 04:00:00,1.6837965408237827
2021-03-11 05:00:00,1.4195981941424562
2021-03-11 06:00:00,1.526419139731236
2021-03-11 07:00:00,1.1224089147414555
2021-03-11 08:00:00,2.2521607223430173
2021-03-11 09:00:00,5.049505611592146
2021-03-11 10:00:00,7.917776250359165
2021-03-11 11:00:00,11.747839277656984
2021-03-11 12:00:00,12.836634820286257
2021-03-11 13:00:00,13.98552494185486
2021-03-11 14:00:00,14.738363221317329
2021-03-11 15:00:00,14.793918678626586
2021-03-11 16:00:00,13.777528133945944
2021-03-11 17:00:00,12.298053037808192
2021-03-11 18:00:00,11.52447217753943
2021-03-11 19:00:00,10.29616902692899
2021-03-11 20:00:00,9.301323638582607
2021-03-11 21:00:00,8.71768270760695
2021-03-11 22:00:00,7.893950154282889
2021-03-11 23:00:00,7.712870791305891
2021-03-12 00:00:00,7.540123098004708
2021-03-12 01:00:00,7.321264528077619
2021-03-12 02:00:00,6.939289931037127
2021-03-12 03:00:00,6.684629707791364
2021-03-12 04:00:00,6.952993889310599
2021-03-12 05:00:00,7.315370292208636
2021-03-12 06:00:00,6.971758916485474
2021-03-12 07:00:00,6.6411118748204165
2021-03-12 08:00:00,6.962376402898037
2021-03-12 09:00:00,7.429074250482107
2021-03-12 10:00:00,7.813703958273471
2021-03-12 11:00:00,9.308393736771729
2021-03-12 12:00:00,10.087035665941894
2021-03-12 13:00:00,10.6668534574322
2021-03-12 14:00:00,9.927407916546944
2021-03-12 15:00:00,9.556482167029053
2021-03-12 16:00:00,9.408549346619855
2021-03-12 17:00:00,9.99916683303242
2021-03-12 18:00:00,10.107716179652272
2021-03-12 19:00:00,9.472592083453057
2021-03-12 20:00:00,8.669999039798096
2021-03-12 21:00:00,8.947901344752896
2021-03-12 22:00:00,7.829875941793388
2021-03-12 23:00:00,7.57953716323366
2021-03-13 00:00:00,6.994907455442297
2021-03-13 01:00:00,6.432157765752092
2021-03-13 02:00:00,5.618858569927089
2021-03-13 03:00:00,4.310955304770386
2021-03-13 04:00:00,3.607560569804147
2021-03-13 05:00:00,3.7018219437832895
2021-03-13 06:00:00,2.1092269037393097
2021-03-13 07:00:00,1.9931790544112205
2021-03-13 08:00:00,3.973580860268764
2021-03-13 09:00:00,7.046172943721819
2021-03-13 10:00:00,9.054535204837247
2021-03-13 11:00:00,11.353577903677838
2021-03-13 12:00:00,12.23070910876097
2021-03-13 13:00:00,13.004321444686036
2021-03-13 14:00:00,13.543517832970949
2021-03-13 15:00:00,13.478641929170166
2021-03-13 16:00:00,12.510955304770384
2021-03-13 17:00:00,11.754566680493546
2021-03-13 18:00:00,10.430647041665056
2021-03-13 19:00:00,8.882807764008074
2021-03-13 20:00:00,7.982901306760288
2021-03-13 21:00:00,7.512037624338309
2021-03-13 22:00:00,6.585307264910819
2021-03-13 23:00:00,5.310893237674473
2021-03-14 00:00:00,5.007311417203805
2021-03-14 01:00:00,4.90762263690006
2021-03-14 02:00:00,4.326232054226807
2021-03-14 03:00:00,3.154566680493548
2021-03-14 04:00:00,2.993023444563093
2021-03-14 05:00:00,2.113610415521258
2021-03-14 06:00:00,2.021170985325405
2021-03-14 07:00:00,2.041851499035784
2021-03-14 08:00:00,2.7555554573092564
2021-03-14 09:00:00,5.612715181457763
2021-03-14 10:00:00,8.278579862074253
2021-03-14 11:00:00,10.193116987315308
2021-03-14 12:00:00,11.927407916546944
2021-03-14 13:00:00,12.08191252994458
2021-03-14 14:00:00,12.515432359304548
2021-03-14 15:00:00,12.828303150610438
2021-03-14 16:00:00,12.54357990006686
2021-03-14 17:00:00,11.592252344691424
2021-03-14 18:00:00,10.127220831042516
2021-03-14 19:00:00,8.250829250174753
2021-03-14 20:00:00,8.218515874574534
2021-03-14 21:00:00,7.045923791121478
2021-03-14 22:00:00,6.9092269037393095
2021-03-14 23:00:00,6.609966527954676
2021-03-15 00:00:00,5.442435513403025
2021-03-15 01:00:00,5.069936972702183
2021-03-15 02:00:00,4.381974597040492
2021-03-15 03:00:00,4.26144969317824
2021-03-15 04:00:00,3.100677557119454
2021-03-15 05:00:00,2.596511722281546
2021-03-15 06:00:00,2.805154611653617
2021-03-15 07:00:00,1.9895351668446395
2021-03-15 08:00:00,3.825585972763654
2021-03-15 09:00:00,6.210122137802804
2021-03-15 10:00:00,9.553671446430052
2021-03-15 11:00:00,12.180214720353112
2021-03-15 12:00:00,14.63231337560022
2021-03-15 13:00:00,16.00425937759012
2021-03-15 14:00:00,16.86064800186696
2021-03-15 15:00:00,17.332406918352433
2021-03-15 16:00:00,16.785400807663034
2021-03-15 17:00:00,14.61527674945642
2021-03-15 18:00:00,13.717931860207294
2021-03-15 19:00:00,13.056388624276838
2021-03-15 20:00:00,12.654722290341676
2021-03-15 21:00:00,12.30339473496624
2021-03-15 22:00:00,12.481974597040493
2021-03-15 23:00:00,12.68213020688862
2021-03-16 00:00:00,11.909382513587436
2021-03-16 01:00:00,11.465771137864277
2021-03-16 02:00:00,10.485462874758946
2021-03-16 03:00:00,9.177746695106672
2021-03-16 04:00:00,8.64277820875558
2021-03-16 05:00:00,8.31885856992709
2021-03-16 06:00:00,7.074998041603585
2021-03-16 07:00:00,6.592190277595512
2021-03-16 08:00:00,6.610215680555019
2021-03-16 09:00:00,7.452160722343017
2021-03-16 10:00:00,8.153733513525966
2021-03-16 11:00:00,9.192190277595513
2021-03-16 12:00:00,9.94941206883993
2021-03-16 13:00:00,10.577746695106672
2021-03-16 14:00:00,11.059721292147165
2021-03-16 15:00:00,10.457992891116088
2021-03-16 16:00:00,9.878579862074254
2021-03-16 17:00:00,9.592283820347724
2021-03-16 18:00:00,8.05382705627818
2021-03-16 19:00:00,6.472592083453055
2021-03-16 20:00:00,5.107716179652274
2021-03-16 21:00:00,4.584629707791365
2021-03-16 22:00:00,4.264104803929112
2021-03-16 23:00:00,3.739445540885254
2021-03-17 00:00:00,3.0941678312269287
2021-03-17 01:00:00,2.465771137864276
2021-03-17 02:00:00,1.8563886242768384
2021-03-17 03:00:00,1.5249084156442
2021-03-17 04:00:00,1.9925329729480672
2021-03-17 05:00:00,1.561636778682669
2021-03-17 06:00:00,0.1949389310985977
2021-03-17 07:00:00,0.2024995009027446
2021-03-17 08:00:00,1.951327555375436
2021-03-17 09:00:00,4.4965117222815465
2021-03-17 10:00:00,7.047745734904768
2021-03-17 11:00:00,8.997406956345042
2021-03-17 12:00:00,10.52289938635648
2021-03-17 13:00:00,12.294658302841954
2021-03-17 14:00:00,13.830459956160627
2021-03-17 15:00:00,15.309195428083008
2021-03-17 16:00:00,13.825523021451051
2021-03-17 17:00:00,11.61224746769669
2021-03-17 18:00:00,9.644008304585974
2021-03-17 19:00:00,7.885213722158603
2021-03-17 20:00:00,6.336634820286255
2021-03-17 21:00:00,5.600677557119454
2021-03-17 22:00:00,4.223764028980364
2021-03-17 23:00:00,3.570770139669764
2021-03-18 00:00:00,3.4776531523544576
2021-03-18 01:00:00,2.822159762141114
2021-03-18 02:00:00,2.944444542690743
2021-03-18 03:00:00,2.5264812068271487
2021-03-18 04:00:00,2.3325625282005613
2021-03-18 05:00:00,2.036946039982509
2021-03-18 06:00:00,1.4775910852585443
2021-03-18 07:00:00,1.8083937367717284
2021-03-18 08:00:00,3.748765987376778
2021-03-18 09:00:00,6.541945041787999
2021-03-18 10:00:00,9.926169987130894
2021-03-18 11:00:00,12.429626789193044
2021-03-18 12:00:00,14.453546428021536
2021-03-18 13:00:00,16.731448732976336
2021-03-18 14:00:00,17.802312415398315
2021-03-18 15:00:00,18.5331465425678
2021-03-18 16:00:00,17.0082066512673
2021-03-18 17:00:00,14.96443966569601
2021-03-18 18:00:00,12.291107958027588
2021-03-18 19:00:00,10.869936972702185
2021-03-18 20:00:00,9.667531014551653
2021-03-18 21:00:00,8.976080361171508
2021-03-18 22:00:00,8.76320956986562
2021-03-18 23:00:00,8.815370292208634
2021-03-19 00:00:00,9.148672444624564
2021-03-19 01:00:00,8.550338778559727
2021-03-19 02:00:00,8.734041776631296
2021-03-19 03:00:00,8.807560569804147
2021-03-19 04:00:00,8.530647041665055
2021-03-19 05:00:00,9.51246602885742
2021-03-19 06:00:00,9.603916682237566
2021-03-19 07:00:00,9.579997043409074
2021-03-19 08:00:00,10.20944458068335
2021-03-19 09:00:00,11.941018332068202
2021-03-19 10:00:00,13.16327163696153
2021-03-19 11:00:00,14.850400845655642
2021-03-19 12:00:00,16.54435099993853
2021-03-19 13:00:00,17.384380555191022
2021-03-19 14:00:00,17.522992929108696
2021-03-19 15:00:00,18.286046889126187
2021-03-19 16:00:00,18.594845388346386
2021-03-19 17:00:00,18.300739624215367
2021-03-19 18:00:00,17.349505611592146
2021-03-19 19:00:00,13.88956575828425
2021-03-19 20:00:00,12.493420373425904
2021-03-19 21:00:00,11.98512017940639
2021-03-19 22:00:00,11.925305344507011
2021-03-19 23:00:00,12.647372448112602
2021-03-20 00:00:00,12.246694890993146
2021-03-20 01:00:00,12.11188201449018
2021-03-20 02:00:00,11.0861404318784
2021-03-20 03:00:00,11.17691352813909
2021-03-20 04:00:00,10.738456764069548
2021-03-20 05:00:00,10.487129208694109
2021-03-20 06:00:00,10.158054958212
2021-03-20 07:00:00,8.77166537373326
2021-03-20 08:00:00,8.59317905441122
2021-03-20 09:00:00,8.8470061106894
2021-03-20 10:00:00,8.58978431944498
2021-03-20 11:00:00,8.485462874758946
2021-03-20 12:00:00,8.559876901995292
2021-03-20 13:00:00,7.660460916362531
2021-03-20 14:00:00,7.528147540762312
2021-03-20 15:00:00,7.420431361110037
2021-03-20 16:00:00,7.798333666064837
2021-03-20 17:00:00,8.197500499097256
2021-03-20 18:00:00,8.279568638889963
2021-03-20 19:00:00,7.110215680555019
2021-03-20 20:00:00,6.610215680555019
2021-03-20 21:00:00,6.336790430134382
2021-03-20 22:00:00,6.010215680555019
2021-03-20 23:00:00,5.847006110689401
2021-03-21 00:00:00,5.532468985448347
2021-03-21 01:00:00,5.522253304893328
2021-03-21 02:00:00,5.546172943721819
2021-03-21 03:00:00,5.484629707791364
2021-03-21 04:00:00,5.361543235930455
2021-03-21 05:00:00,4.995678555313965
2021-03-21 06:00:00,4.654566680493547
2021-03-21 07:00:00,4.943517832970947
2021-03-21 08:00:00,5.260710068962874
2021-03-21 09:00:00,5.926574749579363
2021-03-21 10:00:00,6.4359572631668005
2021-03-21 11:00:00,7.160710068962873
2021-03-21 12:00:00,8.252160722343017
2021-03-21 13:00:00,8.881234972825126
2021-03-21 14:00:00,8.08796237566169
2021-03-21 15:00:00,7.808487279523943
2021-03-21 16:00:00,6.694845388346383
2021-03-21 17:00:00,6.300833166967581
2021-03-21 18:00:00,5.928147540762312
2021-03-21 19:00:00,4.93836322131733
2021-03-21 20:00:00,4.614443582488839
2021-03-21 21:00:00,4.552900346558385
2021-03-21 22:00:00,4.5470061106894
2021-03-21 23:00:00,4.1760803611715085
2021-03-22 00:00:00,3.7615432359304544
2021-03-22 01:00:00,3.636790430134382
2021-03-22 02:00:00,3.279568638889962
2021-03-22 03:00:00,2.874414027236345
2021-03-22 04:00:00,2.1581170253079143
2021-03-22 05:00:00,1.369905497045882
2021-03-22 06:00:00,1.0595342066427356
2021-03-22 07:00:00,0.6906174864125627
2021-03-22 08:00:00,3.16586468061649
2021-03-22 09:00:00,6.2258351253639965
2021-03-22 10:00:00,7.896760874881888
2021-03-22 11:00:00,9.525835125363995
2021-03-22 12:00:00,10.507747655308576
2021-03-22 13:00:00,11.68216168254492
2021-03-22 14:00:00,12.259908377651591
2021-03-22 15:00:00,12.12916779323432
2021-03-22 16:00:00,11.664969446552997
2021-03-22 17:00:00,10.964136279585414
2021-03-22 18:00:00,9.424752805796071
2021-03-22 19:00:00,7.4896907766927665
2021-03-22 20:00:00,6.334197386479422
2021-03-22 21:00:00,5.394907455442297
2021-03-22 22:00:00,4.225554497107353
2021-03-22 23:00:00,3.301728401031076
2021-03-23 00:00:00,2.58953516684464
2021-03-23 01:00:00,2.969197348486816
2021-03-23 02:00:00,2.846850500841273
2021-03-23 03:00:00,2.676080361171509
2021-03-23 04:00:00,2.454660223245762
2021-03-23 05:00:00,1.894689778498256
2021-03-23 06:00:00,1.918212488463936
2021-03-23 07:00:00,2.88373447372787
2021-03-23 08:00:00,4.53756153000605
2021-03-23 09:00:00,7.2342288621357245
2021-03-23 10:00:00,10.868457724271453
2021-03-23 11:00:00,13.910402766059446
2021-03-23 12:00:00,16.02567951551587
2021-03-23 13:00:00,16.641049807724503
2021-03-23 14:00:00,16.6501831687116
2021-03-23 15:00:00,16.797376364905432
2021-03-23 16:00:00,16.564813836704868
2021-03-23 17:00:00,15.00740495995602
2021-03-23 18:00:00,12.940029555252494
2021-03-23 19:00:00,10.491263567875714
2021-03-23 20:00:00,9.263949194080986
2021-03-23 21:00:00,8.044257457186315
2021-03-23 22:00:00,7.514443582488839
2021-03-23 23:00:00,7.12972033194526
2021-03-24 00:00:00,7.129074250482107
2021-03-24 01:00:00,6.594199306883231
2021-03-24 02:00:00,5.993366139915649
2021-03-24 03:00:00,4.776173903923723
2021-03-24 04:00:00,4.435249114607735
2021-03-24 05:00:00,4.493553225420078
2021-03-24 06:00:00,3.958179976620517
2021-03-24 07:00:00,4.780923753128871
2021-03-24 08:00:00,7.027252306698817
2021-03-24 09:00:00,8.246017333873692
2021-03-24 10:00:00,11.399104765936508
2021-03-24 11:00:00,13.028179016418612
2021-03-24 12:00:00,14.677007070891303
2021-03-24 13:00:00,16.101604266839253
2021-03-24 14:00:00,17.887067141598195
2021-03-24 15:00:00,17.982839239664376
2021-03-24 16:00:00,17.666542237735943
2021-03-24 17:00:00,16.6331465425678
2021-03-24 18:00:00,14.763949194080986
2021-03-24 19:00:00,12.409288970835224
2021-03-24 20:00:00,10.49475184559417
2021-03-24 21:00:00,9.756295081524623
2021-03-24 22:00:00,8.964042736833198
2021-03-24 23:00:00,8.553733513525966
2021-03-25 00:00:00,7.281079362976998
2021-03-25 01:00:00,6.678579862074254
2021-03-25 02:00:00,5.745090624153896
2021-03-25 03:00:00,5.0434242902187325
2021-03-25 04:00:00,4.56021176376219
2021-03-25 05:00:00,5.652962413654297
2021-03-25 06:00:00,6.568426248615148
2021-03-25 07:00:00,7.058210568060128
2021-03-25 08:00:00,8.312808724209978
2021-03-25 09:00:00,10.623919638828491
2021-03-25 10:00:00,12.553671446430052
2021-03-25 11:00:00,14.132406918352434
2021-03-25 12:00:00,15.9949389310986
2021-03-25 13:00:00,16.994105764131014
2021-03-25 14:00:00,18.10577010167716
2021-03-25 15:00:00,15.717557689198436
2021-03-25 16:00:00,13.490951463962771
2021-03-25 17:00:00,12.011476367825022
2021-03-25 18:00:00,9.645705229960749
2021-03-25 19:00:00,7.941415260931013
2021-03-25 20:00:00,7.046912567937186
2021-03-25 21:00:00,6.756388624276838
2021-03-25 22:00:00,6.608549346619856
2021-03-25 23:00:00,6.494845388346383
2021-03-26 00:00:00,6.1607100689628735
2021-03-26 01:00:00,6.041945041787999
2021-03-26 02:00:00,5.839289931037127
2021-03-26 03:00:00,5.794012221378802
2021-03-26 04:00:00,5.617098693239711
2021-03-26 05:00:00,5.497500499097255
2021-03-26 06:00:00,5.069415025430857
2021-03-26 07:00:00,5.063365179713745
2021-03-26 08:00:00,5.332468985448347
2021-03-26 09:00:00,5.94857890187235
2021-03-26 10:00:00,7.983298235623099
2021-03-26 11:00:00,11.116600388039029
2021-03-26 12:00:00,13.066168066727084
2021-03-26 13:00:00,15.303207649461807
2021-03-26 14:00:00,17.17564412306674
2021-03-26 15:00:00,19.04342429021873
2021-03-26 16:00:00,19.492003192091083
2021-03-26 17:00:00,18.95360849511745
2021-03-26 18:00:00,17.460335897954018
2021-03-26 19:00:00,14.98493309390196
2021-03-26 20:00:00,12.908113108515083
2021-03-26 21:00:00,11.43734296884532
2021-03-26 22:00:00,11.628763030785851
2021-03-26 23:00:00,12.031480208632637
2021-03-27 00:00:00,10.86987490560627
2021-03-27 01:00:00,10.918118945711722
2021-03-27 02:00:00,8.857992891116087
2021-03-27 03:00:00,8.31885856992709
2021-03-27 04:00:00,7.617036626143799
2021-03-27 05:00:00,7.531729361232979
2021-03-27 06:00:00,7.368364181519235
2021-03-27 07:00:00,6.943455765875035
2021-03-27 08:00:00,8.440278707852837
2021-03-27 09:00:00,12.049443544496231
2021-03-27 10:00:00,14.222097695045202
2021-03-27 11:00:00,14.925492430011438
2021-03-27 12:00:00,13.824565720291645
2021-03-27 13:00:00,12.933208609663714
2021-03-27 14:00:00,12.211788471737968
2021-03-27 15:00:00,11.558054958212
2021-03-27 16:00:00,11.771758916485473
2021-03-27 17:00:00,11.635801653318673
2021-03-27 18:00:00,11.989628709596854
2021-03-27 19:00:00,12.127252306698818
2021-03-27 20:00:00,12.53496848635109
2021-03-27 21:00:00,12.8110488475226
2021-03-27 22:00:00,13.02391963882849
2021-03-27 23:00:00,13.170925749517892
2021-03-28 00:00:00,13.14617294372182
2021-03-28 01:00:00,12.547745734904767
2021-03-28 02:00:00,11.487035665941894
2021-03-28 03:00:00,10.714350039736624
2021-03-28 04:00:00,9.438363221317331
2021-03-28 05:00:00,8.957221791244422
2021-03-28 06:00:00,8.756388624276838
2021-03-28 07:00:00,8.395678555313966
2021-03-28 08:00:00,8.242684666003365
2021-03-28 09:00:00,8.299166833032418
2021-03-28 10:00:00,8.513703958273473
2021-03-28 11:00:00,8.817192235991925
2021-03-28 12:00:00,9.55481583309389
2021-03-28 13:00:00,10.019014179775215
2021-03-28 14:00:00,9.919753803990584
2021-03-28 15:00:00,10.336790430134382
2021-03-28 16:00:00,10.628241083514526
2021-03-28 17:00:00,10.346172943721818
2021-03-28 18:00:00,10.032468985448348
2021-03-28 19:00:00,9.531635818480764
2021-03-28 20:00:00,9.364937970896694
2021-03-28 21:00:00,9.305061068901402
2021-03-28 22:00:00,9.366604304831856
2021-03-28 23:00:00,9.978641929170166
2021-03-29 00:00:00,10.041851499035785
2021-03-29 01:00:00,9.929969484545602
2021-03-29 02:00:00,9.61626552627213
2021-03-29 03:00:00,9.16144969317824
2021-03-29 04:00:00,8.556388624276838
2021-03-29 05:00:00,8.433302152415928
2021-03-29 06:00:00,8.209382513587437
2021-03-29 07:00:00,8.009382513587438
2021-03-29 08:00:00,8.437623597101965
2021-03-29 09:00:00,9.3
2021-03-29 10:00:00,10.978579862074252
2021-03-29 11:00:00,12.547099653441617
2021-03-29 12:00:00,13.869352958334945
2021-03-29 13:00:00,14.82574158261178
2021-03-29 14:00:00,15.24617294372182
2021-03-29 15:00:00,15.2
2021-03-29 16:00:00,14.222992929108694
2021-03-29 17:00:00,12.886420175918351
2021-03-29 18:00:00,12.838456764069546
2021-03-29 19:00:00,11.253889123374094
2021-03-29 20:00:00,9.516109916424002
2021-03-29 21:00:00,9.073425250420636
2021-03-29 22:00:00,8.6110488475226
2021-03-29 23:00:00,8.271758916485473
2021-03-30 00:00:00,7.563209569865617
2021-03-30 01:00:00,7.205154611653617
2021-03-30 02:00:00,6.533146542567801
2021-03-30 03:00:00,5.870186125302524
2021-03-30 04:00:00,4.1049990018054885
2021-03-30 05:00:00,3.9735187931728513
2021-03-30 06:00:00,2.7889511524774
2021-03-30 07:00:00,2.941727364843959
2021-03-30 08:00:00,5.678673404826467
2021-03-30 09:00:00,8.709476056339652
2021-03-30 10:00:00,11.18737836129445
2021-03-30 11:00:00,12.73777920695009
2021-03-30 12:00:00,14.58370299807157
2021-03-30 13:00:00,15.627220831042516
2021-03-30 14:00:00,16.652067179590805
2021-03-30 15:00:00,17.34601733387369
2021-03-30 16:00:00,16.8520671795908
2021-03-30 17:00:00,16.030647041665055
2021-03-30 18:00:00,14.785307264910818
2021-03-30 19:00:00,12.550338778559729
2021-03-30 20:00:00,10.666604304831855
2021-03-30 21:00:00,9.244444542690744
2021-03-30 22:00:00,7.715214682360508
2021-03-30 23:00:00,7.433395695168143
2021-03-31 00:00:00,6.3742584173882175
2021-03-31 01:00:00,5.59759404184947
2021-03-31 02:00:00,4.292774291962751
2021-03-31 03:00:00,3.4922838203477253
2021-03-31 04:00:00,3.5658646806164898
2021-03-31 05:00:00,3.422743776508354
2021-03-31 06:00:00,2.6226817094124404
2021-03-31 07:00:00,3.340216640756923
2021-03-31 08:00:00,6.590711029164778
2021-03-31 09:00:00,9.034812876502963
2021-03-31 10:00:00,12.775986818419296
2021-03-31 11:00:00,15.396262569681204
2021-03-31 12:00:00,17.335614567814243
2021-03-31 13:00:00,19.54234197065081
2021-03-31 14:00:00,21.003239125118117
2021-03-31 15:00:00,21.372404997948625
2021-03-31 16:00:00,21.316849540639367
2021-03-31 17:00:00,19.72447217753943
2021-03-31 18:00:00,17.43635419202961
2021-03-31 19:00:00,15.377216914249686
2021-03-31 20:00:00,13.509935052298378
2021-03-31 21:00:00,12.17009258255031
2021-03-31 22:00:00,11.386296041726528
2021-03-31 23:00:00,9.838207611469205
2021-04-01 00:00:00,9.17931948628962
2021-04-01 01:00:00,9.46228286014582
2021-04-01 02:00:00,8.034563723902622
2021-04-01 03:00:00,7.870030515454397
2021-04-01 04:00:00,8.793085511659005
2021-04-01 05:00:00,8.813672482617172
2021-04-01 06:00:00,10.694075172691404
2021-04-01 07:00:00,10.694659187058644
2021-04-01 08:00:00,14.217931860207292
2021-04-01 09:00:00,15.538425288413244
2021-04-01 10:00:00,17.045152691249807
2021-04-01 11:00:00,19.279381553385534
2021-04-01 12:00:00,20.593918678626583
2021-04-01 13:00:00,21.519504651390243
2021-04-01 14:00:00,21.53394823387908
2021-04-01 15:00:00,21.862189317393607
2021-04-01 16:00:00,20.790523943660347
2021-04-01 17:00:00,20.873580860268763
2021-04-01 18:00:00,19.204165834837905
2021-04-01 19:00:00,17.7589816679318
2021-04-01 20:00:00,16.351265488279523
2021-04-01 21:00:00,15.654660223245765
2021-04-01 22:00:00,14.947683667808857
2021-04-01 23:00:00,14.388639932781146
2021-04-02 00:00:00,14.325430362915526
2021-04-02 01:00:00,14.27675791829096
2021-04-02 02:00:00,14.11370395827347
2021-04-02 03:00:00,13.615370292208636
2021-04-02 04:00:00,12.451171945527308
2021-04-02 05:00:00,12.349350001744018
2021-04-02 06:00:00,12.146694890993146
2021-04-02 07:00:00,12.705832168773073
2021-04-02 08:00:00,13.58697359884598
2021-04-02 09:00:00,14.489379556996512
2021-04-02 10:00:00,16.847745734904766
2021-04-02 11:00:00,18.64441306703444
2021-04-02 12:00:00,19.050151693055295
2021-04-02 13:00:00,20.710028595050588
2021-04-02 14:00:00,21.354566680493548
2021-04-02 15:00:00,21.35107840277509
2021-04-02 16:00:00,21.37848631932204
2021-04-02 17:00:00,21.216943083391584
2021-04-02 18:00:00,20.056295081524624
2021-04-02 19:00:00,18.06042944070623
2021-04-02 20:00:00,18.483391778375317
2021-04-02 21:00:00,17.56808355326259
2021-04-02 22:00:00,18.04471733736173
2021-04-02 23:00:00,18.21240396176151
2021-04-03 00:00:00,17.863731517136944
2021-04-03 01:00:00,17.732251308504306
2021-04-03 02:00:00,17.86570907076836
2021-04-03 03:00:00,17.37493597450767
2021-04-03 04:00:00,17.44935000174402
2021-04-03 05:00:00,17.210893237674473
2021-04-03 06:00:00,16.921108918229493
2021-04-03 07:00:00,16.76222079304991
2021-04-03 08:00:00,17.122097695045202
2021-04-03 09:00:00,16.328053998010095
2021-04-03 10:00:00,15.482006072696796
2021-04-03 11:00:00,14.576757918290962
2021-04-03 12:00:00,15.07592475132338
2021-04-03 13:00:00,15.177591085258545
2021-04-03 14:00:00,14.844350999938529
2021-04-03 15:00:00,15.183640930975656
2021-04-03 16:00:00,15.13231337560022
2021-04-03 17:00:00,15.0110488475226
2021-04-03 18:00:00,15.00083316696758
2021-04-03 19:00:00,14.684629707791364
2021-04-03 20:00:00,14.535801653318671
2021-04-03 21:00:00,14.46487590380078
2021-04-03 22:00:00,14.273518793172853
2021-04-03 23:00:00,13.683150459360627
2021-04-04 00:00:00,12.39842720881705
2021-04-04 01:00:00,11.555649000061472
2021-04-04 02:00:00,11.132562528200562
2021-04-04 03:00:00,10.757315333996631
2021-04-04 04:00:00,10.227407916546944
2021-04-04 05:00:00,10.050494388407854
2021-04-04 06:00:00,9.979568638889962
2021-04-04 07:00:00,10.117192235991926
2021-04-04 08:00:00,10.303488277718452
2021-04-04 09:00:00,10.578735471922382
2021-04-04 10:00:00,11.218765027174875
2021-04-04 11:00:00,12.12574158261178
2021-04-04 12:00:00,12.834874943598876
2021-04-04 13:00:00,13.45987690199529
2021-04-04 14:00:00,14.946079400969603
2021-04-04 15:00:00,14.894012221378802
2021-04-04 16:00:00,14.881234972825125
2021-04-04 17:00:00,13.823764028980364
2021-04-04 18:00:00,13.234135319383508
2021-04-04 19:00:00,12.260554459114749
2021-04-04 20:00:00,11.242529056155238
2021-04-04 21:00:00,10.77691352813909
2021-04-04 22:00:00,10.150338778559728
2021-04-04 23:00:00,9.746017333873692
2021-04-05 00:00:00,8.958888125179582
2021-04-05 01:00:00,8.93074058441727
2021-04-05 02:00:00,8.50864288937207
2021-04-05 03:00:00,7.818858569927089
2021-04-05 04:00:00,7.398427208817051
2021-04-05 05:00:00,6.707809722404488
2021-04-05 06:00:00,6.271019292270107
2021-04-05 07:00:00,6.583890083575998
2021-04-05 08:00:00,8.202655110750872
2021-04-05 09:00:00,9.789628709596856
2021-04-05 10:00:00,11.791419177723842
2021-04-05 11:00:00,13.080214720353116
2021-04-05 12:00:00,14.727065221194389
2021-04-05 13:00:00,16.02632559697902
2021-04-05 14:00:00,17.20928897083522
2021-04-05 15:00:00,17.52441011044352
2021-04-05 16:00:00,17.210122137802806
2021-04-05 17:00:00,15.205707150364557
2021-04-05 18:00:00,13.875737665818953
2021-04-05 19:00:00,12.16885465313426
2021-04-05 20:00:00,11.027742778313842
2021-04-05 21:00:00,9.417776250359164
2021-04-05 22:00:00,8.385953346373972
2021-04-05 23:00:00,7.459721292147163
2021-04-06 00:00:00,7.854473137741333
2021-04-06 01:00:00,7.496511722281546
2021-04-06 02:00:00,6.547745734904768
2021-04-06 03:00:00,5.904227901933821
2021-04-06 04:00:00,5.723826096076277
2021-04-06 05:00:00,5.694845388346383
2021-04-06 06:00:00,5.827407916546944
2021-04-06 07:00:00,6.176913528139089
2021-04-06 08:00:00,7.575986818419295
2021-04-06 09:00:00,9.981974597040493
2021-04-06 10:00:00,12.858304110812345
2021-04-06 11:00:00,14.429907417449687
2021-04-06 12:00:00,16.51885856992709
2021-04-06 13:00:00,17.09317905441122
2021-04-06 14:00:00,17.50854934661986
2021-04-06 15:00:00,17.66246994565025
2021-04-06 16:00:00,17.569197348486817
2021-04-06 17:00:00,17.073518793172852
2021-04-06 18:00:00,16.30259304365496
2021-04-06 19:00:00,14.18555641751116
2021-04-06 20:00:00,12.74277820875558
2021-04-06 21:00:00,11.434197386479422
2021-04-06 22:00:00,11.407560569804147
2021-04-06 23:00:00,9.917005150487496
2021-04-07 00:00:00,8.891512720476058
2021-04-07 01:00:00,8.563427246809658
2021-04-07 02:00:00,8.023919638828492
2021-04-07 03:00:00,7.022930862012783
2021-04-07 04:00:00,6.377808762202585
2021-04-07 05:00:00,5.955555457309256
2021-04-07 06:00:00,5.362376402898036
2021-04-07 07:00:00,5.711298000122942
2021-04-07 08:00:00,8.055649000061472
2021-04-07 09:00:00,11.12990741744969
2021-04-07 10:00:00,13.590617486412562
2021-04-07 11:00:00,15.871019292270104
2021-04-07 12:00:00,17.26827063876702
2021-04-07 13:00:00,19.18197459704049
2021-04-07 14:00:00,19.07681998538688
2021-04-07 15:00:00,19.04364196716277
2021-04-07 16:00:00,18.51367248261717
2021-04-07 17:00:00,17.399135357376117
2021-04-07 18:00:00,16.914537125241054
2021-04-07 19:00:00,14.836634820286251
2021-04-07 20:00:00,12.906883012684691
2021-04-07 21:00:00,12.163209569865618
2021-04-07 22:00:00,11.270248192398435
2021-04-07 23:00:00,11.13330215241593
2021-04-08 00:00:00,10.606727402836563
2021-04-08 01:00:00,9.717931860207294
2021-04-08 02:00:00,9.194845388346383
2021-04-08 03:00:00,8.355742542813685
2021-04-08 04:00:00,7.626668292331578
2021-04-08 05:00:00,5.939289931037127
2021-04-08 06:00:00,4.55722179124442
2021-04-08 07:00:00,5.664104803929112
2021-04-08 08:00:00,8.00364388756658
2021-04-08 09:00:00,10.801915486535506
2021-04-08 10:00:00,13.059970444747506
2021-04-08 11:00:00,14.506049845717111
2021-04-08 12:00:00,15.507716179652274
2021-04-08 13:00:00,15.905894235868985
2021-04-08 14:00:00,16.204165834837905
2021-04-08 15:00:00,16.24095626497229
2021-04-08 16:00:00,15.897344889249128
2021-04-08 17:00:00,15.51262163870555
2021-04-08 18:00:00,14.692283820347726
2021-04-08 19:00:00,12.900833166967582
2021-04-08 20:00:00,11.355399847461127
2021-04-08 21:00:00,10.62126452807762
2021-04-08 22:00:00,10.174258417388218
2021-04-08 23:00:00,9.211882014490184
2021-04-09 00:00:00,9.12632559697902
2021-04-09 01:00:00,7.841111874820417
2021-04-09 02:00:00,7.182223749640834
2021-04-09 03:00:00,6.107809722404489
2021-04-09 04:00:00,5.187129208694109
2021-04-09 05:00:00,4.536883972886596
2021-04-09 06:00:00,4.187962375661691
2021-04-09 07:00:00,4.509476056339651
2021-04-09 08:00:00,8.998365141721138
2021-04-09 09:00:00,11.925492430011438
2021-04-09 10:00:00,14.639134321188996
2021-04-09 11:00:00,15.662282860145822
2021-04-09 12:00:00,16.91684954063937
2021-04-09 13:00:00,18.16061652621066
2021-04-09 14:00:00,18.647901344752896
2021-04-09 15:00:00,18.872592083453053
2021-04-09 16:00:00,18.45962774939495
2021-04-09 17:00:00,17.36385565132877
2021-04-09 18:00:00,16.177403999754116
2021-04-09 19:00:00,14.3252432774111
2021-04-09 20:00:00,12.497251346496911
2021-04-09 21:00:00,11.509966527954678
2021-04-09 22:00:00,11.813548348425346
2021-04-09 23:00:00,11.14277820875558
2021-04-10 00:00:00,10.166697847584071
2021-04-10 01:00:00,9.367531014551652
2021-04-10 02:00:00,8.96669784758407
2021-04-10 03:00:00,8.541111874820418
2021-04-10 04:00:00,8.213703958273472
2021-04-10 05:00:00,7.731573751384852
2021-04-10 06:00:00,7.406820945588779
2021-04-10 07:00:00,7.681912529944579
2021-04-10 08:00:00,9.92151368067796
2021-04-10 09:00:00,11.713703958273472
2021-04-10 10:00:00,13.940123098004708
2021-04-10 11:00:00,14.746017333873692
2021-04-10 12:00:00,15.776975595235
2021-04-10 13:00:00,16.83657275319034
2021-04-10 14:00:00,16.034041776631295
2021-04-10 15:00:00,15.553639970773752
2021-04-10 16:00:00,15.798146580560406
2021-04-10 17:00:00,15.150151693055296
2021-04-10 18:00:00,14.103145582365896
2021-04-10 19:00:00,12.71768270760695
2021-04-10 20:00:00,11.843268680370606
2021-04-10 21:00:00,10.921015375477278
2021-04-10 22:00:00,9.44759012505664
2021-04-10 23:00:00,8.330647041665058
2021-04-11 00:00:00,7.911048847522601
2021-04-11 01:00:00,7.053733513525966
2021-04-11 02:00:00,6.6529003465583845
2021-04-11 03:00:00,5.987129208694109
2021-04-11 04:00:00,5.1220976950452
2021-04-11 05:00:00,5.244444542690743
2021-04-11 06:00:00,4.806820945588779
2021-04-11 07:00:00,5.825679515515869
2021-04-11 08:00:00,8.088055918413906
2021-04-11 09:00:00,11.100833166967584
2021-04-11 10:00:00,14.184474097943236
2021-04-11 11:00:00,16.450151693055297
2021-04-11 12:00:00,18.466510762079643
2021-04-11 13:00:00,20.12043136111004
2021-04-11 14:00:00,21.157867872707573
2021-04-11 15:00:00,21.55737740109255
2021-04-11 16:00:00,21.01579869672775
2021-04-11 17:00:00,19.360118221009976
2021-04-11 18:00:00,17.13113751328008
2021-04-11 19:00:00,15.255057152108574
2021-04-11 20:00:00,13.321910609540772
2021-04-11 21:00:00,12.24857890187235
2021-04-11 22:00:00,12.451078402775094
2021-04-11 23:00:00,12.2801526532572
2021-04-12 00:00:00,11.675986818419291
2021-04-12 01:00:00,11.903394734966238
2021-04-12 02:00:00,11.364104803929113
2021-04-12 03:00:00,11.52049342820595
2021-04-12 04:00:00,11.306049845717112
2021-04-12 05:00:00,11.808487279523945
2021-04-12 06:00:00,11.727252306698816
2021-04-12 07:00:00,13.024535128852031
2021-04-12 08:00:00,13.241695889187657
2021-04-12 09:00:00,14.839289931037126
2021-04-12 10:00:00,15.749505611592143
2021-04-12 11:00:00,16.708549346619854
2021-04-12 12:00:00,14.566604304831856
2021-04-12 13:00:00,13.252900346558384
2021-04-12 14:00:00,11.945339776754238
2021-04-12 15:00:00,11.758054958212
2021-04-12 16:00:00,11.861543235930457
2021-04-12 17:00:00,12.076080361171508
2021-04-12 18:00:00,12.3
2021-04-12 19:00:00,12.4889511524774
2021-04-12 20:00:00,12.641111874820416
2021-04-12 21:00:00,12.917192235991926
2021-04-12 22:00:00,12.956482167029051
2021-04-12 23:00:00,13.522346847645542
2021-04-13 00:00:00,13.341111874820417
2021-04-13 01:00:00,12.575986818419295
2021-04-13 02:00:00,11.817931860207292
2021-04-13 03:00:00,11.28114143007291
2021-04-13 04:00:00,10.794845388346385
2021-04-13 05:00:00,10.585462874758946
2021-04-13 06:00:00,10.675247194203926
2021-04-13 07:00:00,10.876080361171509
2021-04-13 08:00:00,10.885462874758948
2021-04-13 09:00:00,11.6889511524774
2021-04-13 10:00:00,12.4470061106894
2021-04-13 11:00:00,12.468364181519236
2021-04-13 12:00:00,11.656482167029052
2021-04-13 13:00:00,12.66148116883454
2021-04-13 14:00:00,11.502499500902744
2021-04-13 15:00:00,11.047932820409198
2021-04-13 16:00:00,10.374258417388218
2021-04-13 17:00:00,9.476080361171508
2021-04-13 18:00:00,8.2
2021-04-13 19:00:00,6.967437471799439
2021-04-13 20:00:00,6.338363221317331
2021-04-13 21:00:00,5.886202498974313
2021-04-13 22:00:00,5.60845580386764
2021-04-13 23:00:00,5.886202498974313
2021-04-14 00:00:00,5.690523943660349
2021-04-14 01:00:00,5.60422790193382
2021-04-14 02:00:00,5.258054958212001
2021-04-14 03:00:00,5.034968486351092
2021-04-14 04:00:00,4.173331707668422
2021-04-14 05:00:00,4.065926747712403
2021-04-14 06:00:00,3.469999039798096
2021-04-14 07:00:00,4.501082319567923
2021-04-14 08:00:00,6.860126054595633
2021-04-14 09:00:00,8.86163677868267
2021-04-14 10:00:00,9.71885856992709
2021-04-14 11:00:00,10.962376402898036
2021-04-14 12:00:00,12.208549346619856
2021-04-14 13:00:00,13.622346847645542
2021-04-14 14:00:00,14.125679515515868
2021-04-14 15:00:00,13.86246994565025
2021-04-14 16:00:00,13.26429188943354
2021-04-14 17:00:00,12.764136279585417
2021-04-14 18:00:00,12.019691736894671
2021-04-14 19:00:00,9.90339473496624
2021-04-14 20:00:00,8.214350039736624
2021-04-14 21:00:00,7.393918678626587
2021-04-14 22:00:00,6.382963373856201
2021-04-14 23:00:00,5.675247194203926
2021-04-15 00:00:00,5.335957263166801
2021-04-15 01:00:00,5.231573751384852
2021-04-15 02:00:00,4.84277820875558
2021-04-15 03:00:00,3.9932725971634335
2021-04-15 04:00:00,3.4838900835759974
2021-04-15 05:00:00,3.82027575126191
2021-04-15 06:00:00,3.295710030970266
2021-04-15 07:00:00,4.121451613582048
2021-04-15 08:00:00,6.95981483489938
2021-04-15 09:00:00,8.563209569865617
2021-04-15 10:00:00,10.73074058441727
2021-04-15 11:00:00,12.407560569804147
2021-04-15 12:00:00,14.773425250420637
2021-04-15 13:00:00,16.406789469932477
2021-04-15 14:00:00,16.611788471737967
2021-04-15 15:00:00,17.695522945465836
2021-04-15 16:00:00,16.519504651390243
2021-04-15 17:00:00,16.496324636777118
2021-04-15 18:00:00,14.633021524159284
2021-04-15 19:00:00,12.99036833381222
2021-04-15 20:00:00,11.042622598907451
2021-04-15 21:00:00,9.298271598968924
2021-04-15 22:00:00,8.761481168834543
2021-04-15 23:00:00,7.431480208632638
2021-04-16 00:00:00,7.532468985448347
2021-04-16 01:00:00,7.487222751446323
2021-04-16 02:00:00,8.463396655370047
2021-04-16 03:00:00,9.213735433929774
2021-04-16 04:00:00,9.065709070768364
2021-04-16 05:00:00,9.659721292147164
2021-04-16 06:00:00,10.358148500964216
2021-04-16 07:00:00,10.723180014613124
2021-04-16 08:00:00,11.70083316696758
2021-04-16 09:00:00,12.457315333996632
2021-04-16 10:00:00,13.1249084156442
2021-04-16 11:00:00,13.1640427368332
2021-04-16 12:00:00,12.200739624215366
2021-04-16 13:00:00,11.79135711062793
2021-04-16 14:00:00,12.215370292208634
2021-04-16 15:00:00,14.166729323240371
2021-04-16 16:00:00,14.943704918475376
2021-04-16 17:00:00,14.765864680616488
2021-04-16 18:00:00,13.542684666003366
2021-04-16 19:00:00,12.346017333873691
2021-04-16 20:00:00,10.943517832970947
2021-04-16 21:00:00,9.97931948628962
2021-04-16 22:00:00,8.051078402775094
2021-04-16 23:00:00,7.1861404318784
2021-04-17 00:00:00,6.490430400908133
2021-04-17 01:00:00,6.232468985448348
2021-04-17 02:00:00,4.69817805621671
2021-04-17 03:00:00,4.576080361171508
2021-04-17 04:00:00,4.3159543065758745
2021-04-17 05:00:00,3.561543235930455
2021-04-17 06:00:00,3.121264528077619
2021-04-17 07:00:00,4.540278707852836
2021-04-17 08:00:00,7.030989737017613
2021-04-17 09:00:00,9.91206909999461
2021-04-17 10:00:00,12.105310221501744
2021-04-17 11:00:00,12.414537125241054
2021-04-17 12:00:00,13.352993889310598
2021-04-17 13:00:00,14.162532012746166
2021-04-17 14:00:00,14.070957225174192
2021-04-17 15:00:00,13.978579862074254
2021-04-17 16:00:00,13.173425250420635
2021-04-17 17:00:00,11.97774669510667
2021-04-17 18:00:00,11.262376402898036
2021-04-17 19:00:00,9.48114143007291
2021-04-17 20:00:00,8.465771137864275
2021-04-17 21:00:00,7.831635818480764
2021-04-17 22:00:00,7.520586970958165
2021-04-17 23:00:00,7.273580860268764
2021-04-18 00:00:00,7.135957263166801
2021-04-18 01:00:00,7.07691352813909
2021-04-18 02:00:00,7.00422790193382
2021-04-18 03:00:00,6.728147540762311
2021-04-18 04:00:00,6.228825097881765
2021-04-18 05:00:00,6.85904373502771
2021-04-18 06:00:00,7.256482167029052
2021-04-18 07:00:00,7.630896194265398
2021-04-18 08:00:00,8.99842720881705
2021-04-18 09:00:00,9.129813874697476
2021-04-18 10:00:00,10.770186125302525
2021-04-18 11:00:00,11.808487279523945
2021-04-18 12:00:00,12.51188201449018
2021-04-18 13:00:00,12.75043232131194
2021-04-18 14:00:00,13.198271598968924
2021-04-18 15:00:00,13.83231337560022
2021-04-18 16:00:00,14.134135319383509
2021-04-18 17:00:00,14.19061748641256
2021-04-18 18:00:00,12.954660223245762
2021-04-18 19:00:00,11.46320956986562
2021-04-18 20:00:00,9.94941206883993
2021-04-18 21:00:00,8.28694212318968
2021-04-18 22:00:00,7.2487345117204764
2021-04-18 23:00:00,6.0852137221586045
2021-04-19 00:00:00,6.19817805621671
2021-04-19 01:00:00,6.226512682483451
2021-04-19 02:00:00,5.01966026123837
2021-04-19 03:00:00,5.004570597286376
2021-04-19 04:00:00,5.242809684411881
2021-04-19 05:00:00,3.913703958273472
2021-04-19 06:00:00,4.098427208817052
2021-04-19 07:00:00,5.437810682606392
2021-04-19 08:00:00,8.75907521068401
2021-04-19 09:00:00,11.914568600897354
2021-04-19 10:00:00,15.430094502954116
2021-04-19 11:00:00,16.666791390336286
2021-04-19 12:00:00,17.627407916546943
2021-04-19 13:00:00,19.24783927765698
2021-04-19 14:00:00,20.435062029103303
2021-04-19 15:00:00,20.041789431939872
2021-04-19 16:00:00,20.00166633393516
2021-04-19 17:00:00,19.04601733387369
2021-04-19 18:00:00,17.507560569804145
2021-04-19 19:00:00,14.963949194080984
2021-04-19 20:00:00,12.863022484361188
2021-04-19 21:00:00,11.536603344629953
2021-04-19 22:00:00,10.426232054226809
2021-04-19 23:00:00,9.517838317455078
2021-04-20 00:00:00,9.26827063876702
2021-04-20 01:00:00,8.399322442880546
2021-04-20 02:00:00,7.670925749517892
2021-04-20 03:00:00,6.860710068962873
2021-04-20 04:00:00,5.603332667870326
2021-04-20 05:00:00,5.874414027236345
2021-04-20 06:00:00,5.867437471799439
2021-04-20 07:00:00,6.624013181580706
2021-04-20 08:00:00,9.799104765936503
2021-04-20 09:00:00,12.813548348425345
2021-04-20 10:00:00,15.55043232131194
2021-04-20 11:00:00,17.4050610689014
2021-04-20 12:00:00,19.158054958212
2021-04-20 13:00:00,19.68780676581356
2021-04-20 14:00:00,19.992096734843297
2021-04-20 15:00:00,19.92107744257319
2021-04-20 16:00:00,19.12265023375614
2021-04-20 17:00:00,18.06203370754548
2021-04-20 18:00:00,16.326325596979018
2021-04-20 19:00:00,15.06644869498373
2021-04-20 20:00:00,14.251911569742674
2021-04-20 21:00:00,12.997095736648784
2021-04-20 22:00:00,11.93996748815658
2021-04-20 23:00:00,11.39901122318429
2021-04-21 00:00:00,9.812621638705547
2021-04-21 01:00:00,9.763116027113403
2021-04-21 02:00:00,9.646110876625906
2021-04-21 03:00:00,8.758981667931796
2021-04-21 04:00:00,8.558732515331455
2021-04-21 05:00:00,7.66064800186696
2021-04-21 06:00:00,7.699415985632759
2021-04-21 07:00:00,8.37268562620527
2021-04-21 08:00:00,11.453889123374092
2021-04-21 09:00:00,15.17749754250633
2021-04-21 10:00:00,17.99360745893033
2021-04-21 11:00:00,20.67740399975412
2021-04-21 12:00:00,22.97740399975412
2021-04-21 13:00:00,24.7022188726461
2021-04-21 14:00:00,26.339102845532697
2021-04-21 15:00:00,27.02731437379473
2021-04-21 16:00:00,27.004040816429395
2021-04-21 17:00:00,25.737031749149068
2021-04-21 18:00:00,24.16478236104857
2021-04-21 19:00:00,21.358054958212
2021-04-21 20:00:00,18.79299196890679
2021-04-21 21:00:00,17.724721330139772
2021-04-21 22:00:00,17.04259112325115
2021-04-21 23:00:00,16.575831208571167
2021-04-22 00:00:00,15.939873945404363
2021-04-22 01:00:00,15.358638972579245
2021-04-22 02:00:00,15.07150976388513
2021-04-22 03:00:00,14.726419139731236
2021-04-22 04:00:00,14.501572791182948
2021-04-22 05:00:00,14.399750847399655
2021-04-22 06:00:00,14.012621638705548
2021-04-22 07:00:00,14.461387626082328
2021-04-22 08:00:00,15.99901122318429
2021-04-22 09:00:00,17.24601733387369
2021-04-22 10:00:00,19.44435099993853
2021-04-22 11:00:00,21.73295945706337
2021-04-22 12:00:00,23.13228189994392
2021-04-22 13:00:00,24.68336030271901
2021-04-22 14:00:00,26.52289938635648
2021-04-22 15:00:00,27.02505619190667
2021-04-22 16:00:00,26.671758916485476
2021-04-22 17:00:00,24.406633860084348
2021-04-22 18:00:00,21.76218931739361
2021-04-22 19:00:00,20.5082066512673
2021-04-22 20:00:00,19.399657304647445
2021-04-22 21:00:00,19.33231337560022
2021-04-22 22:00:00,17.238207611469203
2021-04-22 23:00:00,16.73148020863264
2021-04-23 00:00:00,16.761325558986414
2021-04-23 01:00:00,16.457961415459785
2021-04-23 02:00:00,17.41994088949501
2021-04-23 03:00:00,17.272592083453056
2021-04-23 04:00:00,17.283118983704327
2021-04-23 05:00:00,17.424846348548286
2021-04-23 06:00:00,18.263458722465955
2021-04-23 07:00:00,17.912964334058103
2021-04-23 08:00:00,18.3280854736664
2021-04-23 09:00:00,18.895616488218053
2021-04-23 10:00:00,20.466542237735943
2021-04-23 11:00:00,21.70151072408704
2021-04-23 12:00:00,21.113454805673133
2021-04-23 13:00:00,21.22126452807762
2021-04-23 14:00:00,21.940956264972293
2021-04-23 15:00:00,22.3170366261438
2021-04-23 16:00:00,21.71537029220864
2021-04-23 17:00:00,21.08364093097565
2021-04-23 18:00:00,20.30416583483791
2021-04-23 19:00:00,19.61114239027481
2021-04-23 20:00:00,19.25466022324576
2021-04-23 21:00:00,18.850338778559724
2021-04-23 22:00:00,17.96388712698507
2021-04-23 23:00:00,17.41006007070689
2021-04-24 00:00:00,16.850183168711602
2021-04-24 01:00:00,16.590461876564436
2021-04-24 02:00:00,16.138301154221416
2021-04-24 03:00:00,15.589628709596854
2021-04-24 04:00:00,15.590461876564436
2021-04-24 05:00:00,14.76228286014582
2021-04-24 06:00:00,14.914381515392927
2021-04-24 07:00:00,15.237467987253837
2021-04-24 08:00:00,16.161543235930456
2021-04-24 09:00:00,17.017838317455077
2021-04-24 10:00:00,18.3801211776009
2021-04-24 11:00:00,19.3691038057346
2021-04-24 12:00:00,20.411788471737967
2021-04-24 13:00:00,21.058794582427367
2021-04-24 14:00:00,21.076913528139087
2021-04-24 15:00:00,20.050245235807516
2021-04-24 16:00:00,20.04675695808906
2021-04-24 17:00:00,20.50996652795468
2021-04-24 18:00:00,19.95632655718093
2021-04-24 19:00:00,18.35466022324576
2021-04-24 20:00:00,16.537467987253837
2021-04-24 21:00:00,14.902561567998658
2021-04-24 22:00:00,14.048672444624565
2021-04-24 23:00:00,13.056326557180924
2021-04-25 00:00:00,12.394938931098595
2021-04-25 01:00:00,11.050338778559729
2021-04-25 02:00:00,10.74435099993853
2021-04-25 03:00:00,10.006049845717111
2021-04-25 04:00:00,9.8359572631668
2021-04-25 05:00:00,9.492283820347726
2021-04-25 06:00:00,9.947839277656982
2021-04-25 07:00:00,11.17931948628962
2021-04-25 08:00:00,14.041695889187658
2021-04-25 09:00:00,16.638456764069545
2021-04-25 10:00:00,19.01188201449018
2021-04-25 11:00:00,20.7050610689014
2021-04-25 12:00:00,21.83154227572855
2021-04-25 13:00:00,23.149505611592147
2021-04-25 14:00:00,23.422004152292985
2021-04-25 15:00:00,23.853733513525967
2021-04-25 16:00:00,23.246912567937187
2021-04-25 17:00:00,21.94848535912013
2021-04-25 18:00:00,20.649318526087715
2021-04-25 19:00:00,19.04400830458597
2021-04-25 20:00:00,17.717433555006608
2021-04-25 21:00:00,16.60888420838675
2021-04-25 22:00:00,15.027836321066058
2021-04-25 23:00:00,13.980308263105329
2021-04-26 00:00:00,13.933886166783168
2021-04-26 01:00:00,13.97950657179405
2021-04-26 02:00:00,13.442622598907452
2021-04-26 03:00:00,12.76163677868267
2021-04-26 04:00:00,12.319785279646885
2021-04-26 05:00:00,11.595126016603023
2021-04-26 06:00:00,10.94799488750511
2021-04-26 07:00:00,12.3889511524774
2021-04-26 08:00:00,14.06064800186696
2021-04-26 09:00:00,15.390523943660348
2021-04-26 10:00:00,16.308393736771727
2021-04-26 11:00:00,18.030429364721016
2021-04-26 12:00:00,19.25117194552731
2021-04-26 13:00:00,19.97166537373326
2021-04-26 14:00:00,21.077653152354458
2021-04-26 15:00:00,21.14144673658732
2021-04-26 16:00:00,19.974810956099155
2021-04-26 17:00:00,18.739009302780484
2021-04-26 18:00:00,17.243081594866176
2021-04-26 19:00:00,16.38246506865552
2021-04-26 20:00:00,15.101323638582606
2021-04-26 21:00:00,14.19542940271362
2021-04-26 22:00:00,13.295522945465835
2021-04-26 23:00:00,13.10141718133482
2021-04-27 00:00:00,12.1912015007798
2021-04-27 01:00:00,11.587035665941894
2021-04-27 02:00:00,11.107560569804146
2021-04-27 03:00:00,10.905894235868985
2021-04-27 04:00:00,10.337530054349749
2021-04-27 05:00:00,10.41361041552126
2021-04-27 06:00:00,10.53413531938351
2021-04-27 07:00:00,11.547839277656982
2021-04-27 08:00:00,12.762220793049908
2021-04-27 09:00:00,13.758054958212
2021-04-27 10:00:00,15.5220976950452
2021-04-27 11:00:00,16.817776250359167
2021-04-27 12:00:00,17.290523943660347
2021-04-27 13:00:00,18.622992929108698
2021-04-27 14:00:00,19.677840237858888
2021-04-27 15:00:00,20.597189279401
2021-04-27 16:00:00,19.206727402836563
2021-04-27 17:00:00,17.764782361048567
2021-04-27 18:00:00,16.70845580386764
2021-04-27 19:00:00,15.94956767868806
2021-04-27 20:00:00,15.741851499035786
2021-04-27 21:00:00,15.217098693239713
2021-04-27 22:00:00,15.2470061106894
2021-04-27 23:00:00,15.17009258255031
2021-04-28 00:00:00,15.3470061106894
2021-04-28 01:00:00,14.530647041665055
2021-04-28 02:00:00,13.775247194203924
2021-04-28 03:00:00,13.36827063876702
2021-04-28 04:00:00,12.613454805673127
2021-04-28 05:00:00,12.172592083453054
2021-04-28 06:00:00,11.767437471799438
2021-04-28 07:00:00,12.246850500841273
2021-04-28 08:00:00,13.502499500902744
2021-04-28 09:00:00,14.352838279462471
2021-04-28 10:00:00,15.617869793111378
2021-04-28 11:00:00,17.01802540295951
2021-04-28 12:00:00,18.32891864063398
2021-04-28 13:00:00,19.568208571671107
2021-04-28 14:00:00,19.448672444624563
2021-04-28 15:00:00,17.563917718424683
2021-04-28 16:00:00,15.880027634848686
2021-04-28 17:00:00,15.893825135874373
2021-04-28 18:00:00,15.477559609602242
2021-04-28 19:00:00,14.919442584294329
2021-04-28 20:00:00,13.774009264787876
2021-04-28 21:00:00,13.20922690373931
2021-04-28 22:00:00,12.610955304770386
2021-04-28 23:00:00,12.388857609725186
2021-04-29 00:00:00,11.940029555252494
2021-04-29 01:00:00,11.788117985509816
2021-04-29 02:00:00,11.345184166906112
2021-04-29 03:00:00,11.301666333935165
2021-04-29 04:00:00,10.9470061106894
2021-04-29 05:00:00,10.702655110750872
2021-04-29 06:00:00,11.45558693296556
2021-04-29 07:00:00,11.8359572631668
2021-04-29 08:00:00,14.224690738700158
2021-04-29 09:00:00,15.228241083514526
2021-04-29 10:00:00,16.532468985448347
2021-04-29 11:00:00,15.628980707729896
2021-04-29 12:00:00,17.731760836889283
2021-04-29 13:00:00,17.500771099871667
2021-04-29 14:00:00,18.32043136111004
2021-04-29 15:00:00,18.992283820347723
2021-04-29 16:00:00,19.68274569691216
2021-04-29 17:00:00,18.469936972702182
2021-04-29 18:00:00,17.273331707668422
2021-04-29 19:00:00,15.84675695808906
2021-04-29 20:00:00,14.84259112325115
2021-04-29 21:00:00,13.10663386008435
2021-04-29 22:00:00,12.73938347378934
2021-04-29 23:00:00,11.542778208755578
2021-04-30 00:00:00,11.328241083514529
2021-04-30 01:00:00,10.736790430134382
2021-04-30 02:00:00,10.19061748641256
2021-04-30 03:00:00,9.813703958273472
2021-04-30 04:00:00,9.194845388346383
2021-04-30 05:00:00,8.585462874758946
2021-04-30 06:00:00,8.727407916546944
2021-04-30 07:00:00,9.405154611653616
2021-04-30 08:00:00,9.710309223307233
2021-04-30 09:00:00,10.114630667993268
2021-04-30 10:00:00,10.557470943844764
2021-04-30 11:00:00,11.50947605633965
2021-04-30 12:00:00,12.91123593302703
2021-04-30 13:00:00,14.873456726076938
2021-04-30 14:00:00,13.869103805734602
2021-04-30 15:00:00,12.2971578037447
2021-04-30 16:00:00,11.552900346558385
2021-04-30 17:00:00,11.699166833032418
2021-04-30 18:00:00,11.532468985448348
2021-04-30 19:00:00,11.170925749517892
2021-04-30 20:00:00,10.886296041726528
2021-04-30 21:00:00,10.558054958212002
2021-04-30 22:00:00,10.43413531938351
2021-04-30 23:00:00,9.90339473496624
2021-05-01 00:00:00,9.95722179124442
2021-05-01 01:00:00,9.981974597040493
2021-05-01 02:00:00,9.908393736771728
2021-05-01 03:00:00,9.78796237566169
2021-05-01 04:00:00,9.731480208632638
2021-05-01 05:00:00,9.553733513525966
2021-05-01 06:00:00,9.457221791244422
2021-05-01 07:00:00,9.586296041726529
2021-05-01 08:00:00,10.54361137572316
2021-05-01 09:00:00,10.251234012623222
2021-05-01 10:00:00,10.638612373917672
2021-05-01 11:00:00,12.818025402959508
2021-05-01 12:00:00,14.276329513771852
2021-05-01 13:00:00,13.655493390213342
2021-05-01 14:00:00,13.349443544496232
2021-05-01 15:00:00,13.190711029164776
2021-05-01 16:00:00,11.97027966805474
2021-05-01 17:00:00,12.091699805980486
2021-05-01 18:00:00,10.936977515638812
2021-05-01 19:00:00,10.799260375784632
2021-05-01 20:00:00,9.923086471860907
2021-05-01 21:00:00,9.628980707729893
2021-05-01 22:00:00,9.957315333996634
2021-05-01 23:00:00,9.233302152415929
2021-05-02 00:00:00,9.071758916485472
2021-05-02 01:00:00,8.718765027174875
2021-05-02 02:00:00,8.73679043013438
2021-05-02 03:00:00,8.704321444686036
2021-05-02 04:00:00,8.489784319444983
2021-05-02 05:00:00,8.613703958273472
2021-05-02 06:00:00,8.994938931098597
2021-05-02 07:00:00,9.572008069085816
2021-05-02 08:00:00,10.385712027359288
2021-05-02 09:00:00,11.252254265095232
2021-05-02 10:00:00,12.813797501025686
2021-05-02 11:00:00,13.858888125179584
2021-05-02 12:00:00,14.956388624276835
2021-05-02 13:00:00,16.038363221317333
2021-05-02 14:00:00,16.79395015428289
2021-05-02 15:00:00,17.332406918352433
2021-05-02 16:00:00,17.17857986207425
2021-05-02 17:00:00,16.817036626143796
2021-05-02 18:00:00,15.60682094558878
2021-05-02 19:00:00,14.00083316696758
2021-05-02 20:00:00,12.68796237566169
2021-05-02 21:00:00,11.473363183324723
2021-05-02 22:00:00,10.364782361048569
2021-05-02 23:00:00,9.308393736771729
2021-05-03 00:00:00,8.630740584417271
2021-05-03 01:00:00,8.121358070829833
2021-05-03 02:00:00,7.446328553569947
2021-05-03 03:00:00,7.066020290464617
2021-05-03 04:00:00,6.989106762325527
2021-05-03 05:00:00,6.171914526333602
2021-05-03 06:00:00,6.105216678749529
2021-05-03 07:00:00,7.592439430195853
2021-05-03 08:00:00,9.962376402898036
2021-05-03 09:00:00,12.068364181519234
2021-05-03 10:00:00,14.279568638889964
2021-05-03 11:00:00,16.417036626143798
2021-05-03 12:00:00,17.888055918413905
2021-05-03 13:00:00,18.698240123312623
2021-05-03 14:00:00,20.596449655185637
2021-05-03 15:00:00,19.822004152292987
2021-05-03 16:00:00,18.73811406871699
2021-05-03 17:00:00,17.14234197065081
2021-05-03 18:00:00,15.612528095953332
2021-05-03 19:00:00,14.176570832786537
2021-05-03 20:00:00,13.514194429888498
2021-05-03 21:00:00,12.63737444450162
2021-05-03 22:00:00,12.546850500841272
2021-05-03 23:00:00,12.051911569742677
2021-05-04 00:00:00,12.401572791182948
2021-05-04 01:00:00,11.95564900006147
2021-05-04 02:00:00,11.439445540885254
2021-05-04 03:00:00,11.82990741744969
2021-05-04 04:00:00,12.258148500964214
2021-05-04 05:00:00,12.734073252287596
2021-05-04 06:00:00,13.343455765875037
2021-05-04 07:00:00,13.913548348425344
2021-05-04 08:00:00,14.12391963882849
2021-05-04 09:00:00,14.558576905483328
2021-05-04 10:00:00,16.286817988997853
2021-05-04 11:00:00,18.654598156149845
2021-05-04 12:00:00,19.86663578048816
2021-05-04 13:00:00,20.599937932904087
2021-05-04 14:00:00,18.60580069311677
2021-05-04 15:00:00,18.12043136111004
2021-05-04 16:00:00,19.27608036117151
2021-05-04 17:00:00,19.08123497282513
2021-05-04 18:00:00,18.446266486474038
2021-05-04 19:00:00,17.015370292208637
2021-05-04 20:00:00,16.449505611592144
2021-05-04 21:00:00,16.287129208694108
2021-05-04 22:00:00,15.321786475348944
2021-05-04 23:00:00,14.21768270760695
2021-05-05 00:00:00,14.000739624215369
2021-05-05 01:00:00,13.782807764008076
2021-05-05 02:00:00,12.781974597040492
2021-05-05 03:00:00,12.429813874697476
2021-05-05 04:00:00,11.905894235868985
2021-05-05 05:00:00,11.558888125179582
2021-05-05 06:00:00,10.87848631932204
2021-05-05 07:00:00,11.24435099993853
2021-05-05 08:00:00,12.317036626143796
2021-05-05 09:00:00,13.868364181519231
2021-05-05 10:00:00,14.946110876625903
2021-05-05 11:00:00,16.271019292270104
2021-05-05 12:00:00,17.382068139792707
2021-05-05 13:00:00,18.074351960140437
2021-05-05 14:00:00,18.29660526503376
2021-05-05 15:00:00,18.34012309800471
2021-05-05 16:00:00,18.55382705627818
2021-05-05 17:00:00,17.950338778559725
2021-05-05 18:00:00,17.3640427368332
2021-05-05 19:00:00,15.197251346496913
2021-05-05 20:00:00,13.223826096076277
2021-05-05 21:00:00,11.82913631757802
2021-05-05 22:00:00,11.19234588744364
2021-05-05 23:00:00,10.28129703992104
2021-05-06 00:00:00,9.9779023049548
2021-05-06 01:00:00,9.000249152600341
2021-05-06 02:00:00,8.714786277841394
2021-05-06 03:00:00,8.967718100056082
2021-05-06 04:00:00,8.418056878615808
2021-05-06 05:00:00,7.942809684411882
2021-05-06 06:00:00,7.721451613582047
2021-05-06 07:00:00,10.090804571916992
2021-05-06 08:00:00,12.709476056339652
2021-05-06 09:00:00,14.877902304954798
2021-05-06 10:00:00,17.0170366261438
2021-05-06 11:00:00,19.90077109987167
2021-05-06 12:00:00,21.387222751446323
2021-05-06 13:00:00,21.52219123779741
2021-05-06 14:00:00,21.55623301442871
2021-05-06 15:00:00,22.84777721056107
2021-05-06 16:00:00,21.9861404318784
2021-05-06 17:00:00,20.8470061106894
2021-05-06 18:00:00,19.32898070772989
2021-05-06 19:00:00,17.869999039798095
2021-05-06 20:00:00,16.1280539980101
2021-05-06 21:00:00,15.6829633738562
2021-05-06 22:00:00,14.681172905729213
2021-05-06 23:00:00,14.214568600897357
2021-05-07 00:00:00,14.524628671604248
2021-05-07 01:00:00,14.19712721230509
2021-05-07 02:00:00,14.294043697035102
2021-05-07 03:00:00,14.37876694757868
2021-05-07 04:00:00,14.377746695106673
2021-05-07 05:00:00,14.801604266839249
2021-05-07 06:00:00,15.216297001928432
2021-05-07 07:00:00,15.868457724271453
2021-05-07 08:00:00,17.484723250543578
2021-05-07 09:00:00,17.69916683303242
2021-05-07 10:00:00,16.613454805673133
2021-05-07 11:00:00,13.138456764069543
2021-05-07 12:00:00,14.737623597101962
2021-05-07 13:00:00,16.975247194203927
2021-05-07 14:00:00,17.82907425048211
2021-05-07 15:00:00,17.416203459176216
2021-05-07 16:00:00,17.019536127046543
2021-05-07 17:00:00,16.462314335802123
2021-05-07 18:00:00,15.337467987253836
2021-05-07 19:00:00,13.84435099993853
2021-05-07 20:00:00,12.652900346558384
2021-05-07 21:00:00,11.487035665941894
2021-05-07 22:00:00,10.707716179652277
2021-05-07 23:00:00,10.252160722343016
2021-05-08 00:00:00,9.836790430134382
2021-05-08 01:00:00,9.656482167029052
2021-05-08 02:00:00,9.31046483315536
2021-05-08 03:00:00,9.254076208878525
2021-05-08 04:00:00,9.072841236053396
2021-05-08 05:00:00,8.847193196193828
2021-05-08 06:00:00,9.146266486474032
2021-05-08 07:00:00,10.469352958334945
2021-05-08 08:00:00,12.324846348548288
2021-05-08 09:00:00,14.822962337669082
2021-05-08 10:00:00,17.047037586345702
2021-05-08 11:00:00,19.38456764069545
2021-05-08 12:00:00,19.619536127046544
2021-05-08 13:00:00,20.0170366261438
2021-05-08 14:00:00,21.236634820286252
2021-05-08 15:00:00,21.660554459114746
2021-05-08 16:00:00,21.37425841738822
2021-05-08 17:00:00,19.44336222312282
2021-05-08 18:00:00,17.3691038057346
2021-05-08 19:00:00,16.006727402836564
2021-05-08 20:00:00,14.927158763946604
2021-05-08 21:00:00,13.596511722281548
2021-05-08 22:00:00,12.728980707729892
2021-05-08 23:00:00,11.679475096137748
2021-05-09 00:00:00,12.091450653380145
2021-05-09 01:00:00,10.731480208632638
2021-05-09 02:00:00,10.08978431944498
2021-05-09 03:00:00,9.8968229419778
2021-05-09 04:00:00,8.85821056806013
2021-05-09 05:00:00,8.369415025430856
2021-05-09 06:00:00,8.494167831226928
2021-05-09 07:00:00,10.117192235991926
2021-05-09 08:00:00,12.563365179713744
2021-05-09 09:00:00,15.383056916608414
2021-05-09 10:00:00,17.92926133598654
2021-05-09 11:00:00,19.074351960140437
2021-05-09 12:00:00,19.80682094558878
2021-05-09 13:00:00,20.91364189117756
2021-05-09 14:00:00,21.37518512710801
2021-05-09 15:00:00,21.46148116883454
2021-05-09 16:00:00,21.411882014490185
2021-05-09 17:00:00,20.454660223245764
2021-05-09 18:00:00,19.67857986207425
2021-05-09 19:00:00,17.8220976950452
2021-05-09 20:00:00,15.928147540762312
2021-05-09 21:00:00,14.108704956467982
2021-05-09 22:00:00,12.991201500779802
2021-05-09 23:00:00,11.793023444563094
2021-05-10 00:00:00,11.545122099810197
2021-05-10 01:00:00,9.99577209806618
2021-05-10 02:00:00,9.705154611653615
2021-05-10 03:00:00,10.603581820470668
2021-05-10 04:00:00,10.877902304954798
2021-05-10 05:00:00,11.5940122213788
2021-05-10 06:00:00,12.465864680616493
2021-05-10 07:00:00,11.884816793295792
2021-05-10 08:00:00,10.656482167029054
2021-05-10 09:00:00,10.193272597163434
2021-05-10 10:00:00,10.350494388407856
2021-05-10 11:00:00,10.808549346619856
2021-05-10 12:00:00,11.231635818480765
2021-05-10 13:00:00,11.3889511524774
2021-05-10 14:00:00,11.888951152477398
2021-05-10 15:00:00,11.926574749579364
2021-05-10 16:00:00,12.303488277718454
2021-05-10 17:00:00,12.765031513648909
2021-05-10 18:00:00,13.381234972825126
2021-05-10 19:00:00,12.947099653441615
2021-05-10 20:00:00,12.88472325054358
2021-05-10 21:00:00,12.912964334058104
2021-05-10 22:00:00,12.836883972886596
2021-05-10 23:00:00,12.809476056339651
2021-05-11 00:00:00,12.886389584478742
2021-05-11 01:00:00,12.669352958334944
2021-05-11 02:00:00,12.736050805919014
2021-05-11 03:00:00,12.60864288937207
2021-05-11 04:00:00,12.40864288937207
2021-05-11 05:00:00,12.23172936123298
2021-05-11 06:00:00,12.435217638951434
2021-05-11 07:00:00,12.80864288937207
2021-05-11 08:00:00,13.84361137572316
2021-05-11 09:00:00,15.409382513587438
2021-05-11 10:00:00,16.944506609786657
2021-05-11 11:00:00,18.558054958212
2021-05-11 12:00:00,20.10422790193382
2021-05-11 13:00:00,21.505956302964897
2021-05-11 14:00:00,22.188857609725183
2021-05-11 15:00:00,22.006633860084357
2021-05-11 16:00:00,22.055555457309254
2021-05-11 17:00:00,21.381974597040493
2021-05-11 18:00:00,20.652067179590805
2021-05-11 19:00:00,19.58197459704049
2021-05-11 20:00:00,19.03413531938351
2021-05-11 21:00:00,18.572592083453053
2021-05-11 22:00:00,18.108549346619853
2021-05-11 23:00:00,17.656388624276836
2021-05-12 00:00:00,17.24783927765698
2021-05-12 01:00:00,16.638456764069545
2021-05-12 02:00:00,16.403488277718452
2021-05-12 03:00:00,15.869197348486816
2021-05-12 04:00:00,15.470863682421978
2021-05-12 05:00:00,14.964969446552995
2021-05-12 06:00:00,14.83938347378934
2021-05-12 07:00:00,16.00441498743825
2021-05-12 08:00:00,17.569197348486817
2021-05-12 09:00:00,19.588117985509815
2021-05-12 10:00:00,20.644506609786657
2021-05-12 11:00:00,22.071820983581382
2021-05-12 12:00:00,22.52549243001144
2021-05-12 13:00:00,24.447745734904768
2021-05-12 14:00:00,25.476819985386875
2021-05-12 15:00:00,25.73919638828491
2021-05-12 16:00:00,26.824597195947945
2021-05-12 17:00:00,26.65033877855973
2021-05-12 18:00:00,25.746110876625902
2021-05-12 19:00:00,22.512621638705543
2021-05-12 20:00:00,20.95416191804508
2021-05-12 21:00:00,19.499501694799317
2021-05-12 22:00:00,18.61163286188984
2021-05-12 23:00:00,17.545923791121478
2021-05-13 00:00:00,16.964782361048567
2021-05-13 01:00:00,16.040862722220076
2021-05-13 02:00:00,14.983640930975652
2021-05-13 03:00:00,14.220275751261912
2021-05-13 04:00:00,13.746017333873692
2021-05-13 05:00:00,13.041695889187658
2021-05-13 06:00:00,13.612715181457762
2021-05-13 07:00:00,15.89660526503376
2021-05-13 08:00:00,17.981079362977
2021-05-13 09:00:00,20.59129504353201
2021-05-13 10:00:00,22.71870296007896
2021-05-13 11:00:00,23.97333170766842
2021-05-13 12:00:00,25.781047887320696
2021-05-13 13:00:00,27.246017333873688
2021-05-13 14:00:00,27.38879554262927
2021-05-13 15:00:00,28.009226903739307
2021-05-13 16:00:00,27.05265119395804
2021-05-13 17:00:00,25.41002859505059
2021-05-13 18:00:00,24.884287012438808
2021-05-13 19:00:00,21.908113108515085
2021-05-13 20:00:00,20.10580069311677
2021-05-13 21:00:00,18.79135711062793
2021-05-13 22:00:00,18.263949194080983
2021-05-13 23:00:00,17.759721292147162
2021-05-14 00:00:00,16.689628709596853
2021-05-14 01:00:00,16.263209569865616
2021-05-14 02:00:00,16.099844390151873
2021-05-14 03:00:00,15.308549346619856
2021-05-14 04:00:00,15.438456764069546
2021-05-14 05:00:00,15.244506609786656
2021-05-14 06:00:00,15.403488277718454
2021-05-14 07:00:00,16.780401805857544
2021-05-14 08:00:00,18.85466022324576
2021-05-14 09:00:00,21.585400807663035
2021-05-14 10:00:00,23.16305396001749
2021-05-14 11:00:00,24.71762064051104
2021-05-14 12:00:00,26.772436473604927
2021-05-14 13:00:00,27.72965826484935
2021-05-14 14:00:00,28.3801526532572
2021-05-14 15:00:00,29.202343891054618
2021-05-14 16:00:00,28.84527770965833
2021-05-14 17:00:00,27.03295945706337
2021-05-14 18:00:00,23.78796237566169
2021-05-14 19:00:00,21.60355034481437
2021-05-14 20:00:00,20.02632559697902
2021-05-14 21:00:00,19.69542940271362
2021-05-14 22:00:00,19.28172544444015
2021-05-14 23:00:00,18.86885465313426
2021-05-15 00:00:00,18.804165834837907
2021-05-15 01:00:00,18.99817805621671
2021-05-15 02:00:00,18.935801653318677
2021-05-15 03:00:00,18.81959819414245
2021-05-15 04:00:00,18.63148020863264
2021-05-15 05:00:00,18.37765315235445
2021-05-15 06:00:00,18.350338778559728
2021-05-15 07:00:00,18.671758916485476
2021-05-15 08:00:00,19.013703958273474
2021-05-15 09:00:00,19.52052490386225
2021-05-15 10:00:00,20.2059877786212
2021-05-15 11:00:00,21.42151368067796
2021-05-15 12:00:00,23.02293086201278
2021-05-15 13:00:00,23.988795542629276
2021-05-15 14:00:00,23.87425841738822
2021-05-15 15:00:00,23.226419139731235
2021-05-15 16:00:00,22.72043136111004
2021-05-15 17:00:00,22.17848631932204
2021-05-15 18:00:00,21.305894235868983
2021-05-15 19:00:00,20.98629604172653
2021-05-15 20:00:00,20.91021568055502
2021-05-15 21:00:00,20.92043136111004
2021-05-15 22:00:00,20.89734488924913
2021-05-15 23:00:00,20.872592083453053
2021-05-16 00:00:00,20.84435099993853
2021-05-16 01:00:00,20.8220976950452
2021-05-16 02:00:00,20.93663482028625
2021-05-16 03:00:00,21.189628709596853
2021-05-16 04:00:00,21.166542237735943
2021-05-16 05:00:00,21.20083316696758
2021-05-16 06:00:00,20.98629604172653
2021-05-16 07:00:00,20.569103805734603
2021-05-16 08:00:00,20.6640427368332
2021-05-16 09:00:00,20.7110488475226
2021-05-16 10:00:00,20.8
2021-05-16 11:00:00,20.710215680555017
2021-05-16 12:00:00,20.42308647186091
2021-05-16 13:00:00,20.436790430134383
2021-05-16 14:00:00,20.563209569865617
2021-05-16 15:00:00,20.422253304893328
2021-05-16 16:00:00,19.890523943660348
2021-05-16 17:00:00,19.442684666003363
2021-05-16 18:00:00,18.929813874697476
2021-05-16 19:00:00,18.49567855531396
2021-05-16 20:00:00,17.829813874697475
2021-05-16 21:00:00,17.330647041665056
2021-05-16 22:00:00,16.852160722343015
2021-05-16 23:00:00,16.64277820875558
2021-05-17 00:00:00,16.40947605633965
2021-05-17 01:00:00,16.20947605633965
2021-05-17 02:00:00,16.06163677868267
2021-05-17 03:00:00,15.67268562620527
2021-05-17 04:00:00,15.41969173689467
2021-05-17 05:00:00,15.171019292270106
2021-05-17 06:00:00,15.134228862135725
2021-05-17 07:00:00,15.040123098004708
2021-05-17 08:00:00,14.797344889249128
2021-05-17 09:00:00,15.111882014490185
2021-05-17 10:00:00,15.728241083514526
2021-05-17 11:00:00,15.526419139731235
2021-05-17 12:00:00,15.077746695106672
2021-05-17 13:00:00,14.99916683303242
2021-05-17 14:00:00,15.227407916546944
2021-05-17 15:00:00,15.265031513648909
2021-05-17 16:00:00,16.118858569927088
2021-05-17 17:00:00,15.962376402898036
2021-05-17 18:00:00,15.965864680616493
2021-05-17 19:00:00,15.941945041788
2021-05-17 20:00:00,15.622346847645543
2021-05-17 21:00:00,15.565958223368703
2021-05-17 22:00:00,15.500926709719796
2021-05-17 23:00:00,15.28638958447874
2021-05-18 00:00:00,14.957159724148507
2021-05-18 01:00:00,14.561387626082327
2021-05-18 02:00:00,14.225585972763657
2021-05-18 03:00:00,14.55200511249489
2021-05-18 04:00:00,14.078579862074251
2021-05-18 05:00:00,13.62990741744969
2021-05-18 06:00:00,13.68712920869411
2021-05-18 07:00:00,14.452993889310598
2021-05-18 08:00:00,15.316203459176217
2021-05-18 09:00:00,16.085462874758946
2021-05-18 10:00:00,17.25382705627818
2021-05-18 11:00:00,18.138705916669885
2021-05-18 12:00:00,19.094261373979144
2021-05-18 13:00:00,20.774414027236343
2021-05-18 14:00:00,21.351171945527305
2021-05-18 15:00:00,22.416203459176216
2021-05-18 16:00:00,22.916203459176216
2021-05-18 17:00:00,21.724565720291643
2021-05-18 18:00:00,20.917744774702864
2021-05-18 19:00:00,18.823514876380024
2021-05-18 20:00:00,17.08348532112753
2021-05-18 21:00:00,16.353577903677838
2021-05-18 22:00:00,15.680985820224784
2021-05-18 23:00:00,14.91969173689467
2021-05-19 00:00:00,14.38114143007291
2021-05-19 01:00:00,13.801666333935165
2021-05-19 02:00:00,13.413703958273471
2021-05-19 03:00:00,12.943611375723162
2021-05-19 04:00:00,12.704321444686036
2021-05-19 05:00:00,12.42068051371038
2021-05-19 06:00:00,12.195094540946728
2021-05-19 07:00:00,13.603332667870326
2021-05-19 08:00:00,14.909071293891182
2021-05-19 09:00:00,18.062158725953992
2021-05-19 10:00:00,20.60243743380683
2021-05-19 11:00:00,22.62891864063398
2021-05-19 12:00:00,23.581079362977
2021-05-19 13:00:00,24.894845388346383
2021-05-19 14:00:00,25.58796237566169
2021-05-19 15:00:00,24.96144969317824
2021-05-19 16:00:00,24.974164874636003
2021-05-19 17:00:00,24.869843429949967
2021-05-19 18:00:00,23.539102845532696
2021-05-19 19:00:00,21.93978040265215
2021-05-19 20:00:00,20.401323638582607
2021-05-19 21:00:00,19.183453845471227
2021-05-19 22:00:00,18.738301154221418
2021-05-19 23:00:00,18.64336222312282
2021-05-20 00:00:00,17.43413531938351
2021-05-20 01:00:00,17.449505611592144
2021-05-20 02:00:00,16.95539984746113
2021-05-20 03:00:00,16.662376402898037
2021-05-20 04:00:00,16.93148020863264
2021-05-20 05:00:00,17.033146542567803
2021-05-20 06:00:00,17.05706618139629
2021-05-20 07:00:00,17.439196388284913
2021-05-20 08:00:00,17.90073962421537
2021-05-20 09:00:00,18.344350999938527
2021-05-20 10:00:00,19.377746695106676
2021-05-20 11:00:00,20.48197459704049
2021-05-20 12:00:00,20.88462970779136
2021-05-20 13:00:00,20.424814872891982
2021-05-20 14:00:00,16.275153651451713
2021-05-20 15:00:00,16.130553498912843
2021-05-20 16:00:00,16.556139471676495
2021-05-20 17:00:00,16.31178847173797
2021-05-20 18:00:00,15.53413531938351
2021-05-20 19:00:00,15.50083316696758
2021-05-20 20:00:00,15.376913528139092
2021-05-20 21:00:00,15.452160722343017
2021-05-20 22:00:00,15.466697847584072
2021-05-20 23:00:00,15.416203459176216
2021-05-21 00:00:00,15.297344889249128
2021-05-21 01:00:00,15.223919638828493
2021-05-21 02:00:00,14.87691352813909
2021-05-21 03:00:00,14.772592083453056
2021-05-21 04:00:00,14.595678555313963
2021-05-21 05:00:00,14.43330215241593
2021-05-21 06:00:00,14.285462874758943
2021-05-21 07:00:00,14.209382513587435
2021-05-21 08:00:00,14.232468985448348
2021-05-21 09:00:00,14.272592083453056
2021-05-21 10:00:00,14.26743747179944
2021-05-21 11:00:00,14.26743747179944
2021-05-21 12:00:00,14.56743747179944
2021-05-21 13:00:00,14.591357110627929
2021-05-21 14:00:00,14.9470061106894
2021-05-21 15:00:00,15.37524719420393
2021-05-21 16:00:00,16.03413531938351
2021-05-21 17:00:00,15.586296041726529
2021-05-21 18:00:00,15.394105764131016
2021-05-21 19:00:00,15.317192235991929
2021-05-21 20:00:00,15.08040180585754
2021-05-21 21:00:00,14.418765027174874
2021-05-21 22:00:00,14.29817805621671
2021-05-21 23:00:00,13.294689778498256
2021-05-22 00:00:00,13.11203762433831
2021-05-22 01:00:00,13.061543235930454
2021-05-22 02:00:00,12.828980707729892
2021-05-22 03:00:00,12.93919638828491
2021-05-22 04:00:00,12.575247194203929
2021-05-22 05:00:00,12.3
2021-05-22 06:00:00,12.199166833032418
2021-05-22 07:00:00,13.426512682483448
2021-05-22 08:00:00,15.106914488340994
2021-05-22 09:00:00,16.611142390274814
2021-05-22 10:00:00,17.96503151364891
2021-05-22 11:00:00,19.646110876625904
2021-05-22 12:00:00,20.81271518145776
2021-05-22 13:00:00,22.163147502769704
2021-05-22 14:00:00,22.724752805796072
2021-05-22 15:00:00,23.00854934661986
2021-05-22 16:00:00,22.779475096137745
2021-05-22 17:00:00,21.93070910876097
2021-05-22 18:00:00,20.800895234063496
2021-05-22 19:00:00,20.099104765936502
2021-05-22 20:00:00,18.37175891648548
2021-05-22 21:00:00,17.376080361171507
2021-05-22 22:00:00,16.87931948628962
2021-05-22 23:00:00,15.438456764069546
2021-05-23 00:00:00,14.824752805796074
2021-05-23 01:00:00,14.222253304893329
2021-05-23 02:00:00,13.91361041552126
2021-05-23 03:00:00,13.237623597101964
2021-05-23 04:00:00,12.62391963882849
2021-05-23 05:00:00,12.552160722343018
2021-05-23 06:00:00,12.636790430134385
2021-05-23 07:00:00,14.256482167029052
2021-05-23 08:00:00,16.54876598737678
2021-05-23 09:00:00,17.539289931037125
2021-05-23 10:00:00,19.821358070829834
2021-05-23 11:00:00,21.857992891116087
2021-05-23 12:00:00,23.074102807540093
2021-05-23 13:00:00,24.180246196009413
2021-05-23 14:00:00,23.915214682360507
2021-05-23 15:00:00,24.383640930975652
2021-05-23 16:00:00,23.752838279462477
2021-05-23 17:00:00,22.11851587457453
2021-05-23 18:00:00,20.71592283091957
2021-05-23 19:00:00,19.87323816491621
2021-05-23 20:00:00,18.73978040265215
2021-05-23 21:00:00,18.102156805550187
2021-05-23 22:00:00,17.58172544444015
2021-05-23 23:00:00,16.78354738822344
2021-05-24 00:00:00,16.420431361110037
2021-05-24 01:00:00,16.283796540823783
2021-05-24 02:00:00,15.899166833032416
2021-05-24 03:00:00,15.54617294372182
2021-05-24 04:00:00,16.241695889187657
2021-05-24 05:00:00,15.893856611530676
2021-05-24 06:00:00,15.626419139731237
2021-05-24 07:00:00,15.8640427368332
2021-05-24 08:00:00,16.20083316696758
2021-05-24 09:00:00,16.488795542629273
2021-05-24 10:00:00,16.872592083453053
2021-05-24 11:00:00,18.294105764131015
2021-05-24 12:00:00,20.209476056339653
2021-05-24 13:00:00,21.5589816679318
2021-05-24 14:00:00,22.02225330489333
2021-05-24 15:00:00,23.435801653318677
2021-05-24 16:00:00,23.36669784758407
2021-05-24 17:00:00,23.115308225112724
2021-05-24 18:00:00,20.806665335740654
2021-05-24 19:00:00,18.53157375138485
2021-05-24 20:00:00,17.323919638828492
2021-05-24 21:00:00,16.898271598968925
2021-05-24 22:00:00,16.018765027174876
2021-05-24 23:00:00,14.903394734966238
2021-05-25 00:00:00,14.645433319506452
2021-05-25 01:00:00,14.005310221501745
2021-05-25 02:00:00,13.491606263228272
2021-05-25 03:00:00,13.31469273508918
2021-05-25 04:00:00,13.274569637084472
2021-05-25 05:00:00,13.618025402959509
2021-05-25 06:00:00,13.342840275851492
2021-05-25 07:00:00,12.8889511524774
2021-05-25 08:00:00,12.483056916608415
2021-05-25 09:00:00,13.392439430195854
2021-05-25 10:00:00,16.301853419439592
2021-05-25 11:00:00,18.02916779323432
2021-05-25 12:00:00,18.59379454443476
2021-05-25 13:00:00,18.775247194203928
2021-05-25 14:00:00,19.289722252349065
2021-05-25 15:00:00,19.539321406693425
2021-05-25 16:00:00,20.125617448419955
2021-05-25 17:00:00,19.38888908538149
2021-05-25 18:00:00,18.64694404359349
2021-05-25 19:00:00,17.412715181457763
2021-05-25 20:00:00,15.86827063876702
2021-05-25 21:00:00,14.948578901872349
2021-05-25 22:00:00,13.813703958273472
2021-05-25 23:00:00,13.362376402898038
2021-05-26 00:00:00,12.293116987315308
2021-05-26 01:00:00,12.535062029103305
2021-05-26 02:00:00,12.436883972886596
2021-05-26 03:00:00,11.976173903923724
2021-05-26 04:00:00,12.130989737017613
2021-05-26 05:00:00,12.148921597224906
2021-05-26 06:00:00,12.132562528200562
2021-05-26 07:00:00,13.286296041726526
2021-05-26 08:00:00,14.562376402898035
2021-05-26 09:00:00,15.661543235930456
2021-05-26 10:00:00,17.447099653441615
2021-05-26 11:00:00,19.766791390336287
2021-05-26 12:00:00,20.41114239027481
2021-05-26 13:00:00,22.22577305826808
2021-05-26 14:00:00,24.09644965518563
2021-05-26 15:00:00,22.655493390213344
2021-05-26 16:00:00,22.281234972825125
2021-05-26 17:00:00,21.467531014551653
2021-05-26 18:00:00,21.033302152415928
2021-05-26 19:00:00,20.48114143007291
2021-05-26 20:00:00,19.440029555252494
2021-05-26 21:00:00,18.479475096137747
2021-05-26 22:00:00,17.523826096076277
2021-05-26 23:00:00,17.07108135936602
2021-05-27 00:00:00,16.804289969029735
2021-05-27 01:00:00,16.07166537373326
2021-05-27 02:00:00,15.777653152354455
2021-05-27 03:00:00,15.91527674945642
2021-05-27 04:00:00,15.61021568055502
2021-05-27 05:00:00,15.51287079130589
2021-05-27 06:00:00,15.452160722343017
2021-05-27 07:00:00,15.61021568055502
2021-05-27 08:00:00,14.3889511524774
2021-05-27 09:00:00,14.72151368067796
2021-05-27 10:00:00,15.341945041787998
2021-05-27 11:00:00,16.104321444686033
2021-05-27 12:00:00,16.58712920869411
2021-05-27 13:00:00,17.704259377590123
2021-05-27 14:00:00,17.141111874820417
2021-05-27 15:00:00,17.85740887674885
2021-05-27 16:00:00,19.15401414178261
2021-05-27 17:00:00,19.520618446614467
2021-05-27 18:00:00,18.72293086201278
2021-05-27 19:00:00,16.940862722220075
2021-05-27 20:00:00,15.51444358248884
2021-05-27 21:00:00,14.70422790193382
2021-05-27 22:00:00,14.151327555375437
2021-05-27 23:00:00,13.759876901995291
2021-05-28 00:00:00,13.250494388407857
2021-05-28 01:00:00,12.64376698557129
2021-05-28 02:00:00,12.641111874820416
2021-05-28 03:00:00,12.568364181519234
2021-05-28 04:00:00,13.123180014613125
2021-05-28 05:00:00,13.299260375784632
2021-05-28 06:00:00,12.97873547192238
2021-05-28 07:00:00,12.833395695168145
2021-05-28 08:00:00,13.029074250482108
2021-05-28 09:00:00,12.727407916546944
2021-05-28 10:00:00,12.116359069024345
2021-05-28 11:00:00,12.353982666126308
2021-05-28 12:00:00,13.212131167090522
2021-05-28 13:00:00,13.936883972886594
2021-05-28 14:00:00,16.249015139977118
2021-05-28 15:00:00,17.8858055701115
2021-05-28 16:00:00,19.648765987376777
2021-05-28 17:00:00,19.468270638767017
2021-05-28 18:00:00,17.581974597040492
2021-05-28 19:00:00,16.319598194142454
2021-05-28 20:00:00,15.42126452807762
2021-05-28 21:00:00,14.921264528077618
2021-05-28 22:00:00,14.75888812517958
2021-05-28 23:00:00,14.481974597040493
2021-05-29 00:00:00,14.2940122213788
2021-05-29 01:00:00,14.109382513587438
2021-05-29 02:00:00,13.538518831165458
2021-05-29 03:00:00,13.120431361110036
2021-05-29 04:00:00,12.558210568060128
2021-05-29 05:00:00,12.18114143007291
2021-05-29 06:00:00,12.275247194203926
2021-05-29 07:00:00,14.394043697035103
2021-05-29 08:00:00,16.291544196132357
2021-05-29 09:00:00,18.190804571916992
2021-05-29 10:00:00,19.574445502892647
2021-05-29 11:00:00,20.677007070891303
2021-05-29 12:00:00,21.90425937759012
2021-05-29 13:00:00,22.5009267097198
2021-05-29 14:00:00,20.710955304770383
2021-05-29 15:00:00,20.95555545730926
2021-05-29 16:00:00,21.06163677868267
2021-05-29 17:00:00,19.07425841738822
2021-05-29 18:00:00,18.31620345917621
2021-05-29 19:00:00,17.709476056339653
2021-05-29 20:00:00,17.32916779323432
2021-05-29 21:00:00,16.40947605633965
2021-05-29 22:00:00,15.560803611715087
2021-05-29 23:00:00,14.889044695229614
2021-05-30 00:00:00,14.098271598968925
2021-05-30 01:00:00,13.592439430195853
2021-05-30 02:00:00,13.241945041788
2021-05-30 03:00:00,12.595094540946723
2021-05-30 04:00:00,12.534384471983852
2021-05-30 05:00:00,12.364353956529454
2021-05-30 06:00:00,12.90364388756658
2021-05-30 07:00:00,14.302748653503087
2021-05-30 08:00:00,15.83855030682176
2021-05-30 09:00:00,18.041976517444297
2021-05-30 10:00:00,20.16074154461917
2021-05-30 11:00:00,22.12135807082983
2021-05-30 12:00:00,23.629907417449687
2021-05-30 13:00:00,25.07268562620527
2021-05-30 14:00:00,25.47009258255031
2021-05-30 15:00:00,26.24095626497229
2021-05-30 16:00:00,26.92891864063398
2021-05-30 17:00:00,26.010893237674477
2021-05-30 18:00:00,25.18780676581356
2021-05-30 19:00:00,22.79459623574604
2021-05-30 20:00:00,17.93756153000605
2021-05-30 21:00:00,16.939289931037127
2021-05-30 22:00:00,17.040123098004706
2021-05-30 23:00:00,16.39135711062793
2021-05-31 00:00:00,16.8
2021-05-31 01:00:00,17.004321444686035
2021-05-31 02:00:00,17.16669784758407
2021-05-31 03:00:00,17.243611375723162
2021-05-31 04:00:00,16.851327555375434
2021-05-31 05:00:00,16.533302152415928
2021-05-31 06:00:00,16.337623597101963
2021-05-31 07:00:00,16.37873547192238
2021-05-31 08:00:00,17.118025402959507
2021-05-31 09:00:00,18.086296041726527
2021-05-31 10:00:00,19.296667332129672
2021-05-31 11:00:00,19.552067179590804
2021-05-31 12:00:00,20.54002955525249
2021-05-31 13:00:00,21.5861404318784
2021-05-31 14:00:00,22.17950657179405
2021-05-31 15:00:00,23.03240691835244
2021-05-31 16:00:00,23.0059877786212
2021-05-31 17:00:00,23.1539205990304
2021-05-31 18:00:00,22.84277820875558
2021-05-31 19:00:00,21.675247194203926
2021-05-31 20:00:00,20.533146542567803
2021-05-31 21:00:00,20.14259112325115
2021-05-31 22:00:00,19.080059110504987
2021-05-31 23:00:00,18.252900346558384
2021-06-01 00:00:00,17.710122137802806
2021-06-01 01:00:00,17.536634820286256
2021-06-01 02:00:00,16.99052394366035
2021-06-01 03:00:00,16.956388624276837
2021-06-01 04:00:00,17.275153651451713
2021-06-01 05:00:00,17.20762263690006
2021-06-01 06:00:00,18.23138666588042
2021-06-01 07:00:00,18.62981387469748
2021-06-01 08:00:00,20.07342525042064
2021-06-01 09:00:00,21.33496848635109
2021-06-01 10:00:00,21.94361137572316
2021-06-01 11:00:00,23.802499500902744
2021-06-01 12:00:00,24.65126548827952
2021-06-01 13:00:00,25.60947605633965
2021-06-01 14:00:00,26.296543197937847
2021-06-01 15:00:00,26.086233974630616
2021-06-01 16:00:00,25.30333266787032
2021-06-01 17:00:00,24.670770139669763
2021-06-01 18:00:00,23.411788471737964
2021-06-01 19:00:00,23.61959819414245
2021-06-01 20:00:00,22.431635818480764
2021-06-01 21:00:00,22.199750847399656
2021-06-01 22:00:00,20.760554459114747
2021-06-01 23:00:00,20.117869793111375
2021-06-02 00:00:00,19.20323912511811
2021-06-02 01:00:00,19.18447409794324
2021-06-02 02:00:00,18.87691352813909
2021-06-02 03:00:00,17.94277820875558
2021-06-02 04:00:00,17.336634820286257
2021-06-02 05:00:00,16.406727402836566
2021-06-02 06:00:00,16.724752805796076
2021-06-02 07:00:00,18.20780972240449
2021-06-02 08:00:00,20.12484634854829
2021-06-02 09:00:00,22.472530016357144
2021-06-02 10:00:00,24.780184128913504
2021-06-02 11:00:00,26.35466022324577
2021-06-02 12:00:00,27.958148500964214
2021-06-02 13:00:00,28.25824204371643
2021-06-02 14:00:00,29.021358070829837
2021-06-02 15:00:00,29.25466022324576
2021-06-02 16:00:00,29.271883934893985
2021-06-02 17:00:00,28.97336318332472
2021-06-02 18:00:00,27.60657179298844
2021-06-02 19:00:00,25.914287972640714
2021-06-02 20:00:00,22.994502692993827
2021-06-02 21:00:00,21.53728090174941
2021-06-02 22:00:00,21.28271422125586
2021-06-02 23:00:00,20.33638566768591
2021-06-03 00:00:00,20.42052490386225
2021-06-03 01:00:00,19.76487590380078
2021-06-03 02:00:00,19.297500499097254
2021-06-03 03:00:00,18.75888812517958
2021-06-03 04:00:00,18.95382705627818
2021-06-03 05:00:00,18.554504613397636
2021-06-03 06:00:00,18.239289931037128
2021-06-03 07:00:00,19.85308743206281
2021-06-03 08:00:00,19.896511722281545
2021-06-03 09:00:00,20.856482167029053
2021-06-03 10:00:00,21.18197459704049
2021-06-03 11:00:00,18.91842233182232
2021-06-03 12:00:00,19.05049438840785
2021-06-03 13:00:00,19.40422790193382
2021-06-03 14:00:00,18.789690776692765
2021-06-03 15:00:00,18.261543235930453
2021-06-03 16:00:00,18.328241083514524
2021-06-03 17:00:00,18.48712920869411
2021-06-03 18:00:00,18.46237640289804
2021-06-03 19:00:00,18.338456764069544
2021-06-03 20:00:00,18.162376402898037
2021-06-03 21:00:00,18.200833166967584
2021-06-03 22:00:00,15.767094776446882
2021-06-03 23:00:00,14.480755627349597
2021-06-04 02:00:00,13.012354671846593
2021-06-04 03:00:00,13.572592083453056
2021-06-04 04:00:00,12.968015340299186
2021-06-04 05:00:00,12.872592083453055
2021-06-04 06:00:00,12.871758916485474
2021-06-04 07:00:00,13.779568638889964
2021-06-04 08:00:00,15.32228478054963
2021-06-04 09:00:00,16.881172905729212
2021-06-04 10:00:00,18.328334626266734
2021-06-04 11:00:00,20.481328515577346
2021-06-04 12:00:00,22.35740887674885
2021-06-04 13:00:00,23.1400610309088
2021-06-04 14:00:00,23.626419139731237
2021-06-04 15:00:00,24.044288932842612
2021-06-04 16:00:00,23.614381515392928
2021-06-04 17:00:00,23.284474097943235
2021-06-04 18:00:00,21.97931948628962
2021-06-04 19:00:00,20.54941206883993
2021-06-04 20:00:00,18.675986818419297
2021-06-04 21:00:00,17.80422790193382
2021-06-04 22:00:00,17.136790430134383
2021-06-04 23:00:00,16.69052394366035
2021-06-05 00:00:00,16.148088430257324
2021-06-05 01:00:00,16.22849023611487
2021-06-05 02:00:00,15.959292887628052
2021-06-05 03:00:00,16.155804609909598
2021-06-05 04:00:00,15.901915486535504
2021-06-05 05:00:00,15.86246994565025
2021-06-05 06:00:00,16.294199306883232
2021-06-05 07:00:00,17.350587931160067
2021-06-05 08:00:00,17.913797501025687
2021-06-05 09:00:00,19.43447801473607
2021-06-05 10:00:00,21.17210161183803
2021-06-05 11:00:00,22.727190239602905
2021-06-05 12:00:00,23.949443544496237
2021-06-05 13:00:00,23.965553460920237
2021-06-05 14:00:00,24.68697359884598
2021-06-05 15:00:00,24.70932044649152
2021-06-05 16:00:00,24.637467987253835
2021-06-05 17:00:00,24.246850500841276
2021-06-05 18:00:00,23.770770139669764
2021-06-05 19:00:00,22.10663386008435
2021-06-05 20:00:00,20.70496752614919
2021-06-05 21:00:00,19.71012213780281
2021-06-05 22:00:00,19.0520671795908
2021-06-05 23:00:00,18.665031513648906
2021-06-06 00:00:00,18.552160722343014
2021-06-06 01:00:00,18.63256252820056
2021-06-06 02:00:00,18.747099653441616
2021-06-06 03:00:00,18.50864288937207
2021-06-06 04:00:00,18.221358070829837
2021-06-06 05:00:00,18.057159724148505
2021-06-06 06:00:00,18.175185127108016
2021-06-06 07:00:00,18.96237640289804
2021-06-06 08:00:00,20.39327259716343
2021-06-06 09:00:00,22.124013181580704
2021-06-06 10:00:00,22.752993889310595
2021-06-06 11:00:00,23.37092574951789
2021-06-06 12:00:00,23.90166633393516
2021-06-06 13:00:00,25.0280854736664
2021-06-06 14:00:00,25.94876598737677
2021-06-06 15:00:00,26.35450461339764
2021-06-06 16:00:00,26.299104765936505
2021-06-06 17:00:00,26.558826058083667
2021-06-06 18:00:00,25.845028557057987
2021-06-06 19:00:00,23.945923791121476
2021-06-06 20:00:00,22.119504651390244
2021-06-06 21:00:00,20.767343929047225
2021-06-06 22:00:00,20.06567759511206
2021-06-06 23:00:00,19.56228286014582
2021-06-07 00:00:00,19.1059877786212
2021-06-07 01:00:00,18.385618484607072
2021-06-07 02:00:00,18.155493390213344
2021-06-07 03:00:00,17.207560569804148
2021-06-07 04:00:00,17.062376402898035
2021-06-07 05:00:00,16.93762359710196
2021-06-07 06:00:00,17.541945041787997
2021-06-07 07:00:00,18.274414027236347
2021-06-07 08:00:00,18.903332667870323
2021-06-07 09:00:00,20.631667294137067
2021-06-07 10:00:00,21.553087432062817
2021-06-07 11:00:00,22.743549308627248
2021-06-07 12:00:00,21.786483127230955
2021-06-07 13:00:00,22.46246994565025
2021-06-07 14:00:00,24.76074154461917
2021-06-07 15:00:00,25.93839469697363
2021-06-07 16:00:00,26.145371252410538
2021-06-07 17:00:00,25.988982628133705
2021-06-07 18:00:00,25.00592571152529
2021-06-07 19:00:00,23.7170366261438
2021-06-07 20:00:00,21.718609417326743
2021-06-07 21:00:00,21.2331465425678
2021-06-07 22:00:00,19.897251346496915
2021-06-07 23:00:00,19.974164874636003
2021-06-08 00:00:00,19.546912567937188
2021-06-08 01:00:00,19.355555457309254
2021-06-08 02:00:00,19.442622598907448
2021-06-08 03:00:00,18.91876502717487
2021-06-08 04:00:00,18.368270638767022
2021-06-08 05:00:00,18.225585972763653
2021-06-08 06:00:00,18.301666333935167
2021-06-08 07:00:00,19.219691736894667
2021-06-08 08:00:00,21.615837121753017
2021-06-08 09:00:00,22.92484634854829
2021-06-08 10:00:00,24.712808724209975
2021-06-08 11:00:00,24.945987762311916
2021-06-08 12:00:00,26.815370292208637
2021-06-08 13:00:00,27.50067755711945
2021-06-08 14:00:00,27.038978711340874
2021-06-08 15:00:00,25.664377598600097
2021-06-08 16:00:00,26.180985820224784
2021-06-08 17:00:00,24.48777529015726
2021-06-08 18:00:00,23.4773104570019
2021-06-08 19:00:00,22.83123105603229
2021-06-08 20:00:00,22.169936972702185
2021-06-08 21:00:00,21.31163286188984
2021-06-08 22:00:00,20.68953516684464
2021-06-08 23:00:00,20.56561552801615
2021-06-09 00:00:00,20.309133360987097
2021-06-09 01:00:00,19.68870199987705
2021-06-09 02:00:00,19.155399847461126
2021-06-09 03:00:00,18.929813874697476
2021-06-09 04:00:00,18.96827063876702
2021-06-09 05:00:00,18.97931948628962
2021-06-09 06:00:00,19.340862722220077
2021-06-09 07:00:00,19.974258417388217
2021-06-09 08:00:00,21.48290130676029
2021-06-09 09:00:00,23.702499500902743
2021-06-09 10:00:00,25.658148500964217
2021-06-09 11:00:00,27.2861404318784
2021-06-09 12:00:00,28.98024619600941
2021-06-09 13:00:00,30.101666333935164
2021-06-09 14:00:00,30.5898778621972
2021-06-09 15:00:00,31.154660223245763
2021-06-09 16:00:00,31.26064800186696
2021-06-09 17:00:00,29.236230057837787
2021-06-09 18:00:00,28.23638566768592
2021-06-09 19:00:00,27.272342930852712
2021-06-09 20:00:00,25.96379358423286
2021-06-09 21:00:00,24.527929863818272
2021-06-09 22:00:00,23.5192869744462
2021-06-09 23:00:00,23.02450365319573
2021-06-10 00:00:00,22.25274473671025
2021-06-10 01:00:00,22.493023444563093
2021-06-10 02:00:00,21.74595526677778
2021-06-10 03:00:00,21.399844390151877
2021-06-10 04:00:00,21.500677557119456
2021-06-10 05:00:00,21.03657275319034
2021-06-10 06:00:00,21.269197348486813
2021-06-10 07:00:00,22.29046187656444
2021-06-10 08:00:00,23.94345576587504
2021-06-10 09:00:00,25.37857986207425
2021-06-10 10:00:00,27.15981483489938
2021-06-10 11:00:00,28.48456764069545
2021-06-10 12:00:00,28.860803611715085
2021-06-10 13:00:00,29.87351879317285
2021-06-10 14:00:00,29.70666533574065
2021-06-10 15:00:00,28.571019292270105
2021-06-10 16:00:00,28.210215680555017
2021-06-10 17:00:00,27.629813874697472
2021-06-10 18:00:00,25.531013379088257
2021-06-10 19:00:00,24.496294045337503
2021-06-10 20:00:00,24.85216072234301
2021-06-10 21:00:00,25.018858569927087
2021-06-10 22:00:00,21.150494388407857
2021-06-10 23:00:00,19.81793186020729
2021-06-11 00:00:00,19.804321444686035
2021-06-11 01:00:00,20.123180014613123
2021-06-11 02:00:00,20.95225426509523
2021-06-11 03:00:00,20.657315333996632
2021-06-11 04:00:00,20.23172936123298
2021-06-11 05:00:00,20.06851979136736
2021-06-11 06:00:00,19.904321444686037
2021-06-11 07:00:00,20.35731533399663
2021-06-11 08:00:00,21.134228862135725
2021-06-11 09:00:00,22.12052490386225
2021-06-11 10:00:00,22.31188201449018
2021-06-11 11:00:00,21.915954306575877
2021-06-11 12:00:00,23.358670448235543
2021-06-11 13:00:00,24.76663578048816
2021-06-11 14:00:00,25.406509725892526
2021-06-11 15:00:00,23.956139471676494
2021-06-11 16:00:00,24.593763068778458
2021-06-11 17:00:00,23.6141944298885
2021-06-11 18:00:00,23.519504651390243
2021-06-11 19:00:00,22.36552198526393
2021-06-11 20:00:00,21.82706522119439
2021-06-11 21:00:00,21.310799694922256
2021-06-11 22:00:00,20.219349041542117
2021-06-11 23:00:00,19.844101847338187
2021-06-12 00:00:00,19.38172544444015
2021-06-12 01:00:00,18.76296041726528
2021-06-12 02:00:00,18.4331465425678
2021-06-12 03:00:00,18.279319486289623
2021-06-12 04:00:00,17.95456668049355
2021-06-12 05:00:00,17.952900346558387
2021-06-12 06:00:00,18.305894235868983
2021-06-12 07:00:00,18.653733513525964
2021-06-12 08:00:00,19.152900346558383
2021-06-12 09:00:00,20.385462874758947
2021-06-12 10:00:00,22.106727402836565
2021-06-12 11:00:00,24.4022503483024
2021-06-12 12:00:00,25.455150694860784
2021-06-12 13:00:00,26.98937955699651
2021-06-12 14:00:00,27.898917680432078
2021-06-12 15:00:00,28.22018220850969
2021-06-12 16:00:00,27.11144577638541
2021-06-12 17:00:00,26.468854653134255
2021-06-12 18:00:00,26.045768181273356
2021-06-12 19:00:00,24.72863801237734
2021-06-12 20:00:00,23.60456276370072
2021-06-12 21:00:00,22.3003348617669
2021-06-12 22:00:00,21.334719333750748
2021-06-12 23:00:00,20.650922792926966
2021-06-13 00:00:00,20.32965826484935
2021-06-13 01:00:00,20.0801526532572
2021-06-13 02:00:00,20.27592475132338
2021-06-13 03:00:00,20.086973598845983
2021-06-13 04:00:00,19.384474097943237
2021-06-13 05:00:00,19.1640427368332
2021-06-13 06:00:00,19.1
2021-06-13 07:00:00,19.660554459114746
2021-06-13 08:00:00,20.60166633393516
2021-06-13 09:00:00,20.866604304831856
2021-06-13 10:00:00,20.96660430483185
2021-06-13 11:00:00,23.23512409619922
2021-06-13 12:00:00,24.626263529883104
2021-06-13 13:00:00,25.556910571548165
2021-06-13 14:00:00,26.43049143181693
2021-06-13 15:00:00,26.584442622286936
2021-06-13 16:00:00,26.77157183098105
2021-06-13 17:00:00,25.252775328149863
2021-06-13 18:00:00,22.76283539885676
2021-06-13 19:00:00,21.71848439891823
2021-06-13 20:00:00,20.2331150669115
2021-06-13 21:00:00,19.170676596917552
2021-06-13 22:00:00,18.79635611243342
2021-06-13 23:00:00,18.53157375138485
2021-06-14 00:00:00,18.190617486412563
2021-06-14 01:00:00,18.19228382034773
2021-06-14 02:00:00,17.99228382034773
2021-06-14 03:00:00,17.77185245923769
2021-06-14 04:00:00,17.54444454269074
2021-06-14 05:00:00,17.571019292270105
2021-06-14 06:00:00,17.60682094558878
2021-06-14 07:00:00,17.782652154159948
2021-06-14 08:00:00,18.27484243175546
2021-06-14 09:00:00,19.468792586038347
2021-06-14 10:00:00,21.061971640449567
2021-06-14 11:00:00,22.56203370754548
2021-06-14 12:00:00,24.06885465313426
2021-06-14 13:00:00,26.126076444378675
2021-06-14 14:00:00,27.20323912511811
2021-06-14 15:00:00,27.53471933375075
2021-06-14 16:00:00,25.591076482371285
2021-06-14 17:00:00,24.147465106648124
2021-06-14 18:00:00,23.502468025246444
2021-06-14 19:00:00,22.211017371866298
2021-06-14 20:00:00,21.159534206642736
2021-06-14 21:00:00,20.30215680555019
2021-06-14 22:00:00,20.03289738996746
2021-06-14 23:00:00,20.249350001744016
2021-06-15 00:00:00,20.54851683477644
2021-06-15 01:00:00,20.685307264910826
2021-06-15 02:00:00,20.622930862012783
2021-06-15 03:00:00,20.774258417388214
2021-06-15 04:00:00,20.580985820224782
2021-06-15 05:00:00,20.805738626020855
2021-06-15 06:00:00,20.74086272222008
2021-06-15 07:00:00,21.1220976950452
2021-06-15 08:00:00,21.75117194552731
2021-06-15 09:00:00,22.02725230669882
2021-06-15 10:00:00,22.78978431944498
2021-06-15 11:00:00,22.962376402898037
2021-06-15 12:00:00,22.61635906902434
2021-06-15 13:00:00,23.3529938893106
2021-06-15 14:00:00,23.80947605633965
2021-06-15 15:00:00,23.752160722343017
2021-06-15 16:00:00,24.62898070772989
2021-06-15 17:00:00,24.709382513587435
2021-06-15 18:00:00,24.805310221501745
2021-06-15 19:00:00,24.293116987315308
2021-06-15 20:00:00,23.64178943193987
2021-06-15 21:00:00,22.76663578048816
2021-06-15 22:00:00,22.76669784758407
2021-06-15 23:00:00,22.28712920869411
2021-06-16 00:00:00,22.03580165331867
2021-06-16 01:00:00,21.68530726491082
2021-06-16 02:00:00,21.468364181519235
2021-06-16 03:00:00,21.224846348548287
2021-06-16 04:00:00,20.54959915434436
2021-06-16 05:00:00,20.146110876625908
2021-06-16 06:00:00,20.38373447372787
2021-06-16 07:00:00,21.577007070891305
2021-06-16 08:00:00,23.31969173689467
2021-06-16 09:00:00,24.80765411255636
2021-06-16 10:00:00,25.75648216702905
2021-06-16 11:00:00,26.476819985386875
2021-06-16 12:00:00,27.509382513587436
2021-06-16 13:00:00,27.029658264849346
2021-06-16 14:00:00,26.995927707914305
2021-06-16 15:00:00,28.53679043013438
2021-06-16 16:00:00,28.50166633393516
2021-06-16 17:00:00,28.010371290403143
2021-06-16 18:00:00,27.305154611653617
2021-06-16 19:00:00,26.426512682483448
2021-06-16 20:00:00,24.952005112494888
2021-06-16 21:00:00,24.1760182940756
2021-06-16 22:00:00,23.578673404826468
2021-06-16 23:00:00,22.764969446553
2021-06-17 00:00:00,21.975185127108013
2021-06-17 01:00:00,21.10765411255636
2021-06-17 02:00:00,20.733240085320016
2021-06-17 03:00:00,20.332406918352437
2021-06-17 04:00:00,19.99395015428289
2021-06-17 05:00:00,19.84527770965833
2021-06-17 06:00:00,19.868364181519237
2021-06-17 07:00:00,20.257315333996637
2021-06-17 08:00:00,20.8
2021-06-17 09:00:00,21.086296041726527
2021-06-17 10:00:00,21.89243943019585
2021-06-17 11:00:00,22.61021568055502
2021-06-17 12:00:00,23.08962870959685
2021-06-17 13:00:00,23.011142390274813
2021-06-17 14:00:00,23.428241083514525
2021-06-17 15:00:00,23.37857986207425
2021-06-17 16:00:00,22.483640930975657
2021-06-17 17:00:00,21.781141430072918
2021-06-17 18:00:00,21.758054958212
2021-06-17 19:00:00,21.39135711062793
2021-06-17 20:00:00,20.99135711062793
2021-06-17 21:00:00,20.605894235868984
2021-06-17 22:00:00,20.4050610689014
2021-06-17 23:00:00,20.243517832970948
2021-06-18 00:00:00,19.957221791244415
2021-06-18 01:00:00,19.590523943660347
2021-06-18 02:00:00,19.528980707729893
2021-06-18 03:00:00,19.405894235868985
2021-06-18 04:00:00,19.262376402898035
2021-06-18 05:00:00,19.176080361171508
2021-06-18 06:00:00,19.238456764069547
2021-06-18 07:00:00,19.338456764069544
2021-06-18 08:00:00,19.82907425048211
2021-06-18 09:00:00,20.27185245923769
2021-06-18 10:00:00,20.31620345917622
2021-06-18 11:00:00,20.92734584945103
2021-06-18 12:00:00,21.65037025421603
2021-06-18 13:00:00,21.6700305154544
2021-06-18 14:00:00,22.34777721056107
2021-06-18 15:00:00,22.22391963882849
2021-06-18 16:00:00,22.01604784932809
2021-06-18 17:00:00,22.174258417388216
2021-06-18 18:00:00,23.048765987376772
2021-06-18 19:00:00,21.439134321189
2021-06-18 20:00:00,20.860554459114745
2021-06-18 21:00:00,20.116203459176216
2021-06-18 22:00:00,19.77592475132338
2021-06-18 23:00:00,19.6110488475226
2021-06-19 00:00:00,19.54867244462456
2021-06-19 01:00:00,18.59302344456309
2021-06-19 02:00:00,18.43570811056646
2021-06-19 03:00:00,18.726325596979024
2021-06-19 04:00:00,18.2801526532572
2021-06-19 05:00:00,18.00756056980415
2021-06-19 06:00:00,17.754566680493546
2021-06-19 07:00:00,18.738456764069547
2021-06-19 08:00:00,19.7170366261438
2021-06-19 09:00:00,21.66064800186696
2021-06-19 10:00:00,22.609320446491527
2021-06-19 11:00:00,23.980246196009418
2021-06-19 12:00:00,25.14095626497229
2021-06-19 13:00:00,26.05564900006147
2021-06-19 14:00:00,26.42469073870016
2021-06-19 15:00:00,26.21006007070689
2021-06-19 16:00:00,25.492836359058664
2021-06-19 17:00:00,24.841664413531355
2021-06-19 18:00:00,23.203885206581266
2021-06-19 19:00:00,22.87407133188379
2021-06-19 20:00:00,21.70397874933348
2021-06-19 21:00:00,20.979163876441493
2021-06-19 22:00:00,20.485213722158605
2021-06-19 23:00:00,19.957066181396293
2021-06-20 00:00:00,19.350245235807517
2021-06-20 01:00:00,18.72981387469748
2021-06-20 02:00:00,18.18953516684464
2021-06-20 03:00:00,18.240862722220072
2021-06-20 04:00:00,17.577653152354458
2021-06-20 05:00:00,17.607560569804146
2021-06-20 06:00:00,17.652744736710257
2021-06-20 07:00:00,18.655493390213344
2021-06-20 08:00:00,20.2589816679318
2021-06-20 09:00:00,22.504165834837902
2021-06-20 10:00:00,25.511080323178906
2021-06-20 11:00:00,27.77179039214177
2021-06-20 12:00:00,28.7359887388231
2021-06-20 13:00:00,29.23250046110465
2021-06-20 14:00:00,29.704259377590123
2021-06-20 15:00:00,29.60666533574065
2021-06-20 16:00:00,28.73965626846033
2021-06-20 17:00:00,26.94252905615524
2021-06-20 18:00:00,26.21527674945642
2021-06-20 19:00:00,24.00564508326864
2021-06-20 20:00:00,22.520337818357824
2021-06-20 21:00:00,21.587868832909475
2021-06-20 22:00:00,20.96212725029769
2021-06-20 23:00:00,20.60913336098709
2021-06-21 00:00:00,20.19891768043208
2021-06-21 01:00:00,19.84509062415389
2021-06-21 02:00:00,19.844350999938527
2021-06-21 03:00:00,19.806727402836565
2021-06-21 04:00:00,19.33753005434975
2021-06-21 05:00:00,19.372592083453057
2021-06-21 06:00:00,18.89135711062793
2021-06-21 07:00:00,19.879568638889964
2021-06-21 08:00:00,20.715370292208632
2021-06-21 09:00:00,22.26762455730387
2021-06-21 10:00:00,24.17027966805474
2021-06-21 11:00:00,25.33756153000605
2021-06-21 12:00:00,26.21604784932809
2021-06-21 13:00:00,26.72391963882849
2021-06-21 14:00:00,27.595678555313967
2021-06-21 15:00:00,27.57092574951789
2021-06-21 16:00:00,27.68197459704049
2021-06-21 17:00:00,27.68712920869411
2021-06-21 18:00:00,26.912715181457763
2021-06-21 19:00:00,25.781912529944577
2021-06-21 20:00:00,23.485369332006726
2021-06-21 21:00:00,21.616787473543457
2021-06-21 22:00:00,20.724597195947943
2021-06-21 23:00:00,20.54336222312282
2021-06-22 00:00:00,19.92027575126191
2021-06-22 01:00:00,19.281234972825125
2021-06-22 02:00:00,18.35216072234301
2021-06-22 03:00:00,19.10765411255636
2021-06-22 04:00:00,18.85564900006147
2021-06-22 05:00:00,19.08472325054358
2021-06-22 06:00:00,19.115370292208635
2021-06-22 07:00:00,20.04876598737678
2021-06-22 08:00:00,20.63256252820056
2021-06-22 09:00:00,21.720524903862252
2021-06-22 10:00:00,23.2290121833862
2021-06-22 11:00:00,25.08216168254492
2021-06-22 12:00:00,26.48382801648008
2021-06-22 13:00:00,27.152254265095237
2021-06-22 14:00:00,27.91006007070689
2021-06-22 15:00:00,27.911726404642053
2021-06-22 16:00:00,27.47993497631316
2021-06-22 17:00:00,27.141633822091748
2021-06-22 18:00:00,25.27583120857116
2021-06-22 19:00:00,23.9801526532572
2021-06-22 20:00:00,23.101572791182942
2021-06-22 21:00:00,22.395522945465835
2021-06-22 22:00:00,22.01944258429433
2021-06-22 23:00:00,21.414381515392925
2021-06-23 00:00:00,20.44601733387369
2021-06-23 01:00:00,20.35117194552731
2021-06-23 02:00:00,19.62725230669881
2021-06-23 03:00:00,19.370863682421977
2021-06-23 04:00:00,19.74021664075692
2021-06-23 05:00:00,19.829167793234323
2021-06-23 06:00:00,19.854753765997977
2021-06-23 07:00:00,19.460554459114743
2021-06-23 08:00:00,19.118858569927088
2021-06-23 09:00:00,19.456575709781266
2021-06-23 10:00:00,19.484723250543578
2021-06-23 11:00:00,21.192718204368756
2021-06-23 15:00:00,22.06330311261783
2021-06-23 16:00:00,23.336144348671223
2021-06-23 17:00:00,23.00963166618778
2021-06-23 18:00:00,23.227407916546944
2021-06-23 19:00:00,22.4170366261438
2021-06-23 20:00:00,21.4529938893106
2021-06-23 21:00:00,20.73938347378934
2021-06-23 22:00:00,20.246110876625902
2021-06-23 23:00:00,19.724846348548287
2021-06-24 00:00:00,19.06064800186696
2021-06-24 01:00:00,18.957159724148504
2021-06-24 02:00:00,18.91530822511272
2021-06-24 03:00:00,19.02567951551587
2021-06-24 04:00:00,18.5949389310986
2021-06-24 05:00:00,18.79046187656444
2021-06-24 06:00:00,18.801666333935163
2021-06-24 07:00:00,19.892439430195854
2021-06-24 08:00:00,21.218025402959505
2021-06-24 09:00:00,22.524846348548287
2021-06-24 10:00:00,23.99138858628423
2021-06-24 11:00:00,24.98629604172653
2021-06-24 12:00:00,25.960710068962875
2021-06-24 13:00:00,26.352222789438933
2021-06-24 14:00:00,27.331480208632637
2021-06-24 15:00:00,26.29354539183442
2021-06-24 16:00:00,25.927158763946604
2021-06-24 17:00:00,25.584412030847325
2021-06-24 18:00:00,24.377808762202584
2021-06-24 19:00:00,23.65040084565564
2021-06-24 20:00:00,22.005645083268643
2021-06-24 21:00:00,21.21345480567313
2021-06-24 22:00:00,20.80657179298844
2021-06-24 23:00:00,20.057899348363872
2021-06-25 00:00:00,19.374998041603583
2021-06-25 01:00:00,19.094689778498257
2021-06-25 02:00:00,18.602405958150527
2021-06-25 03:00:00,18.50157279118295
2021-06-25 04:00:00,18.26827063876702
2021-06-25 05:00:00,17.96743747179944
2021-06-25 06:00:00,18.37092574951789
2021-06-25 07:00:00,19.760554459114744
2021-06-25 08:00:00,21.99993793290409
2021-06-25 09:00:00,22.92469073870016
2021-06-25 10:00:00,24.323024404764997
2021-06-25 11:00:00,25.864969446553
2021-06-25 12:00:00,27.16570907076836
2021-06-25 13:00:00,27.445122099810195
2021-06-25 14:00:00,27.599688780303744
2021-06-25 15:00:00,27.5801526532572
2021-06-25 16:00:00,27.206478250236223
2021-06-25 17:00:00,26.643268680370603
2021-06-25 18:00:00,25.08089227747257
2021-06-25 19:00:00,23.959472139546826
2021-06-25 20:00:00,22.744935014305767
2021-06-25 21:00:00,22.21428797264071
2021-06-25 22:00:00,22.15274473671026
2021-06-25 23:00:00,21.88447409794324
2021-06-26 00:00:00,21.548672444624565
2021-06-26 01:00:00,21.690617486412563
2021-06-26 02:00:00,21.0949389310986
2021-06-26 03:00:00,19.827314373794728
2021-06-26 04:00:00,19.54543331950645
2021-06-26 05:00:00,19.606143388469327
2021-06-26 06:00:00,19.79410576413101
2021-06-26 07:00:00,20.12234684764554
2021-06-26 08:00:00,20.46429188943354
2021-06-26 09:00:00,21.350681473912285
2021-06-26 10:00:00,22.06015753025193
2021-06-26 11:00:00,22.888305071014244
2021-06-26 12:00:00,23.707903265156705
2021-06-26 13:00:00,25.04361137572316
2021-06-26 14:00:00,25.794043697035107
2021-06-26 15:00:00,26.0470061106894
2021-06-26 16:00:00,25.830834127169485
2021-06-26 17:00:00,26.00009354275221
2021-06-26 18:00:00,25.606081321373413
2021-06-26 19:00:00,24.763147502769705
2021-06-26 20:00:00,23.498271598968923
2021-06-26 21:00:00,22.77086368242197
2021-06-26 22:00:00,22.004165834837902
2021-06-26 23:00:00,21.46487590380078
2021-06-27 00:00:00,20.83928993103713
2021-06-27 01:00:00,20.45033877855973
2021-06-27 02:00:00,20.28040180585754
2021-06-27 03:00:00,19.72407524867662
2021-06-27 04:00:00,19.530802651513184
2021-06-27 05:00:00,19.444506609786657
2021-06-27 06:00:00,20.01885856992709
2021-06-27 07:00:00,21.150494388407857
2021-06-27 08:00:00,22.746110876625902
2021-06-27 09:00:00,24.42817901641861
2021-06-27 10:00:00,25.00771617965227
2021-06-27 11:00:00,26.064198346681327
2021-06-27 12:00:00,27.306049845717112
2021-06-27 13:00:00,28.296511722281544
2021-06-27 14:00:00,28.68290130676029
2021-06-27 15:00:00,28.50774765530857
2021-06-27 16:00:00,29.55148316522357
2021-06-27 17:00:00,28.87262355910936
2021-06-27 18:00:00,26.84768366780885
2021-06-27 19:00:00,26.02459719594794
2021-06-27 20:00:00,24.546850500841277
2021-06-27 21:00:00,23.587868832909475
2021-06-27 22:00:00,22.59302344456309
2021-06-27 23:00:00,22.029813874697474
2021-06-28 00:00:00,21.79901122318429
2021-06-28 01:00:00,22.00083316696758
2021-06-28 02:00:00,21.71870296007896
2021-06-28 03:00:00,21.50166633393516
2021-06-28 04:00:00,21.5059877786212
2021-06-28 05:00:00,21.627252306698814
2021-06-28 06:00:00,21.744444542690744
2021-06-28 07:00:00,22.282068139792703
2021-06-28 08:00:00,22.71885856992709
2021-06-28 09:00:00,23.60947605633965
2021-06-28 10:00:00,25.56422982233763
2021-06-28 11:00:00,26.41206909999461
2021-06-28 12:00:00,27.435988738823102
2021-06-28 13:00:00,27.800833166967585
2021-06-28 14:00:00,28.49395015428289
2021-06-28 15:00:00,29.22567951551587
2021-06-28 16:00:00,26.817776250359167
2021-06-28 17:00:00,26.504321444686035
2021-06-28 18:00:00,26.67857986207425
2021-06-28 19:00:00,25.84002955525249
2021-06-28 20:00:00,24.34002955525249
2021-06-28 21:00:00,23.556233014428717
2021-06-28 22:00:00,23.20657179298844
2021-06-28 23:00:00,22.376757918290963
2021-06-29 00:00:00,21.810893237674478
2021-06-29 01:00:00,21.08447409794324
2021-06-29 02:00:00,20.54601733387369
2021-06-29 03:00:00,20.32558597276365
2021-06-29 04:00:00,20.115214682360502
2021-06-29 05:00:00,19.850338778559728
2021-06-29 06:00:00,20.314537125241053
2021-06-29 07:00:00,21.784629707791364
2021-06-29 08:00:00,23.42052490386225
2021-06-29 09:00:00,24.95475376599797
2021-06-29 10:00:00,25.639227863941212
2021-06-29 11:00:00,26.86231433580212
2021-06-29 12:00:00,26.69036833381222
2021-06-29 13:00:00,27.046663415336845
2021-06-29 14:00:00,26.29379454443476
2021-06-29 15:00:00,27.224013181580705
2021-06-29 16:00:00,26.845184166906108
2021-06-29 17:00:00,26.707560569804148
2021-06-29 18:00:00,25.30845580386764
2021-06-29 19:00:00,24.43836322131733
2021-06-29 20:00:00,23.6691038057346
2021-06-29 21:00:00,22.8691038057346
2021-06-29 22:00:00,22.11959819414245
2021-06-29 23:00:00,21.654566680493552
2021-06-30 00:00:00,21.427158763946604
2021-06-30 01:00:00,20.954566680493546
2021-06-30 02:00:00,21.00166633393516
2021-06-30 03:00:00,20.62898070772989
2021-06-30 04:00:00,20.337623597101963
2021-06-30 05:00:00,20.332468985448347
2021-06-30 06:00:00,20.409382513587435
2021-06-30 07:00:00,21.20938251358744
2021-06-30 08:00:00,22.7
2021-06-30 09:00:00,23.917192235991923
2021-06-30 10:00:00,25.158148500964217
2021-06-30 11:00:00,26.305925711525283
2021-06-30 12:00:00,26.756326557180927
2021-06-30 13:00:00,28.2
2021-06-30 14:00:00,27.97691352813909
2021-06-30 15:00:00,28.35623301442871
2021-06-30 16:00:00,28.939289931037123
2021-06-30 17:00:00,28.41947405995063
2021-06-30 18:00:00,27.273269640572508
2021-06-30 19:00:00,26.04675695808906
2021-06-30 20:00:00,24.872436473604928
2021-06-30 21:00:00,23.91595430657588
2021-06-30 22:00:00,22.828825097881765
2021-06-30 23:00:00,22.66811502891889
2021-07-01 00:00:00,21.986880056093767
2021-07-01 01:00:00,21.830491431816927
2021-07-01 02:00:00,20.92293086201278
2021-07-01 03:00:00,20.42293086201278
2021-07-01 04:00:00,20.183640930975656
2021-07-01 05:00:00,20.42043136111004
2021-07-01 06:00:00,20.72376402898037
2021-07-01 07:00:00,22.00765411255636
2021-07-01 08:00:00,23.579413029041834
2021-07-01 09:00:00,25.16487590380078
2021-07-01 10:00:00,26.5640427368332
2021-07-01 11:00:00,27.69385661153067
2021-07-01 12:00:00,28.71271518145776
2021-07-01 13:00:00,29.54768366780885
2021-07-01 14:00:00,30.339134321189
2021-07-01 15:00:00,31.22126452807762
2021-07-01 16:00:00,31.02228478054963
2021-07-01 17:00:00,29.47061452982164
2021-07-01 18:00:00,28.42184854244486
2021-07-01 19:00:00,27.2473409724563
2021-07-01 20:00:00,26.044685861705425
2021-07-01 21:00:00,24.74999608320717
2021-07-01 22:00:00,24.23545895796612
2021-07-01 23:00:00,23.20240595815053
2021-07-02 00:00:00,22.854566680493548
2021-07-02 01:00:00,22.614381515392928
2021-07-02 02:00:00,21.87077013966977
2021-07-02 03:00:00,22.002499500902744
2021-07-02 04:00:00,21.621264528077617
2021-07-02 05:00:00,21.2801526532572
2021-07-02 06:00:00,22.027991930914183
2021-07-02 07:00:00,22.680152653257203
2021-07-02 08:00:00,23.862220793049907
2021-07-02 09:00:00,24.50765411255636
2021-07-02 10:00:00,25.6059877786212
2021-07-02 11:00:00,26.23605080591901
2021-07-02 12:00:00,27.940372250605048
2021-07-02 13:00:00,29.33074058441727
2021-07-02 14:00:00,30.29577209806618
2021-07-02 15:00:00,31.265802613520577
2021-07-02 16:00:00,30.944444542690743
2021-07-02 17:00:00,31.306914488340997
2021-07-02 18:00:00,30.532500461104647
2021-07-02 19:00:00,29.362314335802125
2021-07-02 20:00:00,28.06904173863869
2021-07-02 21:00:00,27.260492392018836
2021-07-02 22:00:00,26.583578863879744
2021-07-02 23:00:00,26.05367144643005
2021-07-03 00:00:00,25.7280854736664
2021-07-03 01:00:00,25.12052490386225
2021-07-03 02:00:00,24.72135807082983
2021-07-03 03:00:00,24.272685626205263
2021-07-03 04:00:00,23.583734473727876
2021-07-03 05:00:00,23.193116987315307
2021-07-03 06:00:00,23.0640427368332
2021-07-03 07:00:00,23.2589816679318
2021-07-03 08:00:00,23.724013181580705
2021-07-03 09:00:00,25.254076208878523
2021-07-03 10:00:00,25.31969173689467
2021-07-03 11:00:00,26.40947605633965
2021-07-03 12:00:00,26.08796237566169
2021-07-03 13:00:00,26.425585972763656
2021-07-03 14:00:00,26.01453712524105
2021-07-03 15:00:00,23.36753101455165
2021-07-03 16:00:00,21.70682094558878
2021-07-03 17:00:00,21.292283820347727
2021-07-03 18:00:00,20.952160722343017
2021-07-03 19:00:00,21.034228862135723
2021-07-03 20:00:00,20.84277820875558
2021-07-03 21:00:00,21.10947605633965
2021-07-03 22:00:00,20.86586468061649
2021-07-03 23:00:00,21.10947605633965
2021-07-04 00:00:00,21.128241083514524
2021-07-04 01:00:00,21.37608036117151
2021-07-04 02:00:00,21.99410576413101
2021-07-04 03:00:00,22.978829014674595
2021-07-04 04:00:00,22.66163677868267
2021-07-04 05:00:00,22.315370292208637
2021-07-04 06:00:00,22.07175891648547
2021-07-04 07:00:00,21.93496848635109
2021-07-04 08:00:00,22.12043136111004
2021-07-04 09:00:00,22.736634820286252
2021-07-04 10:00:00,23.35623301442871
2021-07-04 11:00:00,23.47160330663735
2021-07-04 12:00:00,23.858054958212
2021-07-04 13:00:00,24.6
2021-07-04 14:00:00,23.59302344456309
2021-07-04 15:00:00,22.512621638705543
2021-07-04 16:00:00,21.987962375661688
2021-07-04 17:00:00,22.23148020863264
2021-07-04 18:00:00,21.806727402836565
2021-07-04 19:00:00,21.850338778559728
2021-07-04 20:00:00,21.40589423586898
2021-07-04 21:00:00,21.181141430072916
2021-07-04 22:00:00,20.98114143007291
2021-07-04 23:00:00,20.75638862427684
2021-07-05 00:00:00,20.658054958212
2021-07-05 01:00:00,20.62043136111004
2021-07-05 02:00:00,20.734968486351093
2021-07-05 03:00:00,20.52043136111004
2021-07-05 04:00:00,19.99219027759551
2021-07-05 05:00:00,19.77931948628962
2021-07-05 06:00:00,20.144350999938528
2021-07-05 07:00:00,20.846017333873693
2021-07-05 08:00:00,21.549505611592146
2021-07-05 09:00:00,22.46487590380078
2021-07-05 10:00:00,23.307654112556364
2021-07-05 11:00:00,24.877746695106676
2021-07-05 12:00:00,25.911819947394267
2021-07-05 13:00:00,26.26555346092024
2021-07-05 14:00:00,25.939134321188995
2021-07-05 15:00:00,26.283734473727872
2021-07-05 16:00:00,26.180246196009417
2021-07-05 17:00:00,25.171603306637344
2021-07-05 18:00:00,24.75623301442871
2021-07-05 19:00:00,23.963949194080985
2021-07-05 20:00:00,23.26222079304991
2021-07-05 21:00:00,23.162220793049908
2021-07-05 22:00:00,23.189628709596853
2021-07-05 23:00:00,22.01203762433831
2021-07-06 00:00:00,21.65722179124442
2021-07-06 01:00:00,21.734135319383512
2021-07-06 02:00:00,21.748672444624564
2021-07-06 03:00:00,21.749505611592145
2021-07-06 04:00:00,21.033302152415928
2021-07-06 05:00:00,21.144350999938528
2021-07-06 06:00:00,21.060554459114744
2021-07-06 07:00:00,22.422346847645542
2021-07-06 08:00:00,23.18712920869411
2021-07-06 09:00:00,24.47857986207425
2021-07-06 10:00:00,25.40938251358744
2021-07-06 11:00:00,25.512715181457764
2021-07-06 12:00:00,26.54178943193987
2021-07-06 13:00:00,27.53830115422141
2021-07-06 14:00:00,28.00749850270823
2021-07-06 15:00:00,28.433240085320016
2021-07-06 16:00:00,27.823024404765
2021-07-06 17:00:00,27.154660223245763
2021-07-06 18:00:00,26.058732515331457
2021-07-06 19:00:00,25.55107840277509
2021-07-06 20:00:00,24.312621638705547
2021-07-06 21:00:00,23.982807764008072
2021-07-06 22:00:00,23.659721292147164
2021-07-06 23:00:00,23.24783927765698
2021-07-07 00:00:00,23.224752805796072
2021-07-07 01:00:00,23.2529938893106
2021-07-07 02:00:00,23.21453712524105
2021-07-07 03:00:00,23.114537125241053
2021-07-07 04:00:00,22.9059877786212
2021-07-07 05:00:00,22.791450653380146
2021-07-07 06:00:00,22.791450653380146
2021-07-07 07:00:00,22.752993889310595
2021-07-07 08:00:00,23.432562528200563
2021-07-07 09:00:00,24.014537125241056
2021-07-07 10:00:00,24.513610415521256
2021-07-07 11:00:00,25.43663482028625
2021-07-07 12:00:00,26.841789431939876
2021-07-07 13:00:00,27.44518416690611
2021-07-07 14:00:00,27.540956264972287
2021-07-07 15:00:00,27.381079362977
2021-07-07 16:00:00,26.898178056216707
2021-07-07 17:00:00,27.276851461043176
2021-07-07 18:00:00,27.1170366261438
2021-07-07 19:00:00,26.60765411255636
2021-07-07 20:00:00,25.67592475132338
2021-07-07 21:00:00,25.22293086201278
2021-07-07 22:00:00,24.822004152292987
2021-07-07 23:00:00,24.251078402775093
2021-07-08 00:00:00,23.513610415521256
2021-07-08 01:00:00,22.92043136111004
2021-07-08 02:00:00,22.696511722281542
2021-07-08 03:00:00,22.706727402836563
2021-07-08 04:00:00,22.596511722281548
2021-07-08 05:00:00,22.095678555313967
2021-07-08 06:00:00,22.117931860207293
2021-07-08 07:00:00,22.8829633738562
2021-07-08 08:00:00,23.566697847584077
2021-07-08 09:00:00,25.34460015253887
2021-07-08 10:00:00,26.467468947455743
2021-07-08 11:00:00,26.386046889126185
2021-07-08 12:00:00,27.18854639002893
2021-07-08 13:00:00,28.613392738577215
2021-07-08 14:00:00,29.5451220998102
2021-07-08 15:00:00,30.066542237735945
2021-07-08 16:00:00,30.242311379211195
2021-07-08 17:00:00,28.60657179298844
2021-07-08 18:00:00,27.27592475132338
2021-07-08 19:00:00,26.13397970953538
2021-07-08 20:00:00,25.022837319260567
2021-07-08 21:00:00,24.369103805734603
2021-07-08 22:00:00,23.881818987192364
2021-07-08 23:00:00,23.63397970953538
2021-07-09 00:00:00,23.50922690373931
2021-07-09 01:00:00,23.346850500841278
2021-07-09 02:00:00,23.0801526532572
2021-07-09 03:00:00,22.9271587639466
2021-07-09 04:00:00,22.64435099993853
2021-07-09 05:00:00,22.705894235868985
2021-07-09 06:00:00,22.758054958212
2021-07-09 07:00:00,23.058888125179585
2021-07-09 08:00:00,23.55539984746113
2021-07-09 09:00:00,24.23746798725384
2021-07-09 10:00:00,26.132406918352437
2021-07-09 11:00:00,27.12536829581961
2021-07-09 12:00:00,27.092961377467176
2021-07-09 13:00:00,27.563700041480644
2021-07-09 14:00:00,27.772436473604927
2021-07-09 15:00:00,27.72293086201278
2021-07-09 16:00:00,27.84169588918766
2021-07-09 17:00:00,26.72972033194526
2021-07-09 18:00:00,25.777559609602243
2021-07-09 19:00:00,24.912621638705545
2021-07-09 20:00:00,23.869010262982385
2021-07-09 21:00:00,23.233979709535383
2021-07-09 22:00:00,22.71188201449018
2021-07-09 23:00:00,22.52475280579607
2021-07-10 00:00:00,22.6059877786212
2021-07-10 01:00:00,22.99061748641256
2021-07-10 02:00:00,23.06753101455165
2021-07-10 03:00:00,23.1059877786212
2021-07-10 04:00:00,22.82907425048211
2021-07-10 05:00:00,22.744444542690744
2021-07-10 06:00:00,22.88290130676029
2021-07-10 07:00:00,23.469197348486816
2021-07-10 08:00:00,24.8119755572424
2021-07-10 09:00:00,26.244444542690744
2021-07-10 10:00:00,27.417807726015468
2021-07-10 11:00:00,28.461481168834545
2021-07-10 12:00:00,29.03499996200739
2021-07-10 13:00:00,28.944288932842618
2021-07-10 14:00:00,28.46305396001749
2021-07-10 15:00:00,27.850089625959384
2021-07-10 16:00:00,28.010955304770384
2021-07-10 17:00:00,28.231418141536725
2021-07-10 18:00:00,27.774258417388214
2021-07-10 19:00:00,27.069936972702184
2021-07-10 20:00:00,25.88786883290948
2021-07-10 21:00:00,25.600739624215365
2021-07-10 22:00:00,25.05373351352597
2021-07-10 23:00:00,24.815276749456423
2021-07-11 00:00:00,24.21012213780281
2021-07-11 01:00:00,23.63404177663129
2021-07-11 02:00:00,23.806727402836565
2021-07-11 03:00:00,23.772592083453056
2021-07-11 04:00:00,23.80083316696758
2021-07-11 05:00:00,23.673425250420635
2021-07-11 06:00:00,23.398178056216707
2021-07-11 07:00:00,24.16237640289804
2021-07-11 08:00:00,24.477746695106667
2021-07-11 09:00:00,25.239289931037124
2021-07-11 10:00:00,26.35913727777992
2021-07-11 11:00:00,27.325679515515866
2021-07-11 12:00:00,27.74496648996207
2021-07-11 13:00:00,28.995710030970265
2021-07-11 14:00:00,27.915954306575877
2021-07-11 15:00:00,29.299875865808172
2021-07-11 16:00:00,28.586233974630613
2021-07-11 17:00:00,28.37435196014043
2021-07-11 18:00:00,27.682068139792708
2021-07-11 19:00:00,26.873425250420635
2021-07-11 20:00:00,25.744444542690744
2021-07-11 21:00:00,25.20342621062254
2021-07-11 22:00:00,24.841049807724502
2021-07-11 23:00:00,23.907809722404487
2021-07-12 00:00:00,23.814630667993267
2021-07-12 01:00:00,23.46330311261783
2021-07-12 02:00:00,22.995772098066176
2021-07-12 03:00:00,23.27351879317285
2021-07-12 04:00:00,23.56580261352057
2021-07-12 05:00:00,23.70425937759012
2021-07-12 06:00:00,23.74188297469208
2021-07-12 07:00:00,24.11713016889601
2021-07-12 08:00:00,24.50774765530857
2021-07-12 09:00:00,25.230000960201902
2021-07-12 10:00:00,26.76753101455165
2021-07-12 11:00:00,28.370124058206613
2021-07-12 12:00:00,29.825679515515866
2021-07-12 13:00:00,30.4750915843558
2021-07-12 14:00:00,31.98191252994458
2021-07-12 15:00:00,32.04709965344161
2021-07-12 16:00:00,32.51040276605945
2021-07-12 17:00:00,31.735895196070885
2021-07-12 18:00:00,30.711819947394268
2021-07-12 19:00:00,29.109226903739305
2021-07-12 20:00:00,27.51246602885742
2021-07-12 21:00:00,26.98771322306135
2021-07-12 22:00:00,26.539873945404366
2021-07-12 23:00:00,25.93746798725384
2021-07-13 00:00:00,25.50407229208569
2021-07-13 01:00:00,25.649505611592147
2021-07-13 02:00:00,25.44601733387369
2021-07-13 03:00:00,24.953733513525965
2021-07-13 04:00:00,24.83746798725384
2021-07-13 05:00:00,24.679413029041832
2021-07-13 06:00:00,24.798271598968924
2021-07-13 07:00:00,25.73580165331867
2021-07-13 08:00:00,27.199166833032415
2021-07-13 09:00:00,28.8880559184139
2021-07-13 10:00:00,29.957315333996632
2021-07-13 11:00:00,30.468208571671106
2021-07-13 12:00:00,30.87410280754009
2021-07-13 13:00:00,31.26737540470353
2021-07-13 14:00:00,31.47253001635714
2021-07-13 15:00:00,31.38357886387974
2021-07-13 16:00:00,31.08191252994457
2021-07-13 17:00:00,30.713548348425345
2021-07-13 18:00:00,29.997189279401
2021-07-13 19:00:00,28.9091333609871
2021-07-13 20:00:00,27.861200540577897
2021-07-13 21:00:00,26.850245235807517
2021-07-13 22:00:00,26.52632559697902
2021-07-13 23:00:00,26.30996652795468
2021-07-14 00:00:00,25.69635611243342
2021-07-14 01:00:00,25.84752805796073
2021-07-14 02:00:00,24.91163286188984
2021-07-14 03:00:00,24.99113943368389
2021-07-14 04:00:00,25.07070807257385
2021-07-14 05:00:00,25.01688101629567
2021-07-14 06:00:00,25.68092375312887
2021-07-14 07:00:00,26.91006007070689
2021-07-14 08:00:00,27.83157375138485
2021-07-14 09:00:00,28.87175891648548
2021-07-14 10:00:00,29.8529938893106
2021-07-14 11:00:00,30.618702960078963
2021-07-14 12:00:00,30.74262259890745
2021-07-14 13:00:00,31.28962870959685
2021-07-14 14:00:00,31.24178943193987
2021-07-14 15:00:00,30.898022446368586
2021-07-14 16:00:00,31.47685146104317
2021-07-14 17:00:00,31.344039780242277
2021-07-14 18:00:00,31.28796237566169
2021-07-14 19:00:00,29.86138762608233
2021-07-14 20:00:00,28.44759012505664
2021-07-14 21:00:00,27.36296041726528
2021-07-14 22:00:00,27.206633860084352
2021-07-14 23:00:00,26.756139471676494
2021-07-15 00:00:00,26.19891768043208
2021-07-15 01:00:00,26.29194112499517
2021-07-15 02:00:00,25.68530726491082
2021-07-15 03:00:00,25.504999001805487
2021-07-15 04:00:00,24.898178056216707
2021-07-15 05:00:00,25.120275751261907
2021-07-15 06:00:00,25.5170366261438
2021-07-15 07:00:00,26.45382705627818
2021-07-15 08:00:00,28.18290130676029
2021-07-15 09:00:00,29.93416679503981
2021-07-15 10:00:00,30.7760182940756
2021-07-15 11:00:00,31.970863682421975
2021-07-15 12:00:00,33.00666533574065
2021-07-15 13:00:00,33.01040276605944
2021-07-15 14:00:00,33.69555442112214
2021-07-15 15:00:00,31.558888125179585
2021-07-15 16:00:00,32.244288932842615
2021-07-15 17:00:00,30.073425250420637
2021-07-15 18:00:00,28.38771322306135
2021-07-15 19:00:00,27.745861724025563
2021-07-15 20:00:00,26.693210530067525
2021-07-15 21:00:00,26.46663578048816
2021-07-15 22:00:00,26.17169684938956
2021-07-15 23:00:00,25.66148116883454
2021-07-16 00:00:00,25.01364189117756
2021-07-16 01:00:00,24.717130168896013
2021-07-16 02:00:00,24.45466022324576
2021-07-16 03:00:00,24.44694404359349
2021-07-16 04:00:00,24.011142390274813
2021-07-16 05:00:00,23.830834127169485
2021-07-16 06:00:00,23.7059877786212
2021-07-16 07:00:00,25.099104765936502
2021-07-16 08:00:00,26.45725326690072
2021-07-16 09:00:00,27.90077109987167
2021-07-16 10:00:00,28.874351960140437
2021-07-16 11:00:00,30.594689778498257
2021-07-16 12:00:00,31.270770139669764
2021-07-16 13:00:00,32.09036833381222
2021-07-16 14:00:00,32.719691736894674
2021-07-16 15:00:00,33.22058697095816
2021-07-16 16:00:00,33.15228574075153
2021-07-16 17:00:00,31.49561648821805
2021-07-16 18:00:00,30.92709669685069
2021-07-16 19:00:00,28.99740695634504
2021-07-16 20:00:00,26.37407133188379
2021-07-16 21:00:00,23.60138570567852
2021-07-16 22:00:00,23.889441624092424
2021-07-16 23:00:00,23.67150976388513
2021-07-17 00:00:00,23.23826967856512
2021-07-17 01:00:00,22.915183206704206
2021-07-17 02:00:00,22.98197459704049
2021-07-17 03:00:00,23.058888125179585
2021-07-17 04:00:00,22.8
2021-07-17 05:00:00,22.575153651451718
2021-07-17 06:00:00,22.765709070768363
2021-07-17 07:00:00,24.497344889249128
2021-07-17 08:00:00,26.004165834837902
2021-07-17 09:00:00,27.112808724209977
2021-07-17 10:00:00,28.13148020863264
2021-07-17 11:00:00,29.458148500964214
2021-07-17 12:00:00,29.691357110627926
2021-07-17 13:00:00,30.78978431944498
2021-07-17 14:00:00,31.372747693301186
2021-07-17 15:00:00,30.183640930975656
2021-07-17 16:00:00,29.793989463524845
2021-07-17 17:00:00,30.12012797499944
2021-07-17 18:00:00,29.057408876748845
2021-07-17 19:00:00,26.308206651267295
2021-07-17 20:00:00,25.440769179467864
2021-07-17 21:00:00,24.839936012500274
2021-07-17 22:00:00,24.957961415459785
2021-07-17 23:00:00,24.345090624153897
2021-07-18 00:00:00,24.028980707729893
2021-07-18 01:00:00,23.805894235868983
2021-07-18 02:00:00,23.93221983284801
2021-07-18 03:00:00,24.02873155512955
2021-07-18 04:00:00,24.038052001621075
2021-07-18 05:00:00,24.133824099687256
2021-07-18 06:00:00,24.29046187656444
2021-07-18 07:00:00,25.21453712524105
2021-07-18 08:00:00,26.613703958273472
2021-07-18 09:00:00,28.01885856992709
2021-07-18 10:00:00,28.951327555375435
2021-07-18 11:00:00,30.104165834837907
2021-07-18 12:00:00,30.76737540470352
2021-07-18 13:00:00,31.062898350169363
2021-07-18 14:00:00,31.77675791829096
2021-07-18 15:00:00,32.52052490386225
2021-07-18 16:00:00,31.48382801648008
2021-07-18 17:00:00,31.8470061106894
2021-07-18 18:00:00,29.40672740283657
2021-07-18 19:00:00,27.79033685815592
2021-07-18 20:00:00,27.13394823387908
2021-07-18 21:00:00,25.390804571916995
2021-07-18 22:00:00,23.524597195947948
2021-07-18 23:00:00,23.880246196009416
2021-07-19 00:00:00,23.51370395827347
2021-07-19 01:00:00,23.55466022324576
2021-07-19 02:00:00,23.358888125179583
2021-07-19 03:00:00,23.03413531938351
2021-07-19 04:00:00,23.32475280579607
2021-07-19 05:00:00,23.32990741744969
2021-07-19 06:00:00,23.392283820347725
2021-07-19 07:00:00,24.54021664075692
2021-07-19 08:00:00,25.530000960201903
2021-07-19 09:00:00,26.414630667993265
2021-07-19 10:00:00,27.38216168254492
2021-07-19 11:00:00,28.246017333873688
2021-07-19 12:00:00,29.357992891116087
2021-07-19 13:00:00,29.916974559047887
2021-07-19 14:00:00,29.80953812343557
2021-07-19 15:00:00,30.22567951551587
2021-07-19 16:00:00,30.32743939220325
2021-07-19 17:00:00,28.33278108936129
2021-07-19 18:00:00,27.513213486658444
2021-07-19 19:00:00,26.791053724517333
2021-07-19 20:00:00,26.355836085565898
2021-07-19 21:00:00,25.56345872246596
2021-07-19 22:00:00,25.564136279585416
2021-07-19 23:00:00,24.9889511524774
2021-07-20 00:00:00,24.827407916546942
2021-07-20 01:00:00,24.8479328204092
2021-07-20 02:00:00,24.39327259716343
2021-07-20 03:00:00,24.326574749579365
2021-07-20 04:00:00,23.997500499097256
2021-07-20 05:00:00,23.997500499097256
2021-07-20 06:00:00,24.113703958273472
2021-07-20 07:00:00,25.535062029103305
2021-07-20 08:00:00,27.290711029164772
2021-07-20 09:00:00,28.44453808544296
2021-07-20 10:00:00,29.52734584945103
2021-07-20 11:00:00,30.56163677868267
2021-07-20 12:00:00,30.978579862074252
2021-07-20 13:00:00,30.96753101455165
2021-07-20 14:00:00,30.97111283502232
2021-07-20 15:00:00,30.701759876687376
2021-07-20 16:00:00,30.977840237858885
2021-07-20 17:00:00,30.84370491847537
2021-07-20 18:00:00,30.38049534860976
2021-07-20 19:00:00,29.68638958447874
2021-07-20 20:00:00,28.811142390274814
2021-07-20 21:00:00,28.09802244636858
2021-07-20 22:00:00,27.1441953900904
2021-07-20 23:00:00,26.61604784932809
2021-07-21 00:00:00,25.92975180760156
2021-07-21 01:00:00,25.107560569804143
2021-07-21 02:00:00,25.049505611592146
2021-07-21 03:00:00,24.680246196009413
2021-07-21 04:00:00,24.343455765875035
2021-07-21 05:00:00,24.29978232305596
2021-07-21 06:00:00,24.28441203084732
2021-07-21 07:00:00,26.332500461104647
2021-07-21 08:00:00,27.782161682544924
2021-07-21 09:00:00,29.181328515577334
2021-07-21 10:00:00,30.671790392141773
2021-07-21 11:00:00,32.08540080766303
2021-07-21 12:00:00,32.97941302904184
2021-07-21 13:00:00,33.61030922330723
2021-07-21 14:00:00,34.334228862135724
2021-07-21 15:00:00,34.763303112617834
2021-07-21 16:00:00,35.10092670971979
2021-07-21 17:00:00,34.513891043777896
2021-07-21 18:00:00,33.69845868447335
2021-07-21 19:00:00,32.10586364442937
2021-07-21 20:00:00,30.317652116167334
2021-07-21 21:00:00,29.27147917244552
2021-07-21 22:00:00,27.42518121031518
2021-07-21 23:00:00,27.92360841913224
2021-07-22 00:00:00,26.7861404318784
2021-07-22 01:00:00,25.97169684938956
2021-07-22 02:00:00,25.467188319199096
2021-07-22 03:00:00,25.86388712698507
2021-07-22 04:00:00,25.951265488279525
2021-07-22 05:00:00,25.33256252820056
2021-07-22 06:00:00,25.069352958334942
2021-07-22 07:00:00,25.80160426683925
2021-07-22 08:00:00,27.643455765875032
2021-07-22 09:00:00,29.02234684764554
2021-07-22 10:00:00,30.140278707852836
2021-07-22 11:00:00,31.519598194142453
2021-07-22 12:00:00,32.23413531938351
2021-07-22 13:00:00,33.33580165331867
2021-07-22 14:00:00,33.475924751323376
2021-07-22 15:00:00,34.515463834960855
2021-07-22 16:00:00,34.59827159896892
2021-07-22 17:00:00,34.200926709719795
2021-07-22 18:00:00,32.306509725892525
2021-07-22 19:00:00,31.332500461104644
2021-07-22 20:00:00,30.06996844835848
2021-07-22 21:00:00,28.163209569865614
2021-07-22 22:00:00,27.21527674945642
2021-07-22 23:00:00,26.957899348363878
2021-07-23 00:00:00,26.88117290572921
2021-07-23 01:00:00,25.735708110566456
2021-07-23 02:00:00,26.16545991816802
2021-07-23 03:00:00,26.500521947271324
2021-07-23 04:00:00,26.1921282104996
2021-07-23 05:00:00,26.060554459114748
2021-07-23 06:00:00,25.812715181457765
2021-07-23 07:00:00,26.42052490386225
2021-07-23 08:00:00,27.8009267097198
2021-07-23 09:00:00,28.93771713985418
2021-07-23 10:00:00,30.12052490386225
2021-07-23 11:00:00,31.681079362977
2021-07-23 12:00:00,32.63240691835244
2021-07-23 13:00:00,33.11521468236051
2021-07-23 14:00:00,33.54626648647404
2021-07-23 15:00:00,34.40259304365496
2021-07-23 16:00:00,34.453087432062816
2021-07-23 17:00:00,34.55642009993314
2021-07-23 18:00:00,33.493210530067515
2021-07-23 19:00:00,31.73385557534356
2021-07-23 20:00:00,29.241633822091742
2021-07-23 21:00:00,28.056170947332795
2021-07-23 22:00:00,27.29885561333617
2021-07-23 23:00:00,26.756077404580584
2021-07-24 00:00:00,26.12110891822949
2021-07-24 01:00:00,25.375769141475253
2021-07-24 02:00:00,24.719442584294328
2021-07-24 03:00:00,25.33996748815658
2021-07-24 04:00:00,25.202250348302403
2021-07-24 05:00:00,24.96305396001749
2021-07-24 06:00:00,24.54601733387369
2021-07-24 07:00:00,25.67669585119505
2021-07-24 08:00:00,27.138456764069545
2021-07-24 09:00:00,29.265958223368703
2021-07-24 10:00:00,30.674351960140434
2021-07-24 11:00:00,32.08796237566169
2021-07-24 12:00:00,33.33058497456914
2021-07-24 13:00:00,34.10416583483791
2021-07-24 14:00:00,34.44611087662591
2021-07-24 15:00:00,35.11280872420998
2021-07-24 16:00:00,34.85814850096421
2021-07-24 17:00:00,34.424013181580705
2021-07-24 18:00:00,33.25043232131194
2021-07-24 19:00:00,30.34576818127335
2021-07-24 20:00:00,29.431231056032296
2021-07-24 21:00:00,28.52866948803364
2021-07-24 22:00:00,27.57243647360493
2021-07-24 23:00:00,26.5451220998102
2021-07-25 00:00:00,26.062158725954
2021-07-25 01:00:00,26.010986780426684
2021-07-25 02:00:00,25.733979709535383
2021-07-25 03:00:00,25.7893174899006
2021-07-25 04:00:00,26.439134321189
2021-07-25 05:00:00,26.118702960078963
2021-07-25 06:00:00,26.27086368242197
2021-07-25 07:00:00,26.529074250482104
2021-07-25 08:00:00,27.982068139792705
2021-07-25 09:00:00,29.213703958273477
2021-07-25 10:00:00,30.668364181519237
2021-07-25 11:00:00,31.68629604172653
2021-07-25 12:00:00,32.843455765875035
2021-07-25 13:00:00,33.21354834842535
2021-07-25 14:00:00,33.91885856992709
2021-07-25 15:00:00,34.3829948495125
2021-07-25 16:00:00,32.97342525042064
2021-07-25 17:00:00,32.065709070768364
2021-07-25 18:00:00,31.364136279585413
2021-07-25 19:00:00,30.45632655718093
2021-07-25 20:00:00,29.152931822214686
2021-07-25 21:00:00,28.74252905615524
2021-07-25 22:00:00,28.726263529883106
2021-07-25 23:00:00,28.385984822030277
2021-07-26 00:00:00,27.374780364659543
2021-07-26 01:00:00,27.480246196009418
2021-07-26 02:00:00,27.14095626497229
2021-07-26 03:00:00,26.599844390151876
2021-07-26 04:00:00,26.022930862012785
2021-07-26 05:00:00,25.751171945527304
2021-07-26 06:00:00,25.05623301442871
2021-07-26 07:00:00,26.44709965344161
2021-07-26 08:00:00,27.534228862135727
2021-07-26 09:00:00,28.9529938893106
2021-07-26 10:00:00,30.1640427368332
2021-07-26 11:00:00,31.54617294372181
2021-07-26 12:00:00,32.13064704166506
2021-07-26 13:00:00,33.397344889249126
2021-07-26 14:00:00,33.87425841738822
2021-07-26 15:00:00,34.09676087488189
2021-07-26 16:00:00,34.3728412360534
2021-07-26 17:00:00,33.25450461339764
2021-07-26 18:00:00,32.601448656991124
2021-07-26 19:00:00,30.431418141536724
2021-07-26 20:00:00,29.32950265500122
2021-07-26 21:00:00,28.49021272396409
2021-07-26 22:00:00,27.98589127927806
2021-07-26 23:00:00,27.09894915608838
2021-07-27 00:00:00,26.08271422125586
2021-07-27 01:00:00,25.358888125179583
2021-07-27 02:00:00,24.6912015007798
2021-07-27 03:00:00,24.64160234643544
2021-07-27 04:00:00,24.26885465313426
2021-07-27 05:00:00,24.598115989120792
2021-07-27 06:00:00,25.063825059889155
2021-07-27 07:00:00,25.75706618139629
2021-07-27 08:00:00,27.287129208694104
2021-07-27 09:00:00,29.25466022324576
2021-07-27 10:00:00,30.744444542690744
2021-07-27 11:00:00,31.93663482028625
2021-07-27 12:00:00,33.12376402898036
2021-07-27 13:00:00,33.61812284939034
2021-07-27 14:00:00,34.60604984571711
2021-07-27 15:00:00,35.0889511524774
2021-07-27 16:00:00,34.46586468061649
2021-07-27 17:00:00,32.34493501430577
2021-07-27 18:00:00,31.39453416865013
2021-07-27 19:00:00,29.710986780426687
2021-07-27 20:00:00,28.53397970953538
2021-07-27 21:00:00,27.792034667747387
2021-07-27 22:00:00,27.153671446430053
2021-07-27 23:00:00,25.78796237566169
2021-07-28 00:00:00,25.66222079304991
2021-07-28 01:00:00,25.31163286188984
2021-07-28 02:00:00,25.556233014428702
2021-07-28 03:00:00,25.53836322131733
2021-07-28 04:00:00,25.65873251533145
2021-07-28 05:00:00,25.306727402836565
2021-07-28 06:00:00,25.22632559697902
2021-07-28 07:00:00,26.38786883290948
2021-07-28 08:00:00,27.916203459176216
2021-07-28 09:00:00,28.565553460920235
2021-07-28 10:00:00,29.894627711402343
2021-07-28 11:00:00,31.26039884926662
2021-07-28 12:00:00,32.707560569804144
2021-07-28 13:00:00,33.609226903739305
2021-07-28 14:00:00,33.788889085381484
2021-07-28 15:00:00,34.18956664250094
2021-07-28 16:00:00,33.18623397463062
2021-07-28 17:00:00,32.67243647360493
2021-07-28 18:00:00,30.911694928985757
2021-07-28 19:00:00,30.33580165331868
2021-07-28 20:00:00,28.640924789315985
2021-07-28 21:00:00,27.71601637367179
2021-07-28 22:00:00,27.36388712698507
2021-07-28 23:00:00,26.948516834776434
2021-07-29 00:00:00,25.9331465425678
2021-07-29 01:00:00,25.72126452807762
2021-07-29 02:00:00,25.36827063876702
2021-07-29 03:00:00,25.12981387469748
2021-07-29 04:00:00,24.787035665941893
2021-07-29 05:00:00,24.57175891648547
2021-07-29 06:00:00,24.61188201449018
2021-07-29 07:00:00,25.39302344456309
2021-07-29 08:00:00,26.76305396001749
2021-07-29 09:00:00,28.31620345917621
2021-07-29 10:00:00,29.103332667870323
2021-07-29 11:00:00,30.98364093097566
2021-07-29 12:00:00,31.930740584417265
2021-07-29 13:00:00,32.14601733387369
2021-07-29 14:00:00,32.73731237740571
2021-07-29 15:00:00,33.49237736309994
2021-07-29 16:00:00,31.691879057899257
2021-07-29 17:00:00,31.00839373677173
2021-07-29 18:00:00,29.907560569804147
2021-07-29 19:00:00,29.4271587639466
2021-07-29 20:00:00,28.483485321127525
2021-07-29 21:00:00,27.04768366780885
2021-07-29 22:00:00,26.955244237613
2021-07-29 23:00:00,26.112621638705548
2021-07-30 00:00:00,25.79385661153067
2021-07-30 01:00:00,25.63231337560022
2021-07-30 02:00:00,25.393856611530676
2021-07-30 03:00:00,25.23231337560022
2021-07-30 04:00:00,24.98712920869411
2021-07-30 05:00:00,24.925585972763656
2021-07-30 06:00:00,24.718765027174875
2021-07-30 07:00:00,25.593950154282886
2021-07-30 08:00:00,27.140123098004707
2021-07-30 09:00:00,28.94959915434436
2021-07-30 10:00:00,30.582994849512502
2021-07-30 11:00:00,32.39132651918832
2021-07-30 12:00:00,33.74172736484396
2021-07-30 13:00:00,34.32885657353807
2021-07-30 14:00:00,35.04595526677778
2021-07-30 15:00:00,34.234719333750746
2021-07-30 16:00:00,33.75598386182837
2021-07-30 17:00:00,33.253422293829715
2021-07-30 18:00:00,32.208144584171386
2021-07-30 19:00:00,30.56046091636253
2021-07-30 20:00:00,29.21768270760695
2021-07-30 21:00:00,29.03487494359888
2021-07-30 22:00:00,28.611788471737967
2021-07-30 23:00:00,28.19641817952933
2021-07-31 00:00:00,26.924410110443517
2021-07-31 01:00:00,26.65962774939495
2021-07-31 02:00:00,26.58870199987706
2021-07-31 03:00:00,26.10839373677173
2021-07-31 04:00:00,26.04601733387369
2021-07-31 05:00:00,25.699844390151878
2021-07-31 06:00:00,25.56993697270218
2021-07-31 07:00:00,26.511882014490183
2021-07-31 08:00:00,27.71354834842534
2021-07-31 09:00:00,28.79638758808972
2021-07-31 10:00:00,29.864969446553
2021-07-31 11:00:00,31.22469073870016
2021-07-31 12:00:00,32.50218828120649
2021-07-31 13:00:00,33.13120046459268
2021-07-31 14:00:00,33.33981187830845
2021-07-31 15:00:00,33.5842564209992
2021-07-31 16:00:00,32.52188001810116
2021-07-31 17:00:00,32.17900826659337
2021-07-31 18:00:00,30.905738626020856
2021-07-31 19:00:00,28.897928903616368
2021-07-31 20:00:00,27.90058401436724
2021-07-31 21:00:00,27.74252905615524
2021-07-31 22:00:00,27.41860941732675
2021-07-31 23:00:00,26.83830115422142
2021-08-01 00:00:00,26.18712920869411
2021-08-01 01:00:00,25.75216072234302
2021-08-01 02:00:00,25.33845676406954
2021-08-01 03:00:00,25.318858569927087
2021-08-01 04:00:00,25.21969173689467
2021-08-01 05:00:00,25.0949389310986
2021-08-01 06:00:00,25.00083316696758
2021-08-01 07:00:00,25.70765411255636
2021-08-01 08:00:00,26.542622598907453
2021-08-01 09:00:00,27.2750915843558
2021-08-01 10:00:00,27.18953516684464
2021-08-01 11:00:00,26.48786883290948
2021-08-01 12:00:00,26.82052490386225
2021-08-01 13:00:00,27.503332667870325
2021-08-01 14:00:00,27.42632559697902
2021-08-01 15:00:00,27.72873155512955
2021-08-01 16:00:00,27.42706522119439
2021-08-01 17:00:00,26.85638862427684
2021-08-01 18:00:00,26.05638862427684
2021-08-01 19:00:00,25.90515461165361
2021-08-01 20:00:00,25.304321444686035
2021-08-01 21:00:00,24.980401805857543
2021-08-01 22:00:00,24.513703958273474
2021-08-01 23:00:00,24.27608036117151
2021-08-02 00:00:00,24.141945041788
2021-08-02 01:00:00,24.314537125241053
2021-08-02 02:00:00,24.341945041788
2021-08-02 03:00:00,24.381234972825126
2021-08-02 04:00:00,24.265864680616488
2021-08-02 05:00:00,24.31287079130589
2021-08-02 06:00:00,24.3
2021-08-02 07:00:00,24.576913528139087
2021-08-02 08:00:00,24.750338778559723
2021-08-02 09:00:00,24.760460916362533
2021-08-02 10:00:00,24.218765027174875
2021-08-02 11:00:00,24.53589519607089
2021-08-02 12:00:00,24.485462874758944
2021-08-02 13:00:00,25.00947605633965
2021-08-02 14:00:00,26.27608036117151
2021-08-02 15:00:00,26.821358070829834
2021-08-02 16:00:00,28.005925711525283
2021-08-02 17:00:00,27.63506202910331
2021-08-02 18:00:00,27.482901306760287
2021-08-02 19:00:00,27.067468947455737
2021-08-02 20:00:00,26.26388712698507
2021-08-02 21:00:00,25.31098678042669
2021-08-02 22:00:00,25.07086368242198
2021-08-02 23:00:00,24.668208571671105
2021-08-03 00:00:00,24.333979709535384
2021-08-03 01:00:00,24.160554459114746
2021-08-03 02:00:00,23.959721292147165
2021-08-03 03:00:00,23.794689778498256
2021-08-03 04:00:00,23.922097695045203
2021-08-03 05:00:00,24.107560569804143
2021-08-03 06:00:00,23.94252905615524
2021-08-03 07:00:00,24.5280854736664
2021-08-03 08:00:00,25.84799488750511
2021-08-03 09:00:00,27.05814850096421
2021-08-03 10:00:00,28.726419139731235
2021-08-03 11:00:00,30.07450756998856
2021-08-03 12:00:00,30.241267484668544
2021-08-03 13:00:00,30.48175692009645
2021-08-03 14:00:00,28.796722449856624
2021-08-03 15:00:00,27.230460840377315
2021-08-03 16:00:00,29.032594003856858
2021-08-03 17:00:00,29.764969446553
2021-08-03 18:00:00,28.203270600774413
2021-08-03 19:00:00,27.38290130676029
2021-08-03 20:00:00,26.79561648821805
2021-08-03 21:00:00,26.90151072408704
2021-08-03 22:00:00,26.735646043470545
2021-08-03 23:00:00,26.161387626082327
2021-08-04 00:00:00,26.02126452807762
2021-08-04 01:00:00,25.997344889249128
2021-08-04 02:00:00,25.3691038057346
2021-08-04 03:00:00,25.021264528077616
2021-08-04 04:00:00,24.692190277595508
2021-08-04 05:00:00,24.69302344456309
2021-08-04 06:00:00,24.27681998538688
2021-08-04 07:00:00,25.49561648821805
2021-08-04 08:00:00,26.85549339021334
2021-08-04 09:00:00,28.46487590380078
2021-08-04 10:00:00,29.944382475594832
2021-08-04 11:00:00,31.40160426683925
2021-08-04 12:00:00,32.12536829581961
2021-08-04 13:00:00,31.852682669614342
2021-08-04 14:00:00,31.628241083514524
2021-08-04 15:00:00,32.98623397463061
2021-08-04 16:00:00,32.93823908712551
2021-08-04 17:00:00,32.208487279523936
2021-08-04 18:00:00,30.79104589093168
2021-08-04 19:00:00,29.38255861140773
2021-08-04 20:00:00,28.003083515269985
2021-08-04 21:00:00,27.532157765752093
2021-08-04 22:00:00,26.772187321004587
2021-08-04 23:00:00,25.85450461339764
2021-08-05 00:00:00,25.627003154098475
2021-08-05 01:00:00,25.366448694983724
2021-08-05 02:00:00,25.292283820347727
2021-08-05 03:00:00,25.32641913973124
2021-08-05 04:00:00,24.98712920869411
2021-08-05 05:00:00,24.6110488475226
2021-08-05 06:00:00,24.43663482028625
2021-08-05 07:00:00,25.537623597101963
2021-08-05 08:00:00,27.089722252349063
2021-08-05 09:00:00,29.122962337669087
2021-08-05 10:00:00,30.987838241469863
2021-08-05 11:00:00,31.72194208519707
2021-08-05 12:00:00,32.49644965518563
2021-08-05 13:00:00,33.46904173863869
2021-08-05 14:00:00,33.976695851195046
2021-08-05 15:00:00,33.762314335802124
2021-08-05 16:00:00,32.261387626082325
2021-08-05 17:00:00,31.00678946993248
2021-08-05 18:00:00,31.102405958150527
2021-08-05 19:00:00,29.69021272396409
2021-08-05 20:00:00,28.485891279278057
2021-08-05 21:00:00,27.653422293829717
2021-08-05 22:00:00,26.768948195886477
2021-08-05 23:00:00,26.64252905615524
2021-08-06 00:00:00,26.59286783471497
2021-08-06 01:00:00,26.080985820224782
2021-08-06 02:00:00,26.056233014428717
2021-08-06 03:00:00,25.532313375600214
2021-08-06 04:00:00,25.17259208345305
2021-08-06 05:00:00,24.801666333935163
2021-08-06 06:00:00,24.7750915843558
2021-08-06 07:00:00,26.04527770965832
2021-08-06 08:00:00,27.101666333935164
2021-08-06 09:00:00,29.087222751446323
2021-08-06 10:00:00,30.17086368242198
2021-08-06 11:00:00,31.973269640572507
2021-08-06 12:00:00,32.886817988997855
2021-08-06 13:00:00,33.49786683652046
2021-08-06 14:00:00,29.55740104316319
2021-08-06 15:00:00,29.53962479280402
2021-08-06 16:00:00,28.262711264664933
2021-08-06 17:00:00,28.055828251980245
2021-08-06 18:00:00,27.56197164044957
2021-08-06 19:00:00,26.82450365319573
2021-08-06 20:00:00,26.072342930852717
2021-08-06 21:00:00,25.68854639002893
2021-08-06 22:00:00,25.56462675120044
2021-08-06 23:00:00,25.250089625959383
2021-08-07 00:00:00,24.64070711237195
2021-08-07 01:00:00,23.75274473671025
2021-08-07 02:00:00,23.396262569681205
2021-08-07 03:00:00,22.884380555191026
2021-08-07 04:00:00,22.39135711062793
2021-08-07 05:00:00,22.228980707729896
2021-08-07 06:00:00,22.016943083391585
2021-08-07 07:00:00,23.42475280579607
2021-08-07 08:00:00,25.435062029103307
2021-08-07 09:00:00,26.985400807663037
2021-08-07 10:00:00,27.841633822091744
2021-08-07 11:00:00,29.180985820224784
2021-08-07 12:00:00,30.337405920157924
2021-08-07 13:00:00,30.67070807257385
2021-08-07 14:00:00,31.45184950264676
2021-08-07 15:00:00,29.74336222312282
2021-08-07 16:00:00,28.95367144643005
2021-08-07 17:00:00,29.557159724148505
2021-08-07 18:00:00,28.625430362915523
2021-08-07 19:00:00,27.397189279401
2021-08-07 20:00:00,26.3082381269236
2021-08-07 21:00:00,25.272436473604927
2021-08-07 22:00:00,24.69817805621671
2021-08-07 23:00:00,24.551078402775094
2021-08-08 00:00:00,23.92283731926057
2021-08-08 01:00:00,23.404072292085694
2021-08-08 02:00:00,23.476819985386875
2021-08-08 03:00:00,23.2940122213788
2021-08-08 04:00:00,23.28280776400808
2021-08-08 05:00:00,23.263209569865616
2021-08-08 06:00:00,23.09734488924913
2021-08-08 07:00:00,23.863209569865617
2021-08-08 08:00:00,25.248516834776435
2021-08-08 09:00:00,27.46305396001749
2021-08-08 10:00:00,28.799844390151875
2021-08-08 11:00:00,29.601666333935164
2021-08-08 12:00:00,30.12043136111004
2021-08-08 13:00:00,31.08790030856578
2021-08-08 14:00:00,31.187222751446324
2021-08-08 15:00:00,30.957159724148504
2021-08-08 16:00:00,31.10175987668737
2021-08-08 17:00:00,29.30037417100885
2021-08-08 18:00:00,25.835895196070886
2021-08-08 19:00:00,25.779413029041837
2021-08-08 20:00:00,25.80342621062254
2021-08-08 21:00:00,25.72567951551587
2021-08-08 22:00:00,24.94178943193987
2021-08-08 23:00:00,24.672436473604925
2021-08-09 00:00:00,24.2750915843558
2021-08-09 01:00:00,23.568270638767014
2021-08-09 02:00:00,23.181141430072916
2021-08-09 03:00:00,23.47259208345305
2021-08-09 04:00:00,23.261636778682664
2021-08-09 05:00:00,23.28191252994458
2021-08-09 06:00:00,23.10780972240449
2021-08-09 07:00:00,24.85484730875019
2021-08-09 08:00:00,26.37370587867728
2021-08-09 09:00:00,27.223335624461253
2021-08-09 10:00:00,28.54021664075692
2021-08-09 11:00:00,30.05191156974268
2021-08-09 12:00:00,30.616943083391583
2021-08-09 13:00:00,31.834135319383503
2021-08-09 14:00:00,32.75357790367784
2021-08-09 15:00:00,32.96296041726528
2021-08-09 16:00:00,32.55950361520313
2021-08-09 17:00:00,31.46830211442332
2021-08-09 18:00:00,30.887067141598195
2021-08-09 19:00:00,28.879257419193703
2021-08-09 20:00:00,27.94586172402556
2021-08-09 21:00:00,27.61688101629567
2021-08-09 22:00:00,26.86305396001749
2021-08-09 23:00:00,26.739134321189
2021-08-10 00:00:00,26.163887126985077
2021-08-10 01:00:00,25.711882014490183
2021-08-10 02:00:00,25.06154323593045
2021-08-10 03:00:00,25.29395015428289
2021-08-10 04:00:00,25.00848727952394
2021-08-10 05:00:00,24.723024404764995
2021-08-10 06:00:00,23.5981159891208
2021-08-10 07:00:00,24.548765987376772
2021-08-10 08:00:00,25.40166633393516
2021-08-10 09:00:00,27.33657275319034
2021-08-10 10:00:00,28.60175987668737
2021-08-10 11:00:00,29.06141910173863
2021-08-10 12:00:00,29.800739624215367
2021-08-10 13:00:00,29.655680475717773
2021-08-10 14:00:00,30.648765987376777
2021-08-10 15:00:00,30.91654615452877
2021-08-10 16:00:00,30.098762070583945
2021-08-10 17:00:00,29.933052999815587
2021-08-10 18:00:00,28.24527770965832
2021-08-10 19:00:00,26.87518512710801
2021-08-10 20:00:00,26.2340732522876
2021-08-10 21:00:00,25.41265311436185
2021-08-10 22:00:00,25.17759108525854
2021-08-10 23:00:00,25.313486281329432
2021-08-11 00:00:00,24.198178056216708
2021-08-11 01:00:00,23.85632655718092
2021-08-11 02:00:00,23.26827063876702
2021-08-11 03:00:00,23.262376402898035
2021-08-11 04:00:00,23.28796237566169
2021-08-11 05:00:00,23.14095626497229
2021-08-11 06:00:00,23.08373447372787
2021-08-11 07:00:00,23.74777721056107
2021-08-11 08:00:00,25.07101929227011
2021-08-11 09:00:00,26.78972225234907
2021-08-11 10:00:00,28.386389584478746
2021-08-11 11:00:00,29.67842425222612
2021-08-11 12:00:00,31.146017333873694
2021-08-11 13:00:00,32.10499900180549
2021-08-11 14:00:00,32.57055246272572
2021-08-11 15:00:00,32.59802244636858
2021-08-11 16:00:00,32.72027575126191
2021-08-11 17:00:00,30.936230057837783
2021-08-11 18:00:00,29.23712529190128
2021-08-11 19:00:00,28.0943470831457
2021-08-11 20:00:00,27.22425450059539
2021-08-11 21:00:00,26.294440625897916
2021-08-11 22:00:00,25.82351487638002
2021-08-11 23:00:00,24.654566680493545
2021-08-12 00:00:00,24.15456668049355
2021-08-12 01:00:00,23.743517832970944
2021-08-12 02:00:00,23.83413531938351
2021-08-12 03:00:00,23.594845388346386
2021-08-12 04:00:00,23.238456764069547
2021-08-12 05:00:00,22.987962375661688
2021-08-12 06:00:00,23.09817805621671
2021-08-12 07:00:00,23.804321444686032
2021-08-12 08:00:00,25.137467987253835
2021-08-12 09:00:00,27.23074058441727
2021-08-12 10:00:00,28.91786979311138
2021-08-12 11:00:00,29.902343891054617
2021-08-12 12:00:00,30.67400926478788
2021-08-12 13:00:00,31.052160722343014
2021-08-12 14:00:00,30.47243647360493
2021-08-12 15:00:00,29.52376402898036
2021-08-12 16:00:00,30.12376402898036
2021-08-12 17:00:00,29.63996748815658
2021-08-12 18:00:00,28.760305306514404
2021-08-12 19:00:00,28.050089625959384
2021-08-12 20:00:00,27.40814458417139
2021-08-12 21:00:00,26.296200502585293
2021-08-12 22:00:00,25.269197348486813
2021-08-12 23:00:00,24.67249854070084
2021-08-13 00:00:00,24.206727402836563
2021-08-13 01:00:00,23.997344889249128
2021-08-13 02:00:00,24.121202460981703
2021-08-13 03:00:00,23.449505611592144
2021-08-13 04:00:00,22.964782361048567
2021-08-13 05:00:00,22.98271422125586
2021-08-13 06:00:00,23.085307264910817
2021-08-13 07:00:00,23.781818987192366
2021-08-13 08:00:00,25.140123098004707
2021-08-13 09:00:00,26.60499900180549
2021-08-13 10:00:00,27.65466022324576
2021-08-13 11:00:00,27.37342525042064
2021-08-13 12:00:00,27.85024523580751
2021-08-13 13:00:00,28.82475280579607
2021-08-13 14:00:00,28.48024619600941
2021-08-13 15:00:00,28.86570907076836
2021-08-13 16:00:00,29.55814850096421
2021-08-13 17:00:00,29.38456764069545
2021-08-13 18:00:00,28.67253001635714
2021-08-13 19:00:00,27.967375404703525
2021-08-13 20:00:00,27.404999001805493
2021-08-13 21:00:00,27.056326557180927
2021-08-13 22:00:00,26.3940436970351
2021-08-13 23:00:00,25.717192235991924
2021-08-14 00:00:00,26.092283820347724
2021-08-14 01:00:00,25.682068139792708
2021-08-14 02:00:00,25.292283820347727
2021-08-14 03:00:00,24.9640427368332
2021-08-14 04:00:00,24.568364181519232
2021-08-14 05:00:00,24.25814850096421
2021-08-14 06:00:00,23.981234972825124
2021-08-14 07:00:00,24.129074250482105
2021-08-14 08:00:00,24.552160722343014
2021-08-14 09:00:00,25.41453712524105
2021-08-14 10:00:00,25.940123098004708
2021-08-14 11:00:00,26.350338778559728
2021-08-14 12:00:00,27.54336222312282
2021-08-14 13:00:00,28.43496848635109
2021-08-14 14:00:00,28.669936972702185
2021-08-14 15:00:00,29.10407229208569
2021-08-14 16:00:00,29.619014179775213
2021-08-14 17:00:00,29.239289931037128
2021-08-14 18:00:00,28.804165834837907
2021-08-14 19:00:00,27.679506571794047
2021-08-14 20:00:00,26.629907417449687
2021-08-14 21:00:00,25.689877862197196
2021-08-14 22:00:00,25.202499500902743
2021-08-14 23:00:00,24.70166633393516
2021-08-15 00:00:00,23.85731533399663
2021-08-15 01:00:00,23.36753101455165
2021-08-15 02:00:00,23.129907417449687
2021-08-15 03:00:00,22.849505611592143
2021-08-15 04:00:00,22.62376402898036
2021-08-15 05:00:00,22.51786979311138
2021-08-15 06:00:00,22.129907417449687
2021-08-15 07:00:00,22.6529938893106
2021-08-15 08:00:00,23.944444542690743
2021-08-15 09:00:00,25.70342621062254
2021-08-15 10:00:00,27.363980669737288
2021-08-15 11:00:00,28.849350001744018
2021-08-15 12:00:00,30.2031770580222
2021-08-15 13:00:00,30.4082381269236
2021-08-15 14:00:00,31.2861404318784
2021-08-15 15:00:00,31.78947309974873
2021-08-15 16:00:00,32.19561648821805
2021-08-15 17:00:00,31.470863682421975
2021-08-15 18:00:00,30.80160426683925
2021-08-15 19:00:00,28.840800655124163
2021-08-15 20:00:00,27.407342892860107
2021-08-15 21:00:00,26.16802148616668
2021-08-15 22:00:00,25.557805805611657
2021-08-15 23:00:00,25.54851683477644
2021-08-16 00:00:00,25.162220793049908
2021-08-16 01:00:00,24.81188201449018
2021-08-16 02:00:00,24.199011223184293
2021-08-16 03:00:00,23.703332667870328
2021-08-16 04:00:00,23.34694404359349
2021-08-16 05:00:00,23.23157375138485
2021-08-16 06:00:00,22.688055918413905
2021-08-16 07:00:00,23.57185245923769
2021-08-16 08:00:00,24.504321444686035
2021-08-16 09:00:00,25.879568638889964
2021-08-16 10:00:00,27.5719145263336
2021-08-16 11:00:00,27.83928993103713
2021-08-16 12:00:00,29.48969077669277
2021-08-16 13:00:00,30.012777248553675
2021-08-16 14:00:00,30.198240123312623
2021-08-16 15:00:00,31.15033877855973
2021-08-16 16:00:00,29.34685050084127
2021-08-16 17:00:00,29.23157375138485
2021-08-16 18:00:00,28.332406918352437
2021-08-16 19:00:00,27.630584974569143
2021-08-16 20:00:00,27.170863682421977
2021-08-16 21:00:00,26.57941302904183
2021-08-16 22:00:00,25.8220976950452
2021-08-16 23:00:00,25.239289931037124
2021-08-17 00:00:00,24.87592475132338
2021-08-17 01:00:00,24.33413531938351
2021-08-17 02:00:00,24.055493390213343
2021-08-17 03:00:00,23.342778208755576
2021-08-17 04:00:00,23.08040180585754
2021-08-17 05:00:00,22.58040180585754
2021-08-17 06:00:00,22.471852459237688
2021-08-17 07:00:00,22.66669784758407
2021-08-17 08:00:00,23.886451651574653
2021-08-17 09:00:00,24.344350999938527
2021-08-17 10:00:00,25.53179142832889
2021-08-17 11:00:00,27.149754764192487
2021-08-17 12:00:00,29.528825097881764
2021-08-17 13:00:00,29.756139471676494
2021-08-17 14:00:00,30.533395695168142
2021-08-17 15:00:00,30.41527674945642
2021-08-17 16:00:00,30.40259304365496
2021-08-17 17:00:00,29.873674403020978
2021-08-17 18:00:00,29.083734473727876
2021-08-17 19:00:00,27.746110876625902
2021-08-17 20:00:00,25.02450365319573
2021-08-17 21:00:00,24.63471933375075
2021-08-17 22:00:00,23.85863897257924
2021-08-17 23:00:00,24.42975180760156
2021-08-18 00:00:00,23.88197459704049
2021-08-18 01:00:00,22.724659263043858
2021-08-18 02:00:00,22.952160722343017
2021-08-18 03:00:00,22.413703958273477
2021-08-18 04:00:00,22.19916683303242
2021-08-18 05:00:00,21.521607223430173
2021-08-18 06:00:00,21.264385432185755
2021-08-18 07:00:00,20.64709965344161
2021-08-18 08:00:00,20.5470061106894
2021-08-18 09:00:00,22.094043697035104
2021-08-18 10:00:00,22.90259304365496
2021-08-18 11:00:00,24.72469073870016
2021-08-18 12:00:00,26.97857986207425
2021-08-18 13:00:00,28.354566680493544
2021-08-18 14:00:00,29.57681998538688
2021-08-18 15:00:00,30.089690776692763
2021-08-18 16:00:00,29.323764028980364
2021-08-18 17:00:00,27.895717864555927
2021-08-18 18:00:00,24.402780129159385
2021-08-18 19:00:00,23.695126016603027
2021-08-18 20:00:00,21.286296041726526
2021-08-18 21:00:00,21.36602029046462
2021-08-18 22:00:00,21.66586468061649
2021-08-18 23:00:00,21.89336613991565
2021-08-19 00:00:00,21.518118945711723
2021-08-19 01:00:00,21.34203858454021
2021-08-19 02:00:00,21.142871751507798
2021-08-19 03:00:00,20.936050805919017
2021-08-19 04:00:00,20.88737836129445
2021-08-19 05:00:00,20.912131167090525
2021-08-19 06:00:00,20.80780972240449
2021-08-19 07:00:00,21.104321444686036
2021-08-19 08:00:00,22.193950154282888
2021-08-19 09:00:00,24.066791390336284
2021-08-19 10:00:00,25.488211528262028
2021-08-19 11:00:00,25.993023444563093
2021-08-19 12:00:00,26.261449693178243
2021-08-19 13:00:00,27.699750847399656
2021-08-19 14:00:00,28.49135711062793
2021-08-19 15:00:00,28.92293086201278
2021-08-19 16:00:00,29.89379454443476
2021-08-19 17:00:00,29.76064800186696
2021-08-19 18:00:00,28.50848727952394
2021-08-19 19:00:00,27.42734584945103
2021-08-19 20:00:00,25.888857609725186
2021-08-19 21:00:00,24.17938155338553
2021-08-19 22:00:00,23.80428996902973
2021-08-19 23:00:00,22.062189317393607
2021-08-20 00:00:00,21.693918678626588
2021-08-20 01:00:00,21.60845580386764
2021-08-20 02:00:00,21.123826096076275
2021-08-20 03:00:00,20.829813874697475
2021-08-20 04:00:00,20.79135711062793
2021-08-20 05:00:00,20.701572791182947
2021-08-20 06:00:00,20.54941206883993
2021-08-20 07:00:00,22.0640427368332
2021-08-20 08:00:00,23.938456764069542
2021-08-20 09:00:00,25.50166633393516
2021-08-20 10:00:00,26.872436473604928
2021-08-20 11:00:00,28.29219027759551
2021-08-20 12:00:00,29.84678843374536
2021-08-20 13:00:00,29.35863897257924
2021-08-20 14:00:00,30.14944354449624
2021-08-20 15:00:00,30.347434515208512
2021-08-20 16:00:00,29.55132755537544
2021-08-20 17:00:00,29.323024404764997
2021-08-20 18:00:00,28.203332667870328
2021-08-20 19:00:00,27.693116987315307
2021-08-20 20:00:00,27.16148116883454
2021-08-20 21:00:00,25.235030553447004
2021-08-20 22:00:00,23.505248154405837
2021-08-20 23:00:00,22.75481583309389
2021-08-21 00:00:00,23.12135807082983
2021-08-21 01:00:00,23.03422886213572
2021-08-21 02:00:00,23.183890083576
2021-08-21 03:00:00,23.153827056278185
2021-08-21 04:00:00,23.68722275144632
2021-08-21 05:00:00,24.006820945588775
2021-08-21 06:00:00,23.601666333935164
2021-08-21 07:00:00,23.15888812517958
2021-08-21 08:00:00,22.97774669510667
2021-08-21 09:00:00,22.615370292208635
2021-08-21 10:00:00,22.452160722343017
2021-08-21 11:00:00,22.271019292270104
2021-08-21 12:00:00,22.54460015253887
2021-08-21 13:00:00,26.850775016664496
2021-08-21 14:00:00,28.404165834837904
2021-08-21 15:00:00,27.59113943368389
2021-08-21 16:00:00,26.899844390151877
2021-08-21 17:00:00,26.255399847461128
2021-08-21 18:00:00,24.413548348425344
2021-08-21 19:00:00,24.4110488475226
2021-08-21 20:00:00,23.789690776692765
2021-08-21 21:00:00,22.833208609663718
2021-08-21 22:00:00,23.31444358248884
2021-08-21 23:00:00,23.5050610689014
2021-08-22 00:00:00,23.506727402836564
2021-08-22 01:00:00,23.330647041665056
2021-08-22 02:00:00,23.431635818480764
2021-08-22 03:00:00,22.94435099993853
2021-08-22 04:00:00,22.336696887382168
2021-08-22 05:00:00,22.159721292147164
2021-08-22 06:00:00,22.07342525042064
2021-08-22 07:00:00,22.5220976950452
2021-08-22 08:00:00,23.949505611592144
2021-08-22 09:00:00,25.16836418151923
2021-08-22 10:00:00,25.75043232131194
2021-08-22 11:00:00,25.764969446553
2021-08-22 12:00:00,26.634228862135725
2021-08-22 13:00:00,27.870124058206613
2021-08-22 14:00:00,27.92990741744969
2021-08-22 15:00:00,27.683734473727867
2021-08-22 16:00:00,27.019536127046543
2021-08-22 17:00:00,26.689628709596853
2021-08-22 18:00:00,25.888795542629275
2021-08-22 19:00:00,24.840862722220077
2021-08-22 20:00:00,24.03148020863264
2021-08-22 21:00:00,23.47592475132338
2021-08-22 22:00:00,23.14345576587504
2021-08-22 23:00:00,22.57169684938956
2021-08-23 00:00:00,22.72817901641861
2021-08-23 01:00:00,22.165709070768365
2021-08-23 02:00:00,22.24188297469209
2021-08-23 03:00:00,22.30259304365496
2021-08-23 04:00:00,22.62484634854829
2021-08-23 05:00:00,22.681234972825123
2021-08-23 06:00:00,22.62567951551587
2021-08-23 07:00:00,23.001759876687377
2021-08-23 08:00:00,23.343611375723164
2021-08-23 09:00:00,23.03413531938351
2021-08-23 10:00:00,22.815370292208637
2021-08-23 11:00:00,23.26669784758407
2021-08-23 12:00:00,22.63836322131733
2021-08-23 13:00:00,22.36660430483186
2021-08-23 14:00:00,21.728147540762315
2021-08-23 15:00:00,21.315276749456423
2021-08-23 16:00:00,21.19302344456309
2021-08-23 17:00:00,21.434135319383508
2021-08-23 18:00:00,20.79061748641256
2021-08-23 19:00:00,20.514537125241056
2021-08-23 20:00:00,20.75981483489938
2021-08-23 21:00:00,21.14361137572316
2021-08-23 22:00:00,20.960710068962875
2021-08-23 23:00:00,21.43074058441727
2021-08-24 00:00:00,21.62990741744969
2021-08-24 01:00:00,21.391450653380147
2021-08-24 02:00:00,21.753827056278183
2021-08-24 03:00:00,22.04361137572316
2021-08-24 04:00:00,22.01969173689467
2021-08-24 05:00:00,21.69228382034773
2021-08-24 06:00:00,21.716203459176217
2021-08-24 07:00:00,22.08123497282513
2021-08-24 08:00:00,22.1529938893106
2021-08-24 09:00:00,23.848088430257324
2021-08-24 10:00:00,25.700833166967584
2021-08-24 11:00:00,27.1110488475226
2021-08-24 12:00:00,26.76669784758407
2021-08-24 13:00:00,25.37333170766842
2021-08-24 14:00:00,26.040894197876376
2021-08-24 15:00:00,26.539289931037125
2021-08-24 16:00:00,26.3359572631668
2021-08-24 17:00:00,26.12043136111004
2021-08-24 18:00:00,25.519598194142453
2021-08-24 19:00:00,24.76660430483186
2021-08-24 20:00:00,24.188857609725183
2021-08-24 21:00:00,24.01194408158609
2021-08-24 22:00:00,23.699906457247785
2021-08-24 23:00:00,23.4691038057346
2021-08-25 00:00:00,23.09135711062793
2021-08-25 01:00:00,23.2691038057346
2021-08-25 02:00:00,23.5110488475226
2021-08-25 03:00:00,23.41786979311138
2021-08-25 04:00:00,23.469197348486816
2021-08-25 05:00:00,23.18796237566169
2021-08-25 06:00:00,23.138456764069545
2021-08-25 07:00:00,22.46827063876702
2021-08-25 08:00:00,22.61527674945642
2021-08-25 09:00:00,22.98197459704049
2021-08-25 10:00:00,23.58978431944498
2021-08-25 11:00:00,23.822253304893326
2021-08-25 12:00:00,23.38114143007291
2021-08-25 13:00:00,22.77608036117151
2021-08-25 14:00:00,23.02558597276365
2021-08-25 15:00:00,23.32475280579607
2021-08-25 16:00:00,24.10348827771845
2021-08-25 17:00:00,24.368364181519237
2021-08-25 18:00:00,24.452160722343017
2021-08-25 19:00:00,23.89228382034772
2021-08-25 20:00:00,23.58040180585754
2021-08-25 21:00:00,23.218025402959505
2021-08-25 22:00:00,22.561543235930458
2021-08-25 23:00:00,22.101666333935164
2021-08-26 00:00:00,22.002499500902744
2021-08-26 01:00:00,21.960554459114743
2021-08-26 02:00:00,21.868270638767022
2021-08-26 03:00:00,22.033302152415928
2021-08-26 04:00:00,21.65722179124442
2021-08-26 05:00:00,21.48712920869411
2021-08-26 06:00:00,21.712715181457764
2021-08-26 07:00:00,21.96570907076836
2021-08-26 08:00:00,22.452838279462476
2021-08-26 09:00:00,23.22891864063398
2021-08-26 10:00:00,24.416203459176216
2021-08-26 11:00:00,25.550338778559727
2021-08-26 12:00:00,26.43672836303847
2021-08-26 13:00:00,27.02376402898036
2021-08-26 14:00:00,27.0331465425678
2021-08-26 15:00:00,27.00166633393516
2021-08-26 16:00:00,27.160554459114746
2021-08-26 17:00:00,26.538456764069544
2021-08-26 18:00:00,26.005061068901405
2021-08-26 19:00:00,25.333302152415925
2021-08-26 20:00:00,25.16743747179944
2021-08-26 21:00:00,24.91444358248884
2021-08-26 22:00:00,24.84002955525249
2021-08-26 23:00:00,24.758054958212
2021-08-27 00:00:00,24.433302152415926
2021-08-27 01:00:00,23.90422790193382
2021-08-27 02:00:00,24.113703958273472
2021-08-27 03:00:00,24.052160722343014
2021-08-27 04:00:00,24.029074250482104
2021-08-27 05:00:00,23.83330215241593
2021-08-27 06:00:00,23.859721292147164
2021-08-27 07:00:00,23.916203459176216
2021-08-27 08:00:00,22.77891472384115
2021-08-27 09:00:00,21.239040778436785
2021-08-27 10:00:00,21.08348532112753
2021-08-27 11:00:00,20.49833366606484
2021-08-27 12:00:00,20.3779023049548
2021-08-27 13:00:00,20.108549346619856
2021-08-27 14:00:00,20.338456764069544
2021-08-27 15:00:00,20.52308647186091
2021-08-27 16:00:00,20.62475280579607
2021-08-27 17:00:00,20.738456764069543
2021-08-27 18:00:00,20.881974597040493
2021-08-27 19:00:00,20.572592083453053
2021-08-27 20:00:00,20.529813874697474
2021-08-27 21:00:00,20.144350999938528
2021-08-27 22:00:00,19.83231337560022
2021-08-27 23:00:00,19.680152653257203
2021-08-28 00:00:00,19.44518416690611
2021-08-28 01:00:00,19.29302344456309
2021-08-28 02:00:00,19.35539984746113
2021-08-28 03:00:00,19.35539984746113
2021-08-28 04:00:00,19.46743747179944
2021-08-28 05:00:00,19.419598194142456
2021-08-28 06:00:00,19.37175891648548
2021-08-28 07:00:00,19.58197459704049
2021-08-28 08:00:00,19.734968486351093
2021-08-28 09:00:00,21.378424252226125
2021-08-28 10:00:00,23.062220793049907
2021-08-28 11:00:00,24.46064800186696
2021-08-28 12:00:00,25.751327555375436
2021-08-28 13:00:00,24.86561552801615
2021-08-28 14:00:00,24.925585972763656
2021-08-28 15:00:00,25.1640427368332
2021-08-28 16:00:00,25.755493390213346
2021-08-28 17:00:00,25.779319486289623
2021-08-28 18:00:00,24.835801653318672
2021-08-28 19:00:00,24.04002955525249
2021-08-28 20:00:00,23.400739624215365
2021-08-28 21:00:00,22.40672740283657
2021-08-28 22:00:00,22.159721292147164
2021-08-28 23:00:00,22.077746695106672
2021-08-29 00:00:00,21.859876901995293
2021-08-29 01:00:00,21.763209569865616
2021-08-29 02:00:00,21.173269640572503
2021-08-29 03:00:00,18.7529938893106
2021-08-29 04:00:00,18.63256252820056
2021-08-29 05:00:00,18.765031513648907
2021-08-29 06:00:00,18.489784319444983
2021-08-29 07:00:00,18.665031513648906
2021-08-29 08:00:00,19.06586468061649
2021-08-29 09:00:00,19.407809722404487
2021-08-29 10:00:00,19.61120445737073
2021-08-29 11:00:00,20.606976555436905
2021-08-29 12:00:00,22.83172936123298
2021-08-29 13:00:00,24.842684666003365
2021-08-29 14:00:00,25.30240595815053
2021-08-29 15:00:00,26.216943083391584
2021-08-29 16:00:00,26.34169588918765
2021-08-29 17:00:00,26.09901122318429
2021-08-29 18:00:00,24.79036833381222
2021-08-29 19:00:00,23.60058401436724
2021-08-29 20:00:00,22.99975084739966
2021-08-29 21:00:00,22.50058401436724
2021-08-29 22:00:00,21.79817805621671
2021-08-29 23:00:00,21.286296041726526
2021-08-30 00:00:00,21.173425250420635
2021-08-30 01:00:00,21.010215680555017
2021-08-30 02:00:00,20.699166833032415
2021-08-30 03:00:00,20.60938251358744
2021-08-30 04:00:00,20.433302152415926
2021-08-30 05:00:00,20.425585972763656
2021-08-30 06:00:00,20.519598194142453
2021-08-30 07:00:00,20.924752805796075
2021-08-30 08:00:00,21.775247194203924
2021-08-30 09:00:00,22.284629707791364
2021-08-30 10:00:00,23.54617294372182
2021-08-30 11:00:00,24.38712920869411
2021-08-30 12:00:00,24.7110488475226
2021-08-30 13:00:00,24.5220976950452
2021-08-30 14:00:00,24.99071102916478
2021-08-30 15:00:00,25.239289931037124
2021-08-30 16:00:00,25.328241083514527
2021-08-30 17:00:00,25.114537125241053
2021-08-30 18:00:00,24.710215680555017
2021-08-30 19:00:00,23.886296041726524
2021-08-30 20:00:00,23.673425250420635
2021-08-30 21:00:00,22.76728186195131
2021-08-30 22:00:00,22.60666533574065
2021-08-30 23:00:00,22.072592083453056
2021-08-31 00:00:00,21.96237640289804
2021-08-31 01:00:00,22.27175891648547
2021-08-31 02:00:00,21.9529938893106
2021-08-31 03:00:00,21.8889511524774
2021-08-31 04:00:00,21.437623597101965
2021-08-31 05:00:00,21.45049438840785
2021-08-31 06:00:00,21.62391963882849
2021-08-31 07:00:00,21.74783927765698
2021-08-31 08:00:00,22.200833166967584
2021-08-31 09:00:00,22.64867244462457
2021-08-31 10:00:00,23.65382705627818
2021-08-31 11:00:00,24.153827056278185
2021-08-31 12:00:00,24.3640427368332
2021-08-31 13:00:00,24.33074058441727
2021-08-31 14:00:00,23.9870671415982
2021-08-31 15:00:00,23.87518512710801
2021-08-31 16:00:00,21.213548348425345
2021-08-31 17:00:00,19.7280854736664
2021-08-31 18:00:00,19.47691352813909
2021-08-31 19:00:00,19.391450653380144
2021-08-31 20:00:00,19.458981667931795
2021-08-31 21:00:00,20.28638958447874
2021-08-31 22:00:00,20.392283820347725
2021-08-31 23:00:00,21.105092544557703
2021-09-01 00:00:00,21.736728363038463
2021-09-01 01:00:00,22.398271598968925
2021-09-01 02:00:00,22.757315333996637
2021-09-01 03:00:00,22.82990741744969
2021-09-01 04:00:00,22.53589519607089
2021-09-01 05:00:00,21.808674365028374
2021-09-01 06:00:00,21.67188393489399
2021-09-01 07:00:00,20.57268562620527
2021-09-01 08:00:00,20.61969173689467
2021-09-01 09:00:00,20.57342525042064
2021-09-01 10:00:00,20.641945041788
2021-09-01 11:00:00,20.79577209806618
2021-09-01 12:00:00,20.75981483489938
2021-09-01 13:00:00,20.713703958273477
2021-09-01 14:00:00,21.069197348486817
2021-09-01 15:00:00,21.444444542690743
2021-09-01 16:00:00,21.69228382034773
2021-09-01 17:00:00,22.04012309800471
2021-09-01 18:00:00,21.940956264972293
2021-09-01 19:00:00,21.74012309800471
2021-09-01 20:00:00,21.753827056278183
2021-09-01 21:00:00,21.69228382034773
2021-09-01 22:00:00,21.739289931037128
2021-09-01 23:00:00,21.71537029220864
2021-09-02 00:00:00,21.667531014551656
2021-09-02 01:00:00,21.261543235930453
2021-09-02 02:00:00,21.40947605633965
2021-09-02 03:00:00,20.957315333996632
2021-09-02 04:00:00,20.681234972825123
2021-09-02 05:00:00,20.552160722343014
2021-09-02 06:00:00,20.429074250482103
2021-09-02 07:00:00,20.857315333996635
2021-09-02 08:00:00,21.98456764069545
2021-09-02 09:00:00,22.798271598968924
2021-09-02 10:00:00,23.849505611592143
2021-09-02 11:00:00,24.582807764008077
2021-09-02 12:00:00,25.486046889126182
2021-09-02 13:00:00,25.39061748641256
2021-09-02 14:00:00,26.316514678872476
2021-09-02 15:00:00,25.711882014490183
2021-09-02 16:00:00,26.02225330489333
2021-09-02 17:00:00,25.667531014551653
2021-09-02 18:00:00,24.65033877855973
2021-09-02 19:00:00,23.746017333873688
2021-09-02 20:00:00,23.02725230669882
2021-09-02 21:00:00,22.540956264972287
2021-09-02 22:00:00,22.2529938893106
2021-09-02 23:00:00,22.048672444624565
2021-09-03 00:00:00,21.916203459176216
2021-09-03 01:00:00,21.7589816679318
2021-09-03 02:00:00,21.524013181580703
2021-09-03 03:00:00,21.44361137572316
2021-09-03 04:00:00,21.191450653380144
2021-09-03 05:00:00,20.696511722281542
2021-09-03 06:00:00,20.675247194203926
2021-09-03 07:00:00,20.948672444624567
2021-09-03 08:00:00,22.798271598968924
2021-09-03 09:00:00,23.770186125302523
2021-09-03 10:00:00,24.83679043013438
2021-09-03 11:00:00,26.354566680493548
2021-09-03 12:00:00,27.130647041665057
2021-09-03 13:00:00,27.61444358248884
2021-09-03 14:00:00,27.96749953889535
2021-09-03 15:00:00,28.31194408158609
2021-09-03 16:00:00,28.39503247385081
2021-09-03 17:00:00,28.306914488340997
2021-09-03 18:00:00,26.46487590380078
2021-09-03 19:00:00,24.88431848809511
2021-09-03 20:00:00,24.21006007070689
2021-09-03 21:00:00,23.197282822153213
2021-09-03 22:00:00,22.57425841738822
2021-09-03 23:00:00,22.33324008532001
2021-09-04 00:00:00,21.86330311261783
2021-09-04 01:00:00,21.46413627958541
2021-09-04 02:00:00,20.859814834899375
2021-09-04 03:00:00,20.359970444747507
2021-09-04 04:00:00,19.7308961942654
2021-09-04 05:00:00,19.163365179713743
2021-09-04 06:00:00,18.650494388407854
2021-09-04 07:00:00,18.88462970779136
2021-09-04 08:00:00,20.604321444686036
2021-09-04 09:00:00,21.9280854736664
2021-09-04 10:00:00,23.685400807663036
2021-09-04 11:00:00,24.59827159896892
2021-09-04 12:00:00,25.94435099993853
2021-09-04 13:00:00,27.10682094558878
2021-09-04 14:00:00,27.585307264910817
2021-09-04 15:00:00,27.926419139731237
2021-09-04 16:00:00,27.1170366261438
2021-09-04 17:00:00,27.011975557242398
2021-09-04 18:00:00,25.69478332125047
2021-09-04 19:00:00,24.53240691835244
2021-09-04 20:00:00,23.699104765936504
2021-09-04 21:00:00,23.24178943193987
2021-09-04 22:00:00,22.608487279523946
2021-09-04 23:00:00,21.91786979311138
2021-09-05 00:00:00,21.152160722343016
2021-09-05 01:00:00,20.604321444686036
2021-09-05 02:00:00,19.957315333996632
2021-09-05 03:00:00,19.43256252820056
2021-09-05 04:00:00,18.798333666064835
2021-09-05 05:00:00,18.43944554088525
2021-09-05 06:00:00,18.46419834668133
2021-09-05 07:00:00,18.646172943721812
2021-09-05 08:00:00,20.00323912511811
2021-09-05 09:00:00,21.032468985448347
2021-09-05 10:00:00,22.4280854736664
2021-09-05 11:00:00,23.82558597276365
2021-09-05 12:00:00,24.406143388469324
2021-09-05 13:00:00,24.967437471799435
2021-09-05 14:00:00,24.241695889187653
2021-09-05 15:00:00,24.50756056980415
2021-09-05 16:00:00,24.403332667870323
2021-09-05 17:00:00,24.16320956986561
2021-09-05 18:00:00,23.25638862427684
2021-09-05 19:00:00,22.335062029103305
2021-09-05 20:00:00,21.84685050084128
2021-09-05 21:00:00,21.395678555313964
2021-09-05 22:00:00,21.07342525042064
2021-09-05 23:00:00,20.80839373677173
2021-09-06 00:00:00,20.8170366261438
2021-09-06 01:00:00,20.336790430134386
2021-09-06 02:00:00,20.12907425048211
2021-09-06 03:00:00,19.867593081647566
2021-09-06 04:00:00,19.975247194203927
2021-09-06 05:00:00,19.8889511524774
2021-09-06 06:00:00,19.318920637023
2021-09-06 07:00:00,19.822253304893326
2021-09-06 08:00:00,20.514537125241056
2021-09-06 09:00:00,22.47608036117151
2021-09-06 10:00:00,23.44799488750511
2021-09-06 11:00:00,23.76827063876702
2021-09-06 12:00:00,24.054566680493547
2021-09-06 13:00:00,23.90323912511811
2021-09-06 14:00:00,23.62107744257319
2021-09-06 15:00:00,22.751078402775093
2021-09-06 16:00:00,21.79734488924913
2021-09-06 17:00:00,20.539289931037125
2021-09-06 18:00:00,19.835062029103305
2021-09-06 19:00:00,19.047099653441613
2021-09-06 20:00:00,18.671852459237687
2021-09-06 21:00:00,18.191450653380144
2021-09-06 22:00:00,18.043611375723163
2021-09-06 23:00:00,18.2949389310986
2021-09-07 00:00:00,18.50947605633965
2021-09-07 01:00:00,18.60947605633965
2021-09-07 02:00:00,18.7949389310986
2021-09-07 03:00:00,18.91885856992709
2021-09-07 04:00:00,19.39577209806618
2021-09-07 05:00:00,19.22052490386225
2021-09-07 06:00:00,19.23074058441727
2021-09-07 07:00:00,19.31620345917621
2021-09-07 08:00:00,19.40083316696758
2021-09-07 09:00:00,20.210309223307235
2021-09-07 10:00:00,20.953920599030397
2021-09-07 11:00:00,22.048765987376772
2021-09-07 12:00:00,22.476173903923723
2021-09-07 13:00:00,21.97018612530253
2021-09-07 14:00:00,22.334384471983853
2021-09-07 15:00:00,23.77632951377185
2021-09-07 16:00:00,23.64460015253887
2021-09-07 17:00:00,23.723180014613124
2021-09-07 18:00:00,22.68462970779137
2021-09-07 19:00:00,21.6520671795908
2021-09-07 20:00:00,21.118765027174877
2021-09-07 21:00:00,20.895678555313964
2021-09-07 22:00:00,20.83330215241593
2021-09-07 23:00:00,20.685462874758944
2021-09-08 00:00:00,20.434135319383508
2021-09-08 01:00:00,20.26237640289804
2021-09-08 02:00:00,20.086296041726527
2021-09-08 03:00:00,19.87175891648548
2021-09-08 04:00:00,19.762376402898035
2021-09-08 05:00:00,19.7470061106894
2021-09-08 06:00:00,19.72308647186091
2021-09-08 07:00:00,19.86586468061649
2021-09-08 08:00:00,20.71969173689467
2021-09-08 09:00:00,21.894105764131016
2021-09-08 10:00:00,23.065958223368703
2021-09-08 11:00:00,24.7770070708913
2021-09-08 12:00:00,25.128179016418613
2021-09-08 13:00:00,26.253920599030398
2021-09-08 14:00:00,26.303426210622543
2021-09-08 15:00:00,26.279413029041837
2021-09-08 16:00:00,25.85367144643005
2021-09-08 17:00:00,25.300677557119457
2021-09-08 18:00:00,24.0861404318784
2021-09-08 19:00:00,22.14851683477644
2021-09-08 20:00:00,20.99552294546584
2021-09-08 21:00:00,19.96817709601481
2021-09-08 22:00:00,19.19901122318429
2021-09-08 23:00:00,18.503332667870325
2021-09-09 00:00:00,17.98114143007291
2021-09-09 01:00:00,17.595678555313967
2021-09-09 02:00:00,17.323086471860908
2021-09-09 03:00:00,17.205894235868985
2021-09-09 04:00:00,17.390523943660348
2021-09-09 05:00:00,17.299073290280205
2021-09-09 06:00:00,17.396511722281545
2021-09-09 07:00:00,17.54774573490477
2021-09-09 08:00:00,19.095678555313963
2021-09-09 09:00:00,21.085307264910817
2021-09-09 10:00:00,23.211819947394268
2021-09-09 11:00:00,24.556780902139845
2021-09-09 12:00:00,26.022930862012785
2021-09-09 13:00:00,26.944288932842618
2021-09-09 14:00:00,27.90067755711945
2021-09-09 15:00:00,27.59135711062793
2021-09-09 16:00:00,27.916203459176216
2021-09-09 17:00:00,27.15043232131194
2021-09-09 18:00:00,25.571603306637343
2021-09-09 19:00:00,23.78447409794324
2021-09-09 20:00:00,23.14851683477644
2021-09-09 21:00:00,22.257899348363875
2021-09-09 22:00:00,21.5441953900904
2021-09-09 23:00:00,21.08265215415995
2021-09-10 00:00:00,19.93148020863264
2021-09-10 01:00:00,19.88879554262927
2021-09-10 02:00:00,19.73580165331867
2021-09-10 03:00:00,19.595678555313963
2021-09-10 04:00:00,19.484629707791363
2021-09-10 05:00:00,19.265031513648907
2021-09-10 06:00:00,19.03679043013438
2021-09-10 07:00:00,19.47092574951789
2021-09-10 08:00:00,20.541789431939872
2021-09-10 09:00:00,21.851171945527305
2021-09-10 10:00:00,24.31953612704654
2021-09-10 11:00:00,25.68796237566169
2021-09-10 12:00:00,27.24950561159214
2021-09-10 13:00:00,27.58956664250094
2021-09-10 14:00:00,27.74678843374536
2021-09-10 15:00:00,27.87660230844284
2021-09-10 16:00:00,27.67561353162713
2021-09-10 17:00:00,25.88354738822344
2021-09-10 18:00:00,25.25357790367784
2021-09-10 19:00:00,23.670676596917552
2021-09-10 20:00:00,22.728053998010097
2021-09-10 21:00:00,22.128053998010092
2021-09-10 22:00:00,21.504967526149187
2021-09-10 23:00:00,21.04941206883993
2021-09-11 00:00:00,21.193856611530677
2021-09-11 01:00:00,20.845861724025564
2021-09-11 02:00:00,20.00830019401951
2021-09-11 03:00:00,19.87150976388513
2021-09-11 04:00:00,19.901572791182947
2021-09-11 05:00:00,19.399073290280203
2021-09-11 06:00:00,18.817005150487496
2021-09-11 07:00:00,18.97083220676568
2021-09-11 08:00:00,20.17666437553875
2021-09-11 09:00:00,22.54330015602691
2021-09-11 10:00:00,24.90077109987167
2021-09-11 11:00:00,26.03157375138485
2021-09-11 12:00:00,26.529751807601563
2021-09-11 13:00:00,27.823764028980364
2021-09-11 14:00:00,28.6331465425678
2021-09-11 15:00:00,28.99046187656443
2021-09-11 16:00:00,28.930584974569143
2021-09-11 17:00:00,27.197928903616365
2021-09-11 18:00:00,25.89876207058395
2021-09-11 19:00:00,24.34660134824093
2021-09-11 20:00:00,24.001417181334823
2021-09-11 21:00:00,22.390523943660348
2021-09-11 22:00:00,21.30490545905328
2021-09-11 23:00:00,20.616943083391583
2021-09-12 00:00:00,20.537374444501623
2021-09-12 01:00:00,20.001572791182948
2021-09-12 02:00:00,19.235708110566456
2021-09-12 03:00:00,19.16743747179944
2021-09-12 04:00:00,19.297438432001343
2021-09-12 05:00:00,19.26669784758407
2021-09-12 06:00:00,19.34361137572316
2021-09-12 07:00:00,20.040956264972287
2021-09-12 08:00:00,21.21885856992709
2021-09-12 09:00:00,22.773674403020976
2021-09-12 10:00:00,24.516359069024347
2021-09-12 11:00:00,25.941789431939878
2021-09-12 12:00:00,27.310060070706893
2021-09-12 13:00:00,28.60657179298844
2021-09-12 14:00:00,29.258054958212
2021-09-12 15:00:00,29.091450653380143
2021-09-12 16:00:00,29.071603306637343
2021-09-12 17:00:00,27.7280854736664
2021-09-12 18:00:00,26.304905459053277
2021-09-12 19:00:00,24.74237344630711
2021-09-12 20:00:00,23.79453416865013
2021-09-12 21:00:00,22.27592475132338
2021-09-12 22:00:00,21.42632559697902
2021-09-12 23:00:00,20.84252905615524
2021-09-13 00:00:00,20.591201500779803
2021-09-13 01:00:00,20.5
2021-09-13 02:00:00,20.226419139731235
2021-09-13 03:00:00,20.98765115596544
2021-09-13 04:00:00,21.363887126985077
2021-09-13 05:00:00,21.56487590380078
2021-09-13 06:00:00,21.3981159891208
2021-09-13 07:00:00,21.93839469697363
2021-09-13 08:00:00,22.721358070829837
2021-09-13 09:00:00,24.548765987376772
2021-09-13 10:00:00,26.24111187482042
2021-09-13 11:00:00,27.61709869323971
2021-09-13 12:00:00,28.063209569865613
2021-09-13 13:00:00,28.643517832970943
2021-09-13 14:00:00,28.475831208571165
2021-09-13 15:00:00,27.35539984746113
2021-09-13 16:00:00,27.67435196014043
2021-09-13 17:00:00,26.5110488475226
2021-09-13 18:00:00,25.241789431939868
2021-09-13 19:00:00,23.64252905615524
2021-09-13 20:00:00,23.372436473604928
2021-09-13 21:00:00,23.10765411255636
2021-09-13 22:00:00,22.21629700192843
2021-09-13 23:00:00,21.94262259890745
2021-09-14 00:00:00,21.6589816679318
2021-09-14 01:00:00,21.062376402898035
2021-09-14 02:00:00,21.1059877786212
2021-09-14 03:00:00,20.34444454269074
2021-09-14 04:00:00,20.282068139792703
2021-09-14 05:00:00,19.17348731751655
2021-09-14 06:00:00,19.202468025246443
2021-09-14 07:00:00,20.22990741744969
2021-09-14 08:00:00,21.02990741744969
2021-09-14 09:00:00,22.43672836303847
2021-09-14 10:00:00,23.29567855531396
2021-09-14 11:00:00,24.32975180760156
2021-09-14 12:00:00,24.7589816679318
2021-09-14 13:00:00,25.435801653318677
2021-09-14 14:00:00,26.29561648821805
2021-09-14 15:00:00,26.14262259890745
2021-09-14 16:00:00,26.85382705627818
2021-09-14 17:00:00,26.42990741744969
2021-09-14 18:00:00,25.25981483489938
2021-09-14 19:00:00,23.932406918352434
2021-09-14 20:00:00,23.1520986552471
2021-09-14 21:00:00,22.48274569691216
2021-09-14 22:00:00,22.019536127046543
2021-09-14 23:00:00,21.99984439015187
2021-09-15 00:00:00,20.948672444624567
2021-09-15 01:00:00,20.28555641751116
2021-09-15 02:00:00,19.735062029103304
2021-09-15 03:00:00,19.21453712524105
2021-09-15 04:00:00,18.871019292270105
2021-09-15 05:00:00,18.653827056278185
2021-09-15 06:00:00,18.226574749579363
2021-09-15 07:00:00,19.01287079130589
2021-09-15 08:00:00,20.729074250482107
2021-09-15 09:00:00,22.94611087662591
2021-09-15 10:00:00,24.745184166906107
2021-09-15 11:00:00,26.30240595815053
2021-09-15 12:00:00,27.429813874697476
2021-09-15 13:00:00,28.196511722281542
2021-09-15 14:00:00,28.26935295833494
2021-09-15 15:00:00,29.08796237566169
2021-09-15 16:00:00,28.54012309800471
2021-09-15 17:00:00,27.65981483489937
2021-09-15 18:00:00,26.08024619600942
2021-09-15 19:00:00,24.393116987315302
2021-09-15 20:00:00,23.37425841738822
2021-09-15 21:00:00,22.31969173689467
2021-09-15 22:00:00,21.32990741744969
2021-09-15 23:00:00,20.591450653380143
2021-09-16 00:00:00,20.116203459176216
2021-09-16 01:00:00,18.98398362632821
2021-09-16 02:00:00,18.75913727777992
2021-09-16 03:00:00,18.39061748641256
2021-09-16 04:00:00,18.047099653441613
2021-09-16 05:00:00,17.67018612530252
2021-09-16 06:00:00,17.449661221440273
2021-09-16 07:00:00,18.10864288937207
2021-09-16 08:00:00,19.77450756998856
2021-09-16 09:00:00,21.782068139792703
2021-09-16 10:00:00,23.703332667870328
2021-09-16 11:00:00,25.075153651451718
2021-09-16 12:00:00,26.01783831745508
2021-09-16 13:00:00,26.22824108351453
2021-09-16 14:00:00,27.04783927765698
2021-09-16 15:00:00,26.469197348486816
2021-09-16 16:00:00,26.146110876625904
2021-09-16 17:00:00,26.0589816679318
2021-09-16 18:00:00,24.666542237735943
2021-09-16 19:00:00,23.646850500841275
2021-09-16 20:00:00,23.39901122318429
2021-09-16 21:00:00,22.788795542629277
2021-09-16 22:00:00,22.555493390213343
2021-09-16 23:00:00,22.50765411255636
2021-09-17 00:00:00,21.57182098358139
2021-09-17 01:00:00,20.461543235930456
2021-09-17 02:00:00,20.146266486474037
2021-09-17 03:00:00,20.06753101455165
2021-09-17 04:00:00,19.941945041788
2021-09-17 05:00:00,19.89061748641256
2021-09-17 06:00:00,20.091450653380143
2021-09-17 07:00:00,20.176080361171508
2021-09-17 08:00:00,20.466697847584072
2021-09-17 09:00:00,21.781586868102668
2021-09-17 11:00:00,21.611204457370725
2021-09-17 12:00:00,21.86154323593045
2021-09-17 13:00:00,22.21793186020729
2021-09-17 14:00:00,23.730125094393728
2021-09-17 15:00:00,24.568426248615147
2021-09-17 16:00:00,24.57947509613775
2021-09-17 17:00:00,24.30339473496624
2021-09-17 18:00:00,22.605061068901403
2021-09-17 19:00:00,21.060554459114744
2021-09-17 20:00:00,20.66305396001749
2021-09-17 21:00:00,19.899844390151877
2021-09-17 22:00:00,19.65126548827952
2021-09-17 23:00:00,18.75357790367784
2021-09-18 00:00:00,18.961543235930453
2021-09-18 01:00:00,18.502437433806836
2021-09-18 02:00:00,17.426357072635323
2021-09-18 03:00:00,17.093054920219394
2021-09-18 04:00:00,16.551421098127648
2021-09-18 05:00:00,16.09660526503376
2021-09-18 06:00:00,15.480246196009418
2021-09-18 07:00:00,16.427345849451033
2021-09-18 08:00:00,18.92052490386225
2021-09-18 09:00:00,21.394876864002683
2021-09-18 10:00:00,23.3031770580222
2021-09-18 11:00:00,25.052744736710256
2021-09-18 12:00:00,26.12465926304386
2021-09-18 13:00:00,26.62472133013977
2021-09-18 14:00:00,27.518609417326743
2021-09-18 15:00:00,28.31271518145776
2021-09-18 16:00:00,27.91021568055502
2021-09-18 17:00:00,27.36330311261783
2021-09-18 18:00:00,25.36138762608233
2021-09-18 19:00:00,23.97749754250633
2021-09-18 20:00:00,23.30126157148669
2021-09-18 21:00:00,21.681818987192365
2021-09-18 22:00:00,20.5
2021-09-18 23:00:00,19.99984439015187
2021-09-19 00:00:00,19.38114143007291
2021-09-19 01:00:00,19.32814754076231
2021-09-19 02:00:00,19.336790430134386
2021-09-19 03:00:00,18.840278707852832
2021-09-19 04:00:00,18.53679043013438
2021-09-19 05:00:00,19.039967488156577
2021-09-19 06:00:00,18.034041776631295
2021-09-19 07:00:00,19.30682094558878
2021-09-19 08:00:00,20.95382705627818
2021-09-19 09:00:00,23.181079362977
2021-09-19 10:00:00,24.802499500902744
2021-09-19 11:00:00,26.52293086201278
2021-09-19 12:00:00,27.463303112617837
2021-09-19 13:00:00,27.67774669510667
2021-09-19 14:00:00,28.555493390213343
2021-09-19 15:00:00,28.689628709596853
2021-09-19 16:00:00,27.888795542629268
2021-09-19 17:00:00,26.54428893284262
2021-09-19 18:00:00,24.763053960017487
2021-09-19 19:00:00,23.413548348425344
2021-09-19 20:00:00,22.809226903739308
2021-09-19 21:00:00,21.851265488279523
2021-09-19 22:00:00,21.28796237566169
2021-09-19 23:00:00,20.30608132137341
2021-09-20 00:00:00,19.77716268073943
2021-09-20 01:00:00,19.62750145929916
2021-09-20 02:00:00,20.41447505814514
2021-09-20 03:00:00,20.30425937759012
2021-09-20 04:00:00,20.098271598968925
2021-09-20 05:00:00,19.858148500964216
2021-09-20 06:00:00,19.571019292270105
2021-09-20 07:00:00,20.24361137572316
2021-09-20 08:00:00,21.680401805857542
2021-09-20 09:00:00,23.20515461165361
2021-09-20 10:00:00,24.27691352813909
2021-09-20 11:00:00,25.483640930975653
2021-09-20 12:00:00,26.772592083453056
2021-09-20 13:00:00,26.157066181396296
2021-09-20 14:00:00,26.248672444624567
2021-09-20 15:00:00,26.893116987315302
2021-09-20 16:00:00,26.96320956986562
2021-09-20 17:00:00,25.6280854736664
2021-09-20 18:00:00,24.913548348425344
2021-09-20 19:00:00,24.36570907076836
2021-09-20 20:00:00,23.802499500902744
2021-09-20 21:00:00,23.203332667870328
2021-09-20 22:00:00,23.15033877855973
2021-09-20 23:00:00,22.591450653380143
2021-09-21 00:00:00,22.968364181519235
2021-09-21 01:00:00,23.036634820286256
2021-09-21 02:00:00,21.177808762202584
2021-09-21 03:00:00,20.5889511524774
2021-09-21 04:00:00,20.63074058441727
2021-09-21 05:00:00,20.4
2021-09-21 06:00:00,20.6949389310986
2021-09-21 07:00:00,20.51287079130589
2021-09-21 08:00:00,20.37956863888996
2021-09-21 09:00:00,20.78978431944498
2021-09-21 10:00:00,22.13855030682176
2021-09-21 11:00:00,21.9340732522876
2021-09-21 12:00:00,22.3548779001898
2021-09-21 13:00:00,24.24463162819517
2021-09-21 14:00:00,25.97685146104317
2021-09-21 15:00:00,26.15126548827952
2021-09-21 16:00:00,26.22203562794929
2021-09-21 17:00:00,25.03148020863264
2021-09-21 18:00:00,23.290523943660347
2021-09-21 19:00:00,21.63753005434975
2021-09-21 20:00:00,21.441851499035785
2021-09-21 21:00:00,21.018920637023
2021-09-21 22:00:00,20.56669784758407
2021-09-21 23:00:00,20.240278707852838
2021-09-22 00:00:00,20.75481583309389
2021-09-22 01:00:00,20.282068139792703
2021-09-22 02:00:00,19.62750145929916
2021-09-22 03:00:00,18.79160626322827
2021-09-22 04:00:00,18.212037624338308
2021-09-22 05:00:00,18.234228862135723
2021-09-22 06:00:00,18.417192235991923
2021-09-22 07:00:00,18.541945041788
2021-09-22 08:00:00,19.01885856992709
2021-09-22 09:00:00,20.665125056401124
2021-09-22 10:00:00,23.66506298930521
2021-09-22 11:00:00,21.921980510222344
2021-09-22 12:00:00,24.706820945588778
2021-09-22 13:00:00,25.71969173689467
2021-09-22 14:00:00,25.30333266787032
2021-09-22 15:00:00,25.76919734848682
2021-09-22 16:00:00,24.925679515515867
2021-09-22 17:00:00,23.413735433929773
2021-09-22 18:00:00,22.336634820286253
2021-09-22 19:00:00,20.77931948628962
2021-09-22 20:00:00,19.67348731751655
2021-09-22 21:00:00,19.081203497168826
2021-09-22 22:00:00,18.72215976214112
2021-09-22 23:00:00,18.551234012623222
2021-09-23 00:00:00,17.93095826136131
2021-09-23 01:00:00,17.36675991467998
2021-09-23 02:00:00,16.426481206827148
2021-09-23 03:00:00,16.38818005260573
2021-09-23 04:00:00,15.55722179124442
2021-09-23 05:00:00,15.371758916485476
2021-09-23 06:00:00,15.322930862012782
2021-09-23 07:00:00,16.49135711062793
2021-09-23 08:00:00,19.65481583309389
2021-09-23 09:00:00,21.735217638951436
2021-09-23 10:00:00,23.310309223307232
2021-09-23 11:00:00,24.244444542690744
2021-09-23 12:00:00,24.88456764069545
2021-09-23 13:00:00,24.83157375138485
2021-09-23 14:00:00,25.00759204546045
2021-09-23 15:00:00,24.50749850270823
2021-09-23 16:00:00,23.82475280579607
2021-09-23 17:00:00,23.451171945527307
2021-09-23 18:00:00,22.317776250359167
2021-09-23 19:00:00,20.646912567937186
2021-09-23 20:00:00,19.427220831042515
2021-09-23 21:00:00,18.747068177785312
2021-09-23 22:00:00,18.022004152292983
2021-09-23 23:00:00,17.056972638644076
2021-09-24 00:00:00,16.799073290280205
2021-09-24 01:00:00,15.96144969317824
2021-09-24 02:00:00,15.920493428205951
2021-09-24 03:00:00,15.253889123374092
2021-09-24 04:00:00,15.028980707729891
2021-09-24 05:00:00,14.882130206888622
2021-09-24 06:00:00,14.887129208694107
2021-09-24 07:00:00,15.488639932781144
2021-09-24 08:00:00,17.18290130676029
2021-09-24 09:00:00,20.34694404359349
2021-09-24 10:00:00,22.475185127108013
2021-09-24 11:00:00,23.858054958212
2021-09-24 12:00:00,24.8271587639466
2021-09-24 13:00:00,25.498240123312623
2021-09-24 14:00:00,25.06743747179944
2021-09-24 15:00:00,25.834999962007394
2021-09-24 16:00:00,26.358888125179583
2021-09-24 17:00:00,25.487962375661688
2021-09-24 18:00:00,24.19478332125047
2021-09-24 19:00:00,22.668364181519237
2021-09-24 20:00:00,21.823086471860908
2021-09-24 21:00:00,21.25722179124442
2021-09-24 22:00:00,21.015214682360508
2021-09-24 23:00:00,20.41280872420998
2021-09-25 00:00:00,19.971019292270107
2021-09-25 01:00:00,18.902561567998656
2021-09-25 02:00:00,18.47009258255031
2021-09-25 03:00:00,18.613703958273472
2021-09-25 04:00:00,18.279568638889963
2021-09-25 05:00:00,17.899322442880546
2021-09-25 06:00:00,18.06759308164757
2021-09-25 07:00:00,18.449661221440277
2021-09-25 08:00:00,19.857315333996635
2021-09-25 09:00:00,21.605154611653617
2021-09-25 10:00:00,22.033302152415928
2021-09-25 11:00:00,22.702499500902743
2021-09-25 12:00:00,23.039289931037125
2021-09-25 13:00:00,22.86487590380078
2021-09-25 14:00:00,22.392283820347725
2021-09-25 15:00:00,22.167531014551653
2021-09-25 16:00:00,22.4529938893106
2021-09-25 17:00:00,22.368364181519237
2021-09-25 18:00:00,21.987962375661688
2021-09-25 19:00:00,21.696511722281542
2021-09-25 20:00:00,21.39061748641256
2021-09-25 21:00:00,21.25648216702905
2021-09-25 22:00:00,20.993116987315307
2021-09-25 23:00:00,20.17009258255031
2021-09-26 00:00:00,20.25722179124442
2021-09-26 01:00:00,19.6520671795908
2021-09-26 02:00:00,19.653733513525964
2021-09-26 03:00:00,19.252067179590803
2021-09-26 04:00:00,18.902561567998656
2021-09-26 05:00:00,18.76842624861515
2021-09-26 06:00:00,18.223242081709035
2021-09-26 07:00:00,18.92058697095817
2021-09-26 08:00:00,19.41361041552126
2021-09-26 09:00:00,20.890523943660348
2021-09-26 10:00:00,21.81876502717488
2021-09-26 11:00:00,23.228053998010097
2021-09-26 12:00:00,24.288764066972966
2021-09-26 13:00:00,24.83753005434975
2021-09-26 14:00:00,25.18595334637397
2021-09-26 15:00:00,24.522004152292983
2021-09-26 16:00:00,24.564782361048564
2021-09-26 17:00:00,23.716943083391584
2021-09-26 18:00:00,22.700833166967584
2021-09-26 19:00:00,21.95382705627818
2021-09-26 20:00:00,21.6700305154544
2021-09-26 21:00:00,21.444444542690743
2021-09-26 22:00:00,21.474258417388217
2021-09-26 23:00:00,21.10682094558878
2021-09-27 00:00:00,20.824846348548288
2021-09-27 01:00:00,20.4529938893106
2021-09-27 02:00:00,19.77268562620527
2021-09-27 03:00:00,19.524846348548287
2021-09-27 04:00:00,19.048765987376772
2021-09-27 05:00:00,18.41885856992709
2021-09-27 06:00:00,18.28040180585754
2021-09-27 07:00:00,18.327407916546942
2021-09-27 08:00:00,19.08123497282513
2021-09-27 09:00:00,20.2640427368332
2021-09-27 10:00:00,21.74876598737678
2021-09-27 11:00:00,23.5110488475226
2021-09-27 12:00:00,24.37681998538688
2021-09-27 13:00:00,25.078579862074253
2021-09-27 14:00:00,25.54178943193987
2021-09-27 15:00:00,24.546944043593488
2021-09-27 16:00:00,24.370030515454395
2021-09-27 17:00:00,23.032500461104647
2021-09-27 18:00:00,21.70682094558878
2021-09-27 19:00:00,21.56836418151924
2021-09-27 20:00:00,21.5059877786212
2021-09-27 21:00:00,21.2589816679318
2021-09-27 22:00:00,21.133395695168144
2021-09-27 23:00:00,20.80083316696758
2021-09-28 00:00:00,21.097438432001344
2021-09-28 01:00:00,21.11114239027481
2021-09-28 02:00:00,20.340956264972288
2021-09-28 03:00:00,19.97259208345305
2021-09-28 04:00:00,19.863209569865617
2021-09-28 05:00:00,19.9110488475226
2021-09-28 06:00:00,19.80083316696758
2021-09-28 07:00:00,19.863209569865617
2021-09-28 08:00:00,20.01969173689467
2021-09-28 09:00:00,19.843153676777845
2021-09-28 18:00:00,20.681141430072916
2021-09-28 19:00:00,20.123919638828493
2021-09-28 20:00:00,20.327407916546942
2021-09-28 21:00:00,20.35132755537544
2021-09-28 22:00:00,20.514537125241056
2021-09-28 23:00:00,20.48629604172653
2021-09-29 00:00:00,20.510215680555017
2021-09-29 01:00:00,20.47342525042064
2021-09-29 02:00:00,20.5220976950452
2021-09-29 03:00:00,20.688795542629272
2021-09-29 04:00:00,20.650338778559725
2021-09-29 05:00:00,20.74095626497229
2021-09-29 06:00:00,20.62558597276365
2021-09-29 07:00:00,20.537623597101963
2021-09-29 08:00:00,20.827407916546942
2021-09-29 09:00:00,21.33256252820056
2021-09-29 10:00:00,21.82052490386225
2021-09-29 11:00:00,21.806976555436904
2021-09-29 12:00:00,21.88462970779136
2021-09-29 13:00:00,21.734968486351093
2021-09-29 14:00:00,21.78712920869411
2021-09-29 15:00:00,21.761543235930453
2021-09-29 16:00:00,21.438456764069542
2021-09-29 17:00:00,20.919598194142456
2021-09-29 18:00:00,20.28197459704049
2021-09-29 19:00:00,20.08280776400808
2021-09-29 20:00:00,19.706727402836563
2021-09-29 21:00:00,19.681141430072916
2021-09-29 22:00:00,19.496356112433418
2021-09-29 23:00:00,18.869103805734603
2021-09-30 00:00:00,18.25789934836387
2021-09-30 01:00:00,17.899844390151873
2021-09-30 02:00:00,17.182652154159946
2021-09-30 03:00:00,17.57326964057251
2021-09-30 04:00:00,17.046850500841273
2021-09-30 05:00:00,16.504999001805487
2021-09-30 06:00:00,16.205738626020857
2021-09-30 07:00:00,17.31370395827347
2021-09-30 08:00:00,17.661543235930456
2021-09-30 09:00:00,18.363116027113406
2021-09-30 10:00:00,19.59385661153068
2021-09-30 11:00:00,20.72450365319573
2021-09-30 12:00:00,22.09209673484329
2021-09-30 13:00:00,23.931542275728557
2021-09-30 14:00:00,25.335614567814243
2021-09-30 15:00:00,25.58688005609376
2021-09-30 16:00:00,24.5612005405779
2021-09-30 17:00:00,23.71345480567313
2021-09-30 18:00:00,22.391201500779804
2021-09-30 19:00:00,21.330491431816927
2021-09-30 20:00:00,19.853733513525967
2021-09-30 21:00:00,18.796262569681204
2021-09-30 22:00:00,18.50839373677173
2021-09-30 23:00:00,17.380214720353116
2021-10-01 00:00:00,17.289441624092426
2021-10-01 01:00:00,16.941851499035785
2021-10-01 02:00:00,17.324908415644202
2021-10-01 03:00:00,17.44018516510062
2021-10-01 04:00:00,17.619598194142455
2021-10-01 05:00:00,17.661543235930456
2021-10-01 06:00:00,17.91021568055502
2021-10-01 07:00:00,18.086296041726527
2021-10-01 08:00:00,18.57092574951789
2021-10-01 09:00:00,19.94277820875558
2021-10-01 10:00:00,21.185618484607076
2021-10-01 11:00:00,23.30083316696758
2021-10-01 12:00:00,24.69302344456309
2021-10-01 13:00:00,26.36561552801615
2021-10-01 14:00:00,27.3861404318784
2021-10-01 15:00:00,27.383640930975652
2021-10-01 16:00:00,26.404749849205142
2021-10-01 17:00:00,24.692034667747382
2021-10-01 18:00:00,22.957899348363878
2021-10-01 19:00:00,21.201417181334826
2021-10-01 20:00:00,20.124597195947945
2021-10-01 21:00:00,20.07922594353741
2021-10-01 22:00:00,20.26212725029769
2021-10-01 23:00:00,17.037717139854177
2021-10-02 00:00:00,16.84543331950645
2021-10-02 01:00:00,15.945433319506453
2021-10-02 02:00:00,15.793272597163435
2021-10-02 03:00:00,15.904321444686031
2021-10-02 04:00:00,16.17956863888996
2021-10-02 05:00:00,15.902655110750873
2021-10-02 06:00:00,15.58978431944498
2021-10-02 07:00:00,15.63413531938351
2021-10-02 08:00:00,16.98206813979271
2021-10-02 09:00:00,19.130000960201905
2021-10-02 10:00:00,20.989044695229616
2021-10-02 11:00:00,22.91453712524105
2021-10-02 12:00:00,23.663209569865614
2021-10-02 13:00:00,24.41021568055502
2021-10-02 14:00:00,25.688639932781143
2021-10-02 15:00:00,26.468208571671106
2021-10-02 16:00:00,26.657159724148507
2021-10-02 17:00:00,25.327003154098477
2021-10-02 18:00:00,22.8441953900904
2021-10-02 19:00:00,21.393856611530676
2021-10-02 20:00:00,20.46743747179944
2021-10-02 21:00:00,20.521848542444857
2021-10-02 22:00:00,19.19817805621671
2021-10-02 23:00:00,18.0801526532572
2021-10-03 00:00:00,17.76410480392911
2021-10-03 01:00:00,17.26669784758407
2021-10-03 02:00:00,16.874998041603586
2021-10-03 03:00:00,16.561387626082325
2021-10-03 04:00:00,16.384629707791362
2021-10-03 05:00:00,16.51870296007896
2021-10-03 06:00:00,17.269041738638688
2021-10-03 07:00:00,16.862898350169363
2021-10-03 08:00:00,17.988639932781144
2021-10-03 09:00:00,20.85466022324576
2021-10-03 10:00:00,23.0220976950452
2021-10-03 11:00:00,24.95357790367784
2021-10-03 12:00:00,26.79302344456309
2021-10-03 13:00:00,29.004999001805487
2021-10-03 14:00:00,29.269936972702183
2021-10-03 15:00:00,28.26984342994997
2021-10-03 16:00:00,27.28521372215861
2021-10-03 17:00:00,25.86302248436119
2021-10-03 18:00:00,23.80372959673313
2021-10-03 19:00:00,22.719349041542117
2021-10-03 20:00:00,20.666604304831857
2021-10-03 21:00:00,20.29395015428289
2021-10-03 22:00:00,20.14672636664945
2021-10-03 23:00:00,18.65722179124442
2021-10-04 00:00:00,18.445277709658324
2021-10-04 01:00:00,18.36669784758407
2021-10-04 02:00:00,18.74496648996207
2021-10-04 03:00:00,18.8009267097198
2021-10-04 04:00:00,19.69363893458664
2021-10-04 05:00:00,19.056108880236884
2021-10-04 06:00:00,19.517807726015462
2021-10-04 07:00:00,19.970957225174192
2021-10-04 08:00:00,20.935895196070888
2021-10-04 09:00:00,21.84527770965833
2021-10-04 10:00:00,23.144444542690746
2021-10-04 11:00:00,25.65037025421603
2021-10-04 12:00:00,27.1000314756563
2021-10-04 13:00:00,26.082807764008077
2021-10-04 14:00:00,26.57848631932204
2021-10-04 15:00:00,26.42126452807762
2021-10-04 16:00:00,26.395678555313964
2021-10-04 17:00:00,25.82465926304386
2021-10-04 18:00:00,25.066604304831856
2021-10-04 19:00:00,24.05040084565564
2021-10-04 20:00:00,23.720586970958166
2021-10-04 21:00:00,23.39135711062793
2021-10-04 22:00:00,22.9520671795908
2021-10-04 23:00:00,22.664104803929117
2021-10-05 00:00:00,22.23935199813304
2021-10-05 01:00:00,22.34274673309928
2021-10-05 02:00:00,21.982869831103987
2021-10-05 03:00:00,21.55722179124442
2021-10-05 04:00:00,21.388117985509812
2021-10-05 05:00:00,20.300895234063493
2021-10-05 06:00:00,20.147901344752896
2021-10-05 07:00:00,20.37092574951789
2021-10-05 08:00:00,21.647006110689404
2021-10-05 09:00:00,24.038456764069544
2021-10-05 10:00:00,25.269874905606272
2021-10-05 11:00:00,26.51431944829701
2021-10-05 12:00:00,27.64861037752865
2021-10-05 13:00:00,27.82046283676634
2021-10-05 14:00:00,27.04768366780885
2021-10-05 15:00:00,27.89129504353202
2021-10-05 16:00:00,27.10740495995602
2021-10-05 17:00:00,25.95357790367784
2021-10-05 18:00:00,23.73237544269613
2021-10-05 19:00:00,23.02888716497768
2021-10-05 20:00:00,22.53237544269613
2021-10-05 21:00:00,22.522992929108696
2021-10-05 22:00:00,21.92283731926057
2021-10-05 23:00:00,21.30157279118295
2021-10-06 00:00:00,21.14259112325115
2021-10-06 01:00:00,21.17166537373326
2021-10-06 02:00:00,20.97598681841929
2021-10-06 03:00:00,21.27681998538688
2021-10-06 04:00:00,21.343517832970942
2021-10-06 05:00:00,21.14601733387369
2021-10-06 06:00:00,20.983640930975657
2021-10-06 07:00:00,21.046850500841277
2021-10-06 08:00:00,20.85308743206281
2021-10-06 09:00:00,21.346360029226247
2021-10-06 10:00:00,21.27710061364352
2021-10-06 11:00:00,21.93864384957397
2021-10-06 12:00:00,22.933582780672573
2021-10-06 13:00:00,23.496114793418734
2021-10-06 14:00:00,24.45426329438295
2021-10-06 15:00:00,24.29472125415456
2021-10-06 16:00:00,24.8470375863457
2021-10-06 17:00:00,23.99993793290409
2021-10-06 18:00:00,22.603426210622537
2021-10-06 19:00:00,21.60175987668737
2021-10-06 20:00:00,20.760710068962872
2021-10-06 21:00:00,20.730740584417276
2021-10-06 22:00:00,20.746944043593487
2021-10-06 23:00:00,20.264969446553
2021-10-07 00:00:00,19.89061748641256
2021-10-07 01:00:00,20.1059877786212
2021-10-07 02:00:00,20.129907417449687
2021-10-07 03:00:00,20.02219123779741
2021-10-07 04:00:00,20.079413029041834
2021-10-07 05:00:00,19.694845388346383
2021-10-07 06:00:00,19.40938251358744
2021-10-07 07:00:00,19.518025402959505
2021-10-07 08:00:00,20.083056916608417
2021-10-07 09:00:00,20.804321444686032
2021-10-07 10:00:00,20.74086272222008
2021-10-07 11:00:00,21.18703566594189
2021-10-07 12:00:00,21.317931860207292
2021-10-07 13:00:00,20.839445540885254
2021-10-07 14:00:00,21.41287079130589
2021-10-07 15:00:00,22.209476056339653
2021-10-07 16:00:00,22.207560569804148
2021-10-07 17:00:00,21.79734488924913
2021-10-07 18:00:00,20.946850500841272
2021-10-07 19:00:00,20.16728186195131
2021-10-07 20:00:00,19.84169588918765
2021-10-07 21:00:00,19.403239125118112
2021-10-07 22:00:00,19.25623301442871
2021-10-07 23:00:00,18.670770139669763
2021-10-08 00:00:00,18.607560569804143
2021-10-08 01:00:00,18.38280776400807
2021-10-08 02:00:00,18.24351783297095
2021-10-08 03:00:00,18.24435099993853
2021-10-08 04:00:00,18.058054958212
2021-10-08 05:00:00,17.958054958212003
2021-10-08 06:00:00,17.894845388346383
2021-10-08 07:00:00,18.1691038057346
2021-10-08 08:00:00,18.28712920869411
2021-10-08 09:00:00,18.886296041726524
2021-10-08 10:00:00,19.30938251358744
2021-10-08 11:00:00,20.21969173689467
2021-10-08 12:00:00,21.28546287475895
2021-10-08 13:00:00,21.388117985509812
2021-10-08 14:00:00,21.738456764069547
2021-10-08 15:00:00,21.48712920869411
2021-10-08 16:00:00,20.73148020863264
2021-10-08 17:00:00,20.43663482028625
2021-10-08 18:00:00,19.95888812517958
2021-10-08 19:00:00,19.897344889249126
2021-10-08 20:00:00,20.0
2021-10-08 21:00:00,19.772592083453056
2021-10-08 22:00:00,19.86237640289804
2021-10-08 23:00:00,20.1
2021-10-09 00:00:00,19.86071006896287
2021-10-09 01:00:00,19.80083316696758
2021-10-09 02:00:00,19.899166833032417
2021-10-09 03:00:00,19.82391963882849
2021-10-09 04:00:00,19.80083316696758
2021-10-09 05:00:00,19.765031513648907
2021-10-09 06:00:00,20.134228862135725
2021-10-09 07:00:00,20.1009267097198
2021-10-09 08:00:00,19.951327555375435
2021-10-09 09:00:00,20.871852459237687
2021-10-09 10:00:00,21.84444454269074
2021-10-09 11:00:00,23.451265488279525
2021-10-09 12:00:00,24.89901122318429
2021-10-09 13:00:00,26.20422790193382
2021-10-09 14:00:00,26.93654127753404
2021-10-09 15:00:00,27.020431361110035
2021-10-09 16:00:00,26.226419139731235
2021-10-09 17:00:00,25.86743747179944
2021-10-09 18:00:00,24.29901122318429
2021-10-09 19:00:00,23.25706618139629
2021-10-09 20:00:00,22.15101633567918
2021-10-09 21:00:00,21.38712920869411
2021-10-09 22:00:00,21.03148020863264
2021-10-09 23:00:00,20.597251346496915
2021-10-10 00:00:00,20.799166833032416
2021-10-10 01:00:00,20.315370292208637
2021-10-10 02:00:00,20.114381515392928
2021-10-10 03:00:00,19.77249854070084
2021-10-10 04:00:00,20.33836322131733
2021-10-10 05:00:00,20.113610415521254
2021-10-10 06:00:00,19.581047887320697
2021-10-10 07:00:00,20.07681998538688
2021-10-10 08:00:00,21.837623597101963
2021-10-10 09:00:00,23.109320446491523
2021-10-10 10:00:00,25.01870296007896
2021-10-10 11:00:00,26.33490641925518
2021-10-10 12:00:00,26.67259208345305
2021-10-10 13:00:00,25.97931948628962
2021-10-10 14:00:00,24.904072292085694
2021-10-10 15:00:00,24.07061452982164
2021-10-10 16:00:00,21.90499900180549
2021-10-10 17:00:00,20.56827063876702
2021-10-10 18:00:00,19.79734488924913
2021-10-10 19:00:00,19.173425250420635
2021-10-10 20:00:00,18.080985820224782
2021-10-10 21:00:00,17.399166833032417
2021-10-10 22:00:00,16.864198346681327
2021-10-10 23:00:00,16.55722179124442
2021-10-11 00:00:00,16.236728363038466
2021-10-11 01:00:00,16.416203459176216
2021-10-11 02:00:00,15.9110488475226
2021-10-11 03:00:00,15.7110488475226
2021-10-11 04:00:00,15.150338778559728
2021-10-11 05:00:00,14.888795542629271
2021-10-11 06:00:00,14.287129208694108
2021-10-11 07:00:00,14.354660223245762
2021-10-11 08:00:00,14.652993889310595
2021-10-11 09:00:00,14.924752805796071
2021-10-11 10:00:00,16.266853457432198
2021-10-11 11:00:00,17.181974597040494
2021-10-11 12:00:00,18.086296041726527
2021-10-11 13:00:00,18.999906457247786
2021-10-11 14:00:00,18.74950561159214
2021-10-11 15:00:00,18.60839373677173
2021-10-11 16:00:00,18.346850500841278
2021-10-11 17:00:00,17.922097695045203
2021-10-11 18:00:00,17.790461876564436
2021-10-11 19:00:00,17.9
2021-10-11 20:00:00,17.76669784758407
2021-10-11 21:00:00,17.704321444686038
2021-10-11 22:00:00,17.641945041788
2021-10-11 23:00:00,17.51802540295951
2021-10-12 00:00:00,17.216359069024346
2021-10-12 01:00:00,16.86503151364891
2021-10-12 02:00:00,16.888117985509815
2021-10-12 03:00:00,16.899166833032417
2021-10-12 04:00:00,17.03679043013438
2021-10-12 05:00:00,17.241945041788
2021-10-12 06:00:00,17.423180014613123
2021-10-12 07:00:00,17.551327555375437
2021-10-12 08:00:00,17.56586468061649
2021-10-12 09:00:00,17.66071006896287
2021-10-12 10:00:00,17.808549346619856
2021-10-12 11:00:00,17.564937970896693
2021-10-12 12:00:00,17.329813874697475
2021-10-12 13:00:00,17.674258417388216
2021-10-12 14:00:00,17.34018516510062
2021-10-12 15:00:00,16.641851499035784
2021-10-12 16:00:00,17.052067179590804
2021-10-12 17:00:00,17.271758916485474
2021-10-12 18:00:00,17.194845388346383
2021-10-12 19:00:00,17.323086471860908
2021-10-12 20:00:00,17.261543235930453
2021-10-12 21:00:00,17.237623597101962
2021-10-12 22:00:00,17.160710068962874
2021-10-12 23:00:00,17.12391963882849
2021-10-13 00:00:00,17.128241083514524
2021-10-13 01:00:00,16.878735471922383
2021-10-13 02:00:00,16.18993992929311
2021-10-13 03:00:00,16.0889511524774
2021-10-13 04:00:00,15.569259415582728
2021-10-13 05:00:00,15.462532012746165
2021-10-13 06:00:00,15.029136317578022
2021-10-13 07:00:00,15.08213020688862
2021-10-13 08:00:00,16.69583416516209
2021-10-13 09:00:00,17.998333666064838
2021-10-13 10:00:00,20.24607940096961
2021-10-13 11:00:00,21.845246234002023
2021-10-13 12:00:00,22.52324208170904
2021-10-13 13:00:00,23.594845388346386
2021-10-13 14:00:00,24.113454805673133
2021-10-13 15:00:00,23.96228286014582
2021-10-13 16:00:00,23.54941206883993
2021-10-13 17:00:00,22.764782361048567
2021-10-13 18:00:00,21.226419139731235
2021-10-13 19:00:00,20.32990741744969
2021-10-13 20:00:00,18.782869831103987
2021-10-13 21:00:00,18.75972129214716
2021-10-13 22:00:00,18.015214682360508
2021-10-13 23:00:00,17.592034667747384
2021-10-14 00:00:00,16.767375404703525
2021-10-14 01:00:00,16.36064800186696
2021-10-14 02:00:00,15.70604984571711
2021-10-14 03:00:00,15.18114143007291
2021-10-14 04:00:00,14.864198346681327
2021-10-14 05:00:00,14.629813874697476
2021-10-14 06:00:00,14.266604304831857
2021-10-14 07:00:00,14.53172936123298
2021-10-14 08:00:00,16.1529938893106
2021-10-14 09:00:00,18.336634820286257
2021-10-14 10:00:00,20.769197348486816
2021-10-14 11:00:00,21.942100651636125
2021-10-14 12:00:00,22.75981483489938
2021-10-14 13:00:00,22.983890083576
2021-10-14 14:00:00,23.364198346681327
2021-10-14 15:00:00,23.096667332129677
2021-10-14 16:00:00,23.268364181519235
2021-10-14 17:00:00,22.01006007070689
2021-10-14 18:00:00,20.380985820224783
2021-10-14 19:00:00,19.417776250359164
2021-10-14 20:00:00,18.48879554262928
2021-10-14 21:00:00,17.4101221378028
2021-10-14 22:00:00,17.192345887443636
2021-10-14 23:00:00,16.68129703992104
2021-10-15 00:00:00,16.41287079130589
2021-10-15 01:00:00,16.636790430134383
2021-10-15 02:00:00,16.794845388346385
2021-10-15 03:00:00,16.607716179652275
2021-10-15 04:00:00,16.43762359710196
2021-10-15 05:00:00,16.609382513587438
2021-10-15 06:00:00,16.875402804052055
2021-10-15 07:00:00,17.015525902056766
2021-10-15 08:00:00,17.663303112617832
2021-10-15 09:00:00,17.68290130676029
2021-10-15 10:00:00,18.047839277656983
2021-10-15 11:00:00,19.418765027174874
2021-10-15 12:00:00,20.22824108351453
2021-10-15 13:00:00,20.0889511524774
2021-10-15 14:00:00,20.78030826310533
2021-10-15 15:00:00,20.46320956986562
2021-10-15 16:00:00,20.03148020863264
2021-10-15 17:00:00,19.73064704166505
2021-10-15 18:00:00,19.5170366261438
2021-10-15 19:00:00,19.09385661153068
2021-10-15 20:00:00,18.412777248553677
2021-10-15 21:00:00,18.318920637023
2021-10-15 22:00:00,18.40703862253282
2021-10-15 23:00:00,18.047161720537527
2021-10-16 00:00:00,17.226419139731235
2021-10-16 01:00:00,17.800093542752215
2021-10-16 02:00:00,17.59154419613236
2021-10-16 03:00:00,17.346266486474036
2021-10-16 04:00:00,17.070186125302524
2021-10-16 05:00:00,17.45648216702905
2021-10-16 06:00:00,16.82052490386225
2021-10-16 07:00:00,15.849505611592145
2021-10-16 08:00:00,15.40166633393516
2021-10-16 09:00:00,15.472592083453057
2021-10-16 10:00:00,15.471758916485474
2021-10-16 11:00:00,14.52549243001144
2021-10-16 12:00:00,13.840862722220075
2021-10-16 13:00:00,13.090523943660347
2021-10-16 14:00:00,11.740029555252494
2021-10-16 15:00:00,11.4640427368332
2021-10-16 16:00:00,11.197344889249129
2021-10-16 17:00:00,10.449505611592144
2021-10-16 18:00:00,9.829074250482108
2021-10-16 19:00:00,9.0170366261438
2021-10-16 20:00:00,8.000833166967581
2021-10-16 21:00:00,7.024752805796073
2021-10-16 22:00:00,6.766697847584071
2021-10-16 23:00:00,6.61885856992709
2021-10-17 00:00:00,6.342778208755581
2021-10-17 01:00:00,6.094938931098597
2021-10-17 02:00:00,5.427407916546945
2021-10-17 03:00:00,4.981234972825125
2021-10-17 04:00:00,4.305154611653617
2021-10-17 05:00:00,3.805154611653617
2021-10-17 06:00:00,3.305154611653617
2021-10-17 07:00:00,2.9325625282005614
2021-10-17 08:00:00,3.472841236053397
2021-10-17 09:00:00,4.354815833093889
2021-10-17 10:00:00,5.514692735089181
2021-10-17 11:00:00,6.708549346619856
2021-10-17 12:00:00,7.872747693301182
2021-10-17 13:00:00,9.194012221378802
2021-10-17 14:00:00,9.954722290341676
2021-10-17 15:00:00,10.321264528077618
2021-10-17 16:00:00,10.423086471860907
2021-10-17 17:00:00,9.971758916485474
2021-10-17 18:00:00,8.517776250359166
2021-10-17 19:00:00,6.974164874636004
2021-10-17 20:00:00,5.981974597040493
2021-10-17 21:00:00,4.866604304831856
2021-10-17 22:00:00,5.374880856780727
2021-10-17 23:00:00,4.575869633596437
2021-10-18 00:00:00,4.681763869465421
2021-10-18 01:00:00,3.7947282035235257
2021-10-18 02:00:00,2.509382513587437
2021-10-18 03:00:00,2.0984892759129643
2021-10-18 04:00:00,1.276235971019636
2021-10-18 05:00:00,1.4932725971634346
2021-10-18 06:00:00,1.5061433884693254
2021-10-18 07:00:00,1.942840275851493
2021-10-18 08:00:00,4.514630667993268
2021-10-18 09:00:00,6.828241083514526
2021-10-18 10:00:00,9.775247194203928
2021-10-18 11:00:00,12.604999001805488
2021-10-18 12:00:00,14.136883972886595
2021-10-18 13:00:00,15.781974597040492
2021-10-18 14:00:00,16.32907425048211
2021-10-18 15:00:00,15.960554459114746
2021-10-18 16:00:00,16.047099653441613
2021-10-18 17:00:00,14.830647041665056
2021-10-18 18:00:00,13.641018332068205
2021-10-18 19:00:00,13.045339776754238
2021-10-18 20:00:00,12.564198346681328
2021-10-18 21:00:00,12.271019292270106
2021-10-18 22:00:00,11.447839277656982
2021-10-18 23:00:00,11.243455765875034
2021-10-19 00:00:00,11.327345849451032
2021-10-19 01:00:00,11.41364189117756
2021-10-19 02:00:00,10.817192235991923
2021-10-19 03:00:00,10.682223749640832
2021-10-19 04:00:00,10.295094540946724
2021-10-19 05:00:00,9.892439430195854
2021-10-19 06:00:00,9.788117985509816
2021-10-19 07:00:00,9.475247194203927
2021-10-19 08:00:00,10.270186125302525
2021-10-19 09:00:00,11.606976555436908
2021-10-19 10:00:00,12.722346847645545
2021-10-19 11:00:00,13.30864288937207
2021-10-19 12:00:00,14.652316332191145
2021-10-19 13:00:00,14.884536165039153
2021-10-19 14:00:00,15.074164874636004
2021-10-19 15:00:00,14.17749754250633
2021-10-19 16:00:00,13.984474097943236
2021-10-19 17:00:00,13.184474097943236
2021-10-19 18:00:00,11.992190277595512
2021-10-19 19:00:00,11.235801653318674
2021-10-19 20:00:00,11.16487590380078
2021-10-19 21:00:00,10.401666333935164
2021-10-19 22:00:00,9.917036626143798
2021-10-19 23:00:00,9.46064800186696
2021-10-20 00:00:00,6.993085511659006
2021-10-20 01:00:00,5.749505611592145
2021-10-20 02:00:00,6.14058992754909
2021-10-20 03:00:00,5.317192235991925
2021-10-20 04:00:00,4.777684628010759
2021-10-20 05:00:00,3.6402787078528354
2021-10-20 06:00:00,3.469259415582729
2021-10-20 07:00:00,3.0461729437218192
2021-10-20 08:00:00,4.72308647186091
2021-10-20 09:00:00,7.767531014551653
2021-10-20 10:00:00,10.484536165039149
2021-10-20 11:00:00,12.022159762141111
2021-10-20 12:00:00,13.509288970835222
2021-10-20 13:00:00,14.14783927765698
2021-10-20 14:00:00,14.811110914618514
2021-10-20 15:00:00,14.754566680493546
2021-10-20 16:00:00,14.54518416690611
2021-10-20 17:00:00,13.565615528016147
2021-10-20 18:00:00,11.904072292085694
2021-10-20 19:00:00,10.63471933375075
2021-10-20 20:00:00,9.89641817952933
2021-10-20 21:00:00,9.02049342820595
2021-10-20 22:00:00,6.975924751323381
2021-10-20 23:00:00,6.644350999938529
2021-10-21 00:00:00,5.628147540762312
2021-10-21 01:00:00,5.338456764069545
2021-10-21 02:00:00,4.87691352813909
2021-10-21 03:00:00,4.330802651513183
2021-10-21 04:00:00,4.117098693239711
2021-10-21 05:00:00,4.180401805857544
2021-10-21 06:00:00,3.407716179652274
2021-10-21 07:00:00,3.320586970958165
2021-10-21 08:00:00,4.998333666064837
2021-10-21 09:00:00,7.709382513587437
2021-10-21 10:00:00,10.111204457370729
2021-10-21 11:00:00,12.613703958273472
2021-10-21 12:00:00,13.917098693239712
2021-10-21 13:00:00,14.244350999938527
2021-10-21 14:00:00,14.894845388346384
2021-10-21 15:00:00,14.965771137864277
2021-10-21 16:00:00,14.943517832970947
2021-10-21 17:00:00,14.159721292147164
2021-10-21 18:00:00,12.27931948628962
2021-10-21 19:00:00,11.452744736710258
2021-10-21 20:00:00,10.391263567875717
2021-10-21 21:00:00,9.217005150487498
2021-10-21 22:00:00,7.438145544373291
2021-10-21 23:00:00,6.527991930914185
2021-10-22 00:00:00,5.61626552627213
2021-10-22 01:00:00,5.01966026123837
2021-10-22 02:00:00,4.664104803929112
2021-10-22 03:00:00,4.286202498974313
2021-10-22 04:00:00,3.986296041726528
2021-10-22 05:00:00,2.770154649646224
2021-10-22 06:00:00,3.306789469932478
2021-10-22 07:00:00,2.7641048039291123
2021-10-22 08:00:00,4.135863720414586
2021-10-22 09:00:00,6.910277747650932
2021-10-22 10:00:00,10.78836713811016
2021-10-22 11:00:00,13.132718138048688
2021-10-22 12:00:00,14.530063027297818
2021-10-22 13:00:00,16.003488277718454
2021-10-22 14:00:00,16.051327555375433
2021-10-22 15:00:00,16.16827063876702
2021-10-22 16:00:00,16.005894235868983
2021-10-22 17:00:00,15.50240595815053
2021-10-22 18:00:00,13.950245235807513
2021-10-22 19:00:00,12.910799694922256
2021-10-22 20:00:00,10.605956302964897
2021-10-22 21:00:00,9.0470061106894
2021-10-22 22:00:00,8.013548348425346
2021-10-22 23:00:00,6.722159762141114
2021-10-23 00:00:00,6.404383511781948
2021-10-23 01:00:00,5.581297039921038
2021-10-23 02:00:00,5.599750847399658
2021-10-23 03:00:00,4.55280680380617
2021-10-23 04:00:00,4.312037624338309
2021-10-23 05:00:00,4.004383511781947
2021-10-23 06:00:00,3.45904373502771
2021-10-23 07:00:00,3.5367904301343818
2021-10-23 08:00:00,5.152160722343018
2021-10-23 09:00:00,8.222253304893329
2021-10-23 10:00:00,11.70922690373931
2021-10-23 11:00:00,14.480985820224785
2021-10-23 12:00:00,16.34460015253887
2021-10-23 13:00:00,17.1889511524774
2021-10-23 14:00:00,17.815525902056763
2021-10-23 15:00:00,17.288701999877055
2021-10-23 16:00:00,17.028980707729893
2021-10-23 17:00:00,16.258888125179585
2021-10-23 18:00:00,14.391201500779804
2021-10-23 19:00:00,12.244779404457642
2021-10-23 20:00:00,10.71586076382366
2021-10-23 21:00:00,8.229875941793388
2021-10-23 22:00:00,7.1228993863564805
2021-10-23 23:00:00,6.682807764008074
2021-10-24 00:00:00,6.16644869498373
2021-10-24 01:00:00,5.368426248615148
2021-10-24 02:00:00,5.124075248676618
2021-10-24 03:00:00,4.989939929293108
2021-10-24 04:00:00,4.887284818542236
2021-10-24 05:00:00,4.24799488750511
2021-10-24 06:00:00,4.062532012746163
2021-10-24 07:00:00,4.140278707852835
2021-10-24 08:00:00,6.3462664864740335
2021-10-24 09:00:00,9.104321444686034
2021-10-24 10:00:00,12.904165834837908
2021-10-24 11:00:00,15.363209569865615
2021-10-24 12:00:00,17.163116027113404
2021-10-24 13:00:00,17.10864288937207
2021-10-24 14:00:00,17.15888812517958
2021-10-24 15:00:00,17.50854934661986
2021-10-24 16:00:00,17.02731437379473
2021-10-24 17:00:00,15.869936972702185
2021-10-24 18:00:00,14.215121139608293
2021-10-24 19:00:00,12.964626751200438
2021-10-24 20:00:00,11.70397874933348
2021-10-24 21:00:00,9.553733513525966
2021-10-24 22:00:00,8.889628709596854
2021-10-24 23:00:00,8.637467987253835
2021-10-25 00:00:00,7.358210568060129
2021-10-25 01:00:00,7.214692735089181
2021-10-25 02:00:00,6.610371290403146
2021-10-25 03:00:00,6.226574749579363
2021-10-25 04:00:00,5.93172936123298
2021-10-25 05:00:00,5.300988776815709
2021-10-25 06:00:00,4.841945041787999
2021-10-25 07:00:00,4.49817805621671
2021-10-25 08:00:00,6.063209569865618
2021-10-25 09:00:00,9.110893237674471
2021-10-25 10:00:00,11.988546390028931
2021-10-25 11:00:00,14.502655110750872
2021-10-25 12:00:00,16.322253304893326
2021-10-25 13:00:00,17.105894235868984
2021-10-25 14:00:00,17.25722179124442
2021-10-25 15:00:00,17.27249854070084
2021-10-25 16:00:00,16.853733513525967
2021-10-25 17:00:00,15.473425250420636
2021-10-25 18:00:00,13.165615528016149
2021-10-25 19:00:00,12.400739624215364
2021-10-25 20:00:00,10.566510762079645
2021-10-25 21:00:00,8.894689778498256
2021-10-25 22:00:00,7.883547388223441
2021-10-25 23:00:00,7.503301192214025
2021-10-26 00:00:00,7.291606263228271
2021-10-26 01:00:00,6.318087470055421
2021-10-26 02:00:00,6.0232420817090375
2021-10-26 03:00:00,5.843766985571289
2021-10-26 04:00:00,5.342778208755581
2021-10-26 05:00:00,5.226574749579363
2021-10-26 06:00:00,5.153149499158726
2021-10-26 07:00:00,5.026574749579363
2021-10-26 08:00:00,6.651327555375435
2021-10-26 09:00:00,9.635895196070887
2021-10-26 10:00:00,12.373425250420636
2021-10-26 11:00:00,14.982068139792704
2021-10-26 12:00:00,16.617192235991926
2021-10-26 13:00:00,18.16753101455165
2021-10-26 14:00:00,18.16246994565025
2021-10-26 15:00:00,18.513703958273474
2021-10-26 16:00:00,17.947839277656982
2021-10-26 17:00:00,16.826419139731236
2021-10-26 18:00:00,15.621942085197071
2021-10-26 19:00:00,14.516787473543456
2021-10-26 20:00:00,13.346912567937188
2021-10-26 21:00:00,12.515370292208637
2021-10-26 22:00:00,12.214537125241057
2021-10-26 23:00:00,11.657377401092546
2021-10-27 00:00:00,11.091606263228272
2021-10-27 01:00:00,10.69234588744364
2021-10-27 02:00:00,9.955711067157385
2021-10-27 03:00:00,10.012932858401804
2021-10-27 04:00:00,9.915432359304548
2021-10-27 05:00:00,10.02314853895682
2021-10-27 06:00:00,10.179225943537404
2021-10-27 07:00:00,9.746079400969604
2021-10-27 08:00:00,11.304539121630077
2021-10-27 09:00:00,13.531207413961653
2021-10-27 10:00:00,15.44037225060505
2021-10-27 11:00:00,16.14361137572316
2021-10-27 12:00:00,16.810215680555018
2021-10-27 13:00:00,16.94435099993853
2021-10-27 14:00:00,17.485307264910816
2021-10-27 15:00:00,17.229813874697477
2021-10-27 16:00:00,16.640029555252493
2021-10-27 17:00:00,15.948672444624563
2021-10-27 18:00:00,13.408455803867644
2021-10-27 19:00:00,12.701634858278862
2021-10-27 20:00:00,10.629875941793388
2021-10-27 21:00:00,9.852378399287058
2021-10-27 22:00:00,8.882807764008074
2021-10-27 23:00:00,7.798824137679862
2021-10-28 00:00:00,7.2819745970404925
2021-10-28 01:00:00,7.177559609602243
2021-10-28 02:00:00,6.1179318602072925
2021-10-28 03:00:00,5.765031513648909
2021-10-28 04:00:00,5.068332705862933
2021-10-28 05:00:00,4.691606263228271
2021-10-28 06:00:00,4.291606263228271
2021-10-28 07:00:00,3.5461729437218192
2021-10-28 08:00:00,5.425741582611781
2021-10-28 09:00:00,9.705987778621196
2021-10-28 10:00:00,13.111882014490185
2021-10-28 11:00:00,14.979413029041831
2021-10-28 12:00:00,16.292190277595513
2021-10-28 13:00:00,17.21626552627213
2021-10-28 14:00:00,17.956388624276837
2021-10-28 15:00:00,18.136696887382165
2021-10-28 16:00:00,18.154722290341677
2021-10-28 17:00:00,17.012715181457764
2021-10-28 18:00:00,14.28854639002893
2021-10-28 19:00:00,13.32657474957936
2021-10-28 20:00:00,10.123576943475936
2021-10-28 21:00:00,10.282901306760287
2021-10-28 22:00:00,8.701728401031076
2021-10-28 23:00:00,8.845955266777779
2021-10-29 00:00:00,9.705489473420512
2021-10-29 01:00:00,10.553118023502424
2021-10-29 02:00:00,10.639507607981166
2021-10-29 03:00:00,10.88213020688862
2021-10-29 04:00:00,11.234228862135724
2021-10-29 05:00:00,9.81731637018375
2021-10-29 06:00:00,9.3857426187989
2021-10-29 07:00:00,9.17129903631006
2021-10-29 08:00:00,10.970310259494353
2021-10-29 09:00:00,13.666542237735944
2021-10-29 10:00:00,15.2
2021-10-29 11:00:00,17.505894235868983
2021-10-29 12:00:00,18.53487494359888
2021-10-29 13:00:00,19.46567759511206
2021-10-29 14:00:00,20.186202498974318
2021-10-29 15:00:00,19.886296041726528
2021-10-29 16:00:00,19.468270638767017
2021-10-29 17:00:00,18.265709070768363
2021-10-29 18:00:00,15.758638972579242
2021-10-29 19:00:00,14.63231337560022
2021-10-29 20:00:00,13.836479210438128
2021-10-29 21:00:00,12.510091546363192
2021-10-29 22:00:00,12.405583016172727
2021-10-29 23:00:00,12.112559571609635
2021-10-30 00:00:00,12.078175099625785
2021-10-30 01:00:00,12.1473724481126
2021-10-30 02:00:00,11.504749849205146
2021-10-30 03:00:00,10.468177096014806
2021-10-30 04:00:00,10.118765027174874
2021-10-30 05:00:00,10.916725406447544
2021-10-30 06:00:00,9.780059110504986
2021-10-30 07:00:00,9.756139471676496
2021-10-30 08:00:00,10.52731437379473
2021-10-30 09:00:00,12.321264528077618
2021-10-30 10:00:00,14.20740495995602
2021-10-30 11:00:00,15.641695889187655
2021-10-30 12:00:00,17.26660430483186
2021-10-30 13:00:00,17.896511722281545
2021-10-30 14:00:00,17.85648216702905
2021-10-30 15:00:00,18.74876598737678
2021-10-30 16:00:00,18.1750915843558
2021-10-30 17:00:00,17.18811798550982
2021-10-30 18:00:00,15.279413029041834
2021-10-30 19:00:00,14.100988776815708
2021-10-30 20:00:00,12.630740584417271
2021-10-30 21:00:00,11.904165834837908
2021-10-30 22:00:00,10.354722290341677
2021-10-30 23:00:00,9.67432048448413
2021-10-31 00:00:00,9.45987690199529
2021-10-31 01:00:00,8.960865678811
2021-10-31 02:00:00,8.627563526395072
2021-10-31 03:00:00,8.276235971019636
2021-10-31 04:00:00,7.8754028040520545
2021-10-31 05:00:00,7.300988776815709
2021-10-31 06:00:00,7.727407916546944
2021-10-31 07:00:00,8.003394734966237
2021-10-31 08:00:00,9.324752805796072
2021-10-31 09:00:00,11.559876901995292
2021-10-31 10:00:00,14.69296137746718
2021-10-31 11:00:00,16.79817805621671
2021-10-31 12:00:00,18.44617294372182
2021-10-31 13:00:00,18.69385661153068
2021-10-31 14:00:00,18.597095736648782
2021-10-31 15:00:00,15.943237204714304
2021-10-31 16:00:00,16.24333074746652
2021-10-31 17:00:00,15.766510762079642
2021-10-31 18:00:00,13.981047887320695
2021-10-31 19:00:00,13.081047887320697
2021-10-31 20:00:00,12.645339776754238
2021-10-31 21:00:00,12.281974597040492
2021-10-31 22:00:00,12.274258417388218
2021-10-31 23:00:00,11.223826096076277
2021-11-01 00:00:00,10.60762263690006
2021-11-01 01:00:00,10.226387664074934
2021-11-01 02:00:00,9.984629707791363
2021-11-01 03:00:00,9.710371290403144
2021-11-01 04:00:00,9.29478332125047
2021-11-01 05:00:00,9.20083316696758
2021-11-01 06:00:00,8.924752805796073
2021-11-01 07:00:00,8.56669784758407
2021-11-01 08:00:00,8.695772098066179
2021-11-01 09:00:00,10.238612373917672
2021-11-01 10:00:00,12.23679043013438
2021-11-01 11:00:00,14.605987778621198
2021-11-01 12:00:00,15.52891864063398
2021-11-01 13:00:00,15.975986818419294
2021-11-01 14:00:00,16.1280854736664
2021-11-01 15:00:00,16.195678555313965
2021-11-01 16:00:00,15.723919638828493
2021-11-01 17:00:00,14.644350999938528
2021-11-01 18:00:00,12.968177096014806
2021-11-01 19:00:00,11.506540317332137
2021-11-01 20:00:00,11.48129703992104
2021-11-01 21:00:00,11.1498168312884
2021-11-01 22:00:00,10.605278745845444
2021-11-01 23:00:00,9.974569637084477
2021-11-02 00:00:00,10.398333666064836
2021-11-02 01:00:00,9.986389584478742
2021-11-02 02:00:00,9.470925749517892
2021-11-02 03:00:00,8.853889123374094
2021-11-02 04:00:00,8.644506609786657
2021-11-02 05:00:00,9.022253304893328
2021-11-02 06:00:00,8.516359069024345
2021-11-02 07:00:00,7.968426248615147
2021-11-02 08:00:00,8.51203762433831
2021-11-02 09:00:00,10.925001958396416
2021-11-02 10:00:00,12.76851979136736
2021-11-02 11:00:00,14.13679043013438
2021-11-02 12:00:00,14.462376402898036
2021-11-02 13:00:00,15.219598194142456
2021-11-02 14:00:00,15.6170366261438
2021-11-02 15:00:00,15.273331707668422
2021-11-02 16:00:00,15.064875903800782
2021-11-02 17:00:00,13.883640930975655
2021-11-02 18:00:00,12.464782361048568
2021-11-02 19:00:00,11.448578901872349
2021-11-02 20:00:00,10.479537163233662
2021-11-02 21:00:00,9.201572791182947
2021-11-02 22:00:00,8.627096696850689
2021-11-02 23:00:00,7.670832206765677
2021-11-03 00:00:00,7.257961415459786
2021-11-03 01:00:00,6.959721292147164
2021-11-03 02:00:00,6.200739624215366
2021-11-03 03:00:00,6.313610415521257
2021-11-03 04:00:00,6.2042279019338205
2021-11-03 05:00:00,5.556388624276838
2021-11-03 06:00:00,5.340185165100621
2021-11-03 07:00:00,5.422992929108695
2021-11-03 08:00:00,6.035124096199219
2021-11-03 09:00:00,8.852067179590804
2021-11-03 10:00:00,11.782807764008073
2021-11-03 11:00:00,13.66586468061649
2021-11-03 12:00:00,15.171174902118231
2021-11-03 13:00:00,15.676080361171508
2021-11-03 14:00:00,16.115370292208635
2021-11-03 15:00:00,15.834968486351093
2021-11-03 16:00:00,15.841851499035783
2021-11-03 17:00:00,14.76743747179944
2021-11-03 18:00:00,13.03737444450162
2021-11-03 19:00:00,11.991107958027587
2021-11-03 20:00:00,11.736696887382166
2021-11-03 21:00:00,11.049412068839931
2021-11-03 22:00:00,11.104905459053276
2021-11-03 23:00:00,10.76749953889535
2021-11-04 00:00:00,11.526419139731235
2021-11-04 01:00:00,11.152160722343016
2021-11-04 02:00:00,10.673580860268764
2021-11-04 03:00:00,9.975247194203927
2021-11-04 04:00:00,9.291512720476057
2021-11-04 05:00:00,8.648828054472691
2021-11-04 06:00:00,8.38472325054358
2021-11-04 07:00:00,7.898333666064836
2021-11-04 08:00:00,8.216203459176217
2021-11-04 09:00:00,10.00864288937207
2021-11-04 10:00:00,11.900926709719796
2021-11-04 11:00:00,13.812715181457762
2021-11-04 12:00:00,16.223764028980362
2021-11-04 13:00:00,17.46487590380078
2021-11-04 14:00:00,17.027991930914183
2021-11-04 15:00:00,15.50141718133482
2021-11-04 16:00:00,14.216755997887155
2021-11-04 17:00:00,13.801479248430734
2021-11-04 18:00:00,13.126232054226808
2021-11-04 19:00:00,12.102312415398316
2021-11-04 20:00:00,11.584380555191023
2021-11-04 21:00:00,10.26046091636253
2021-11-04 22:00:00,10.020431361110038
2021-11-04 23:00:00,9.411788471737967
2021-11-05 00:00:00,8.840123098004707
2021-11-05 01:00:00,7.657221791244419
2021-11-05 02:00:00,7.0316358184807655
2021-11-05 03:00:00,6.8498168312884005
2021-11-05 04:00:00,6.961114831411342
2021-11-05 05:00:00,7.57815145755514
2021-11-05 06:00:00,7.039756760581509
2021-11-05 07:00:00,6.131791428328893
2021-11-05 08:00:00,6.172747693301182
2021-11-05 09:00:00,7.815432359304548
2021-11-05 10:00:00,9.969905497045882
2021-11-05 11:00:00,12.258669564018852
2021-11-05 12:00:00,15.209101885330792
2021-11-05 13:00:00,17.785953346373972
2021-11-05 14:00:00,19.027991930914183
2021-11-05 15:00:00,19.502405958150533
2021-11-05 16:00:00,18.881974597040493
2021-11-05 17:00:00,17.369936972702185
2021-11-05 18:00:00,15.04555050432931
2021-11-05 19:00:00,13.873051963628468
2021-11-05 20:00:00,11.13654127753404
2021-11-05 21:00:00,10.705676558924942
2021-11-05 22:00:00,10.214381515392926
2021-11-05 23:00:00,9.487067141598196
2021-11-06 00:00:00,9.691917482924524
2021-11-06 01:00:00,8.386202498974313
2021-11-06 02:00:00,8.93256252820056
2021-11-06 03:00:00,8.017036626143799
2021-11-06 04:00:00,7.667281861951311
2021-11-06 05:00:00,7.947839277656982
2021-11-06 06:00:00,8.338830050861713
2021-11-06 07:00:00,8.973058912997438
2021-11-06 08:00:00,9.53716371692655
2021-11-06 09:00:00,12.205956302964896
2021-11-06 10:00:00,14.72972033194526
2021-11-06 11:00:00,17.05098486002288
2021-11-06 12:00:00,18.82043136111004
2021-11-06 13:00:00,20.04941206883993
2021-11-06 14:00:00,20.391263567875715
2021-11-06 15:00:00,20.308300194019512
2021-11-06 16:00:00,19.89302344456309
2021-11-06 17:00:00,18.6331465425678
2021-11-06 18:00:00,16.44576818127335
2021-11-06 19:00:00,14.951755959894548
2021-11-06 20:00:00,13.208393736771727
2021-11-06 21:00:00,12.04675695808906
2021-11-06 22:00:00,10.281974597040492
2021-11-06 23:00:00,9.99113943368389
2021-11-07 00:00:00,10.095834165162092
2021-11-07 01:00:00,11.23974981121254
2021-11-07 02:00:00,8.933730556935041
2021-11-07 03:00:00,9.688701999877058
2021-11-07 04:00:00,7.943300156026908
2021-11-07 05:00:00,9.4220662193889
2021-11-07 06:00:00,9.032959457063372
2021-11-07 07:00:00,8.61966026123837
2021-11-07 08:00:00,8.336541277534039
2021-11-07 09:00:00,13.220337818357825
2021-11-07 10:00:00,15.956077404580585
2021-11-07 11:00:00,17.769936972702183
2021-11-07 12:00:00,19.366604304831856
2021-11-07 13:00:00,20.201572791182947
2021-11-07 14:00:00,21.073331707668423
2021-11-07 15:00:00,20.354566680493548
2021-11-07 16:00:00,19.80083316696758
2021-11-07 17:00:00,18.753827056278183
2021-11-07 18:00:00,17.57425841738822
2021-11-07 19:00:00,17.18530726491082
2021-11-07 20:00:00,17.15117194552731
2021-11-07 21:00:00,16.48712920869411
2021-11-07 22:00:00,16.274414027236347
2021-11-07 23:00:00,15.799166833032418
2021-11-08 00:00:00,15.349505611592146
2021-11-08 01:00:00,14.540800655124162
2021-11-08 02:00:00,14.120337818357823
2021-11-08 03:00:00,14.428825097881766
2021-11-08 04:00:00,14.533302152415928
2021-11-08 05:00:00,15.458054958212005
2021-11-08 06:00:00,13.380059110504988
2021-11-08 07:00:00,12.510028595050589
2021-11-08 08:00:00,11.56144969317824
2021-11-08 09:00:00,10.339196388284911
2021-11-08 10:00:00,8.980308263105329
2021-11-08 11:00:00,7.8402787078528355
2021-11-08 12:00:00,8.326574749579363
2021-11-08 13:00:00,9.125835125363997
2021-11-08 14:00:00,9.500155609848129
2021-11-08 15:00:00,8.889690776692767
2021-11-08 16:00:00,9.388889085381486
2021-11-08 17:00:00,8.849505611592146
2021-11-08 18:00:00,7.583796540823783
2021-11-08 19:00:00,6.5470061106894
2021-11-08 20:00:00,6.164937970896695
2021-11-08 21:00:00,5.994845388346382
2021-11-08 22:00:00,5.831635818480764
2021-11-08 23:00:00,5.606883012684692
2021-11-09 00:00:00,5.889784319444981
2021-11-09 01:00:00,5.5034882777184535
2021-11-09 02:00:00,5.741111874820417
2021-11-09 03:00:00,5.4838900835759965
2021-11-09 04:00:00,5.412131167090523
2021-11-09 05:00:00,5.4591372777799245
2021-11-09 06:00:00,5.20864288937207
2021-11-09 07:00:00,5.492439430195853
2021-11-09 08:00:00,6.065031513648909
2021-11-09 09:00:00,6.969446501087157
2021-11-09 10:00:00,7.307070098189121
2021-11-09 11:00:00,8.443860528323503
2021-11-09 12:00:00,9.150587931160068
2021-11-09 13:00:00,8.269135281390904
2021-11-09 14:00:00,7.44617294372182
2021-11-09 15:00:00,7.945495386602365
2021-11-09 16:00:00,7.474507569988559
2021-11-09 17:00:00,6.184629707791364
2021-11-09 18:00:00,6.449661221440273
2021-11-09 19:00:00,5.815370292208636
2021-11-09 20:00:00,5.593272597163434
2021-11-09 21:00:00,5.550494388407854
2021-11-09 22:00:00,5.620680513710379
2021-11-09 23:00:00,5.368519791367362
2021-11-10 00:00:00,5.203488277718455
2021-11-10 01:00:00,5.24277820875558
2021-11-10 02:00:00,4.3206805137103785
2021-11-10 03:00:00,3.8010823195679233
2021-11-10 04:00:00,3.424168791428833
2021-11-10 05:00:00,2.6934282070115616
2021-11-10 06:00:00,2.321669290526088
2021-11-10 07:00:00,2.6934282070115616
2021-11-10 08:00:00,2.972008069085815
2021-11-10 09:00:00,3.618181012807635
2021-11-10 10:00:00,4.613953110873814
2021-11-10 11:00:00,4.959970444747506
2021-11-10 12:00:00,5.117098693239711
2021-11-10 13:00:00,5.692345887443638
2021-11-10 14:00:00,6.497594041849469
2021-11-10 15:00:00,7.05663777687718
2021-11-10 16:00:00,7.130802651513184
2021-11-10 17:00:00,6.656388624276838
2021-11-10 18:00:00,6.194012221378802
2021-11-10 19:00:00,6.244600152538871
2021-11-10 20:00:00,6.434384471983852
2021-11-10 21:00:00,6.5865451943268685
2021-11-10 22:00:00,6.938705916669887
2021-11-10 23:00:00,6.87210161183803
2021-11-11 00:00:00,7.586545194326868
2021-11-11 01:00:00,7.326823902179706
2021-11-11 02:00:00,7.624262334181047
2021-11-11 03:00:00,6.649754764192487
2021-11-11 04:00:00,6.237717139854178
2021-11-11 05:00:00,5.485556417511161
2021-11-11 06:00:00,3.805863644429373
2021-11-11 07:00:00,2.7889511524774
2021-11-11 08:00:00,3.661698845778582
2021-11-11 09:00:00,4.772498540700841
2021-11-11 10:00:00,6.792190277595512
2021-11-11 11:00:00,8.82990741744969
2021-11-11 12:00:00,9.546110876625908
2021-11-11 13:00:00,10.390617486412562
2021-11-11 14:00:00,10.28654519432687
2021-11-11 15:00:00,9.008736432124284
2021-11-11 16:00:00,8.576819985386877
2021-11-11 17:00:00,7.530896194265399
2021-11-11 18:00:00,7.1470061106894
2021-11-11 19:00:00,6.585462874758946
2021-11-11 20:00:00,4.947839277656982
2021-11-11 21:00:00,6.221575747773874
2021-11-11 22:00:00,5.652316332191145
2021-11-11 23:00:00,5.600062067095912
2021-11-12 00:00:00,5.1529003465583845
2021-11-12 01:00:00,5.676080361171509
2021-11-12 02:00:00,5.202499500902745
2021-11-12 03:00:00,5.107871789500402
2021-11-12 04:00:00,5.266175900312744
2021-11-12 05:00:00,5.2599704447475055
2021-11-12 06:00:00,4.61969173689467
2021-11-12 07:00:00,3.5750915843558
2021-11-12 08:00:00,3.4888576097251853
2021-11-12 09:00:00,5.4
2021-11-12 10:00:00,5.381974597040492
2021-11-12 11:00:00,6.30080169131128
2021-11-12 12:00:00,7.732624595296475
2021-11-12 13:00:00,7.637374444501622
2021-11-12 14:00:00,8.32148220502166
2021-11-12 15:00:00,8.774414027236345
2021-11-12 16:00:00,8.417931860207293
2021-11-12 17:00:00,7.809382513587437
2021-11-12 18:00:00,7.102561567998658
2021-11-12 19:00:00,6.490523943660349
2021-11-12 20:00:00,6.38114143007291
2021-11-12 21:00:00,5.412964334058105
2021-11-12 22:00:00,4.212870791305891
2021-11-12 23:00:00,3.7547222903416753
2021-11-13 00:00:00,2.7727476933011825
2021-11-13 01:00:00,2.143673442819075
2021-11-13 02:00:00,1.853982666126308
2021-11-13 03:00:00,1.4257415826117814
2021-11-13 04:00:00,1.064353956529454
2021-11-13 05:00:00,1.227563526395072
2021-11-13 06:00:00,0.931884971081107
2021-11-13 07:00:00,0.6549714429420169
2021-11-13 08:00:00,1.3028107205989994
2021-11-13 09:00:00,4.303488277718453
2021-11-13 10:00:00,7.540029555252493
2021-11-13 11:00:00,9.657066181396292
2021-11-13 12:00:00,11.269843429949969
2021-11-13 13:00:00,13.228918640633982
2021-11-13 14:00:00,14.85564900006147
2021-11-13 15:00:00,13.941945041788
2021-11-13 16:00:00,14.0
2021-11-13 17:00:00,12.683796540823783
2021-11-13 18:00:00,10.8580234825557
2021-11-13 19:00:00,8.964533208448223
2021-11-13 20:00:00,8.468115028918893
2021-11-13 21:00:00,8.057128248492205
2021-11-13 22:00:00,7.073549384612463
2021-11-13 23:00:00,7.4958026895057905
2021-11-14 00:00:00,7.526449731170846
2021-11-14 01:00:00,6.549629745783971
2021-11-14 02:00:00,7.206111912813023
2021-11-14 03:00:00,7.624970482740113
2021-11-14 04:00:00,8.50521667874953
2021-11-14 05:00:00,8.184691774887279
2021-11-14 06:00:00,8.36669784758407
2021-11-14 07:00:00,8.427252306698817
2021-11-14 08:00:00,8.593856611530674
2021-11-14 09:00:00,10.26305396001749
2021-11-14 10:00:00,11.981881054288277
2021-11-14 11:00:00,14.657159724148508
2021-11-14 12:00:00,16.12234684764554
2021-11-14 13:00:00,16.8479328204092
2021-11-14 14:00:00,16.9640427368332
2021-11-14 15:00:00,16.58796237566169
2021-11-14 16:00:00,15.91021568055502
2021-11-14 17:00:00,13.969165872830512
2021-11-14 18:00:00,11.957961415459785
2021-11-14 19:00:00,10.890274791060008
2021-11-14 20:00:00,10.438363221317331
2021-11-14 21:00:00,10.247745734904768
2021-11-14 22:00:00,9.038207611469204
2021-11-14 23:00:00,8.585369332006731
2021-11-15 00:00:00,7.480059110504987
2021-11-15 01:00:00,6.377559609602242
2021-11-15 02:00:00,5.9828698311039865
2021-11-15 03:00:00,5.383796540823783
2021-11-15 04:00:00,5.1409562649722895
2021-11-15 05:00:00,4.8049990018054896
2021-11-15 06:00:00,4.542591123251151
2021-11-15 07:00:00,3.903643887566581
2021-11-15 08:00:00,4.732718138048689
2021-11-15 09:00:00,7.23355130501627
2021-11-15 10:00:00,10.252900346558384
2021-11-15 11:00:00,12.693272597163434
2021-11-15 12:00:00,13.829074250482108
2021-11-15 13:00:00,14.806049845717112
2021-11-15 14:00:00,14.532468985448348
2021-11-15 15:00:00,14.579475096137749
2021-11-15 16:00:00,14.043517832970943
2021-11-15 17:00:00,13.293023444563094
2021-11-15 18:00:00,11.86462675120044
2021-11-15 19:00:00,9.988297237428588
2021-11-15 20:00:00,9.326325596979022
2021-11-15 21:00:00,8.257066181396292
2021-11-15 22:00:00,7.144350999938529
2021-11-15 23:00:00,6.090523943660348
2021-11-16 00:00:00,6.387129208694109
2021-11-16 01:00:00,5.181141430072911
2021-11-16 02:00:00,4.91203762433831
2021-11-16 03:00:00,5.1760803611715085
2021-11-16 04:00:00,4.374320484484131
2021-11-16 05:00:00,3.750494388407854
2021-11-16 06:00:00,3.8854628747589457
2021-11-16 07:00:00,3.375153651451712
2021-11-16 08:00:00,3.141851499035784
2021-11-16 09:00:00,5.60944458068335
2021-11-16 10:00:00,8.230896194265398
2021-11-16 11:00:00,10.615525902056763
2021-11-16 12:00:00,12.019014179775215
2021-11-16 13:00:00,12.769259415582727
2021-11-16 14:00:00,13.159876901995291
2021-11-16 15:00:00,13.152067179590803
2021-11-16 16:00:00,12.639196388284912
2021-11-16 17:00:00,11.247839277656984
2021-11-16 18:00:00,10.016943083391585
2021-11-16 19:00:00,8.631480208632638
2021-11-16 20:00:00,7.05280680380617
2021-11-16 21:00:00,6.726636816675276
2021-11-16 22:00:00,5.642684666003365
2021-11-16 23:00:00,4.9571282484922055
2021-11-17 00:00:00,4.351234012623221
2021-11-17 01:00:00,4.032375442696132
2021-11-17 02:00:00,3.41969173689467
2021-11-17 03:00:00,2.9573153339966343
2021-11-17 04:00:00,2.339445540885254
2021-11-17 05:00:00,2.3189206370230018
2021-11-17 06:00:00,1.961698845778582
2021-11-17 07:00:00,1.6916062632282718
2021-11-17 08:00:00,2.3087049564679827
2021-11-17 09:00:00,5.214350039736625
2021-11-17 10:00:00,7.940029555252494
2021-11-17 11:00:00,10.592283820347726
2021-11-17 12:00:00,11.89419930688323
2021-11-17 13:00:00,12.23256252820056
2021-11-17 14:00:00,12.6719145263336
2021-11-17 15:00:00,12.558210568060128
2021-11-17 16:00:00,11.558054958212
2021-11-17 17:00:00,10.886296041726528
2021-11-17 18:00:00,9.821264528077618
2021-11-17 19:00:00,8.309382513587437
2021-11-17 20:00:00,7.214537125241053
2021-11-17 21:00:00,6.71786979311138
2021-11-17 22:00:00,6.918702960078962
2021-11-17 23:00:00,5.966853457432199
2021-11-18 00:00:00,5.366759914679985
2021-11-18 01:00:00,5.129229860330235
2021-11-18 02:00:00,5.021575747773873
2021-11-18 03:00:00,5.055649000061471
2021-11-18 04:00:00,4.709476056339652
2021-11-18 05:00:00,4.863396655370046
2021-11-18 06:00:00,5.619723212550972
2021-11-18 07:00:00,5.429907417449689
2021-11-18 08:00:00,6.357408876748849
2021-11-18 09:00:00,8.59478332125047
2021-11-18 10:00:00,11.423919638828492
2021-11-18 11:00:00,13.997344889249128
2021-11-18 12:00:00,16.000926709719796
2021-11-18 13:00:00,16.429229860330235
2021-11-18 14:00:00,17.103332667870326
2021-11-18 15:00:00,16.858888125179583
2021-11-18 16:00:00,15.641018332068205
2021-11-18 17:00:00,14.059783359243076
2021-11-18 18:00:00,12.738425288413245
2021-11-18 19:00:00,11.896573789377458
2021-11-18 20:00:00,11.399906457247784
2021-11-18 21:00:00,11.305061068901402
2021-11-18 22:00:00,11.11786979311138
2021-11-18 23:00:00,10.467531014551652
2021-11-19 00:00:00,10.31969173689467
2021-11-19 01:00:00,10.073363183324725
2021-11-19 02:00:00,9.705925711525284
2021-11-19 03:00:00,9.553764989182268
2021-11-19 04:00:00,9.59080457191699
2021-11-19 05:00:00,9.679662181642176
2021-11-19 06:00:00,9.596854417634102
2021-11-19 07:00:00,9.5419765174443
2021-11-19 08:00:00,10.208580822276158
2021-11-19 09:00:00,11.093116987315309
2021-11-19 10:00:00,12.879568638889964
2021-11-19 11:00:00,14.900093542752217
2021-11-19 12:00:00,16.68373447372787
2021-11-19 13:00:00,17.657159724148507
2021-11-19 14:00:00,17.98206813979271
2021-11-19 15:00:00,17.83256252820056
2021-11-19 16:00:00,16.54018516510062
2021-11-19 17:00:00,15.149567678688058
2021-11-19 18:00:00,13.987035665941894
2021-11-19 19:00:00,13.794689778498256
2021-11-19 20:00:00,13.028825097881764
2021-11-19 21:00:00,12.349412068839932
2021-11-19 22:00:00,11.72731437379473
2021-11-19 23:00:00,11.41006007070689
2021-11-20 00:00:00,10.63971833555624
2021-11-20 01:00:00,10.336634820286257
2021-11-20 02:00:00,8.245090624153896
2021-11-20 03:00:00,7.684629707791364
2021-11-20 04:00:00,7.431231056032296
2021-11-20 05:00:00,7.399657304647443
2021-11-20 06:00:00,7.723732553324062
2021-11-20 07:00:00,8.039936012500279
2021-11-20 08:00:00,8.241602346435442
2021-11-20 09:00:00,8.656972638644078
2021-11-20 10:00:00,9.246912567937184
2021-11-20 11:00:00,9.832375442696131
2021-11-20 12:00:00,10.558701039675157
2021-11-20 13:00:00,10.892003192091082
2021-11-20 14:00:00,11.951140469871008
2021-11-20 15:00:00,12.45703470573999
2021-11-20 16:00:00,12.231293123128207
2021-11-20 17:00:00,10.85620153877241
2021-11-20 18:00:00,9.457034705739993
2021-11-20 19:00:00,8.455306304708914
2021-11-20 20:00:00,7.966355152231515
2021-11-20 21:00:00,7.651234012623222
2021-11-20 22:00:00,7.170832206765677
2021-11-20 23:00:00,6.654722290341675
2021-11-21 00:00:00,6.859689816490863
2021-11-21 01:00:00,6.570832206765678
2021-11-21 02:00:00,6.223919638828491
2021-11-21 03:00:00,6.0991668330324185
2021-11-21 04:00:00,5.876080361171509
2021-11-21 05:00:00,5.761698845778582
2021-11-21 06:00:00,5.911204457370728
2021-11-21 07:00:00,5.984629707791363
2021-11-21 08:00:00,6.184629707791364
2021-11-21 09:00:00,7.447745734904767
2021-11-21 10:00:00,8.00422790193382
2021-11-21 11:00:00,9.12888716497768
2021-11-21 12:00:00,10.622992929108696
2021-11-21 13:00:00,12.193918678626588
2021-11-21 14:00:00,13.13154227572855
2021-11-21 15:00:00,13.204905459053276
2021-11-21 16:00:00,12.700739624215366
2021-11-21 17:00:00,12.01527674945642
2021-11-21 18:00:00,10.736479210438128
2021-11-21 19:00:00,10.0220976950452
2021-11-21 20:00:00,9.708549346619856
2021-11-21 21:00:00,10.060188121691546
2021-11-21 22:00:00,10.47108135936602
2021-11-21 23:00:00,10.682223749640832
2021-11-22 00:00:00,8.742684666003365
2021-11-22 01:00:00,7.4513275553754355
2021-11-22 02:00:00,7.065031513648908
2021-11-22 03:00:00,6.826574749579363
2021-11-22 04:00:00,6.835124096199218
2021-11-22 05:00:00,6.817931860207293
2021-11-22 06:00:00,6.22308647186091
2021-11-22 07:00:00,5.636790430134382
2021-11-22 08:00:00,5.641945041787999
2021-11-22 09:00:00,4.14460015253887
2021-11-22 10:00:00,4.1445066097866565
2021-11-22 11:00:00,5.381390582673252
2021-11-22 12:00:00,5.321023209062935
2021-11-22 13:00:00,5.671019292270106
2021-11-22 14:00:00,4.45222278943893
2021-11-22 15:00:00,4.774258417388218
2021-11-22 16:00:00,4.60182194378329
2021-11-22 17:00:00,4.317192235991925
2021-11-22 18:00:00,4.135217638951433
2021-11-22 19:00:00,3.958304110812343
2021-11-22 20:00:00,3.734384471983852
2021-11-22 21:00:00,2.3333021524159285
2021-11-22 22:00:00,2.6394455408852537
2021-11-22 23:00:00,1.3025615679986575
2021-11-23 00:00:00,1.203394734966239
2021-11-23 01:00:00,0.6308026515131839
2021-11-23 02:00:00,1.0984272088170512
2021-11-23 03:00:00,0.8454333195064522
2021-11-23 04:00:00,0.6642918894335412
2021-11-23 05:00:00,0.1250019583964144
2021-11-23 06:00:00,-0.3040722920856934
2021-11-23 07:00:00,-0.8040722920856934
2021-11-23 08:00:00,-0.760554459114746
2021-11-23 09:00:00,-0.0597212921471644
2021-11-23 10:00:00,0.0384567640695451
2021-11-23 11:00:00,0.0572217912444197
2021-11-23 12:00:00,0.1494120688399312
2021-11-23 13:00:00,0.6777466951066718
2021-11-23 14:00:00,0.3795686388899623
2021-11-23 15:00:00,0.5830569166084157
2021-11-23 16:00:00,1.4172857787441404
2021-11-23 17:00:00,1.732811680800903
2021-11-23 18:00:00,1.6814841254254669
2021-11-23 19:00:00,1.7694465010871578
2021-11-23 20:00:00,2.5911157916132463
2021-11-23 21:00:00,2.690127014797537
2021-11-23 22:00:00,2.788460680862374
2021-11-23 23:00:00,2.1951880836989397
2021-11-24 00:00:00,2.777162680739432
2021-11-24 01:00:00,1.399260375784633
2021-11-24 02:00:00,0.3274079165469447
2021-11-24 03:00:00,0.0061433884693254
2021-11-24 04:00:00,-0.031480208632638
2021-11-24 05:00:00,0.306976555436907
2021-11-24 06:00:00,0.4155259020567627
2021-11-24 07:00:00,0.7308961942653983
2021-11-24 08:00:00,0.5402787078528355
2021-11-24 09:00:00,2.448672444624564
2021-11-24 10:00:00,2.9196917368946704
2021-11-24 11:00:00,4.505154611653617
2021-11-24 12:00:00,8.205497307006173
2021-11-24 13:00:00,10.038737392326189
2021-11-24 14:00:00,10.237904225358609
2021-11-24 15:00:00,10.241392503077062
2021-11-24 16:00:00,9.924262334181048
2021-11-24 17:00:00,8.89602125066652
2021-11-24 18:00:00,6.471758916485474
2021-11-24 19:00:00,5.649350001744018
2021-11-24 20:00:00,5.21604784932809
2021-11-24 21:00:00,4.40641618314031
2021-11-24 22:00:00,4.180152653257203
2021-11-24 23:00:00,4.340862722220075
2021-11-25 00:00:00,4.9066653357406524
2021-11-25 01:00:00,4.940216640756923
2021-11-25 02:00:00,5.635833128974975
2021-11-25 03:00:00,6.74037225060505
2021-11-25 04:00:00,7.471486121814488
2021-11-25 05:00:00,8.287721056647007
2021-11-25 06:00:00,7.740559336109479
2021-11-25 07:00:00,6.591022248861032
2021-11-25 08:00:00,6.4447872380433
2021-11-25 09:00:00,6.953180974815028
2021-11-25 10:00:00,8.743860528323502
2021-11-25 11:00:00,9.95564900006147
2021-11-25 12:00:00,10.415525902056762
2021-11-25 13:00:00,11.0308961942654
2021-11-25 14:00:00,10.832468985448347
2021-11-25 15:00:00,10.481141430072912
2021-11-25 16:00:00,9.75722179124442
2021-11-25 17:00:00,8.444350999938528
2021-11-25 18:00:00,7.154566680493547
2021-11-25 19:00:00,6.476080361171509
2021-11-25 20:00:00,5.64357990006686
2021-11-25 21:00:00,5.122004152292986
2021-11-25 22:00:00,3.500988776815709
2021-11-25 23:00:00,3.671486121814489
2021-11-26 00:00:00,3.656699843973093
2021-11-26 01:00:00,4.680588891361972
2021-11-26 02:00:00,4.080588891361973
2021-11-26 03:00:00,3.3079032651567024
2021-11-26 04:00:00,1.8256480398595676
2021-11-26 05:00:00,0.3446001525388706
2021-11-26 06:00:00,-0.7682085716711073
2021-11-26 07:00:00,-1.025430362915527
2021-11-26 08:00:00,-1.0630539600174906
2021-11-26 09:00:00,1.6496612214402728
2021-11-26 10:00:00,4.118765027174875
2021-11-26 11:00:00,6.023086471860909
2021-11-26 12:00:00,7.505154611653616
2021-11-26 13:00:00,8.552316332191143
2021-11-26 14:00:00,8.919753803990584
2021-11-26 15:00:00,8.921420137925747
2021-11-26 16:00:00,7.953733513525966
2021-11-26 17:00:00,7.107560569804146
2021-11-26 18:00:00,6.640123098004708
2021-11-26 19:00:00,5.729074250482108
2021-11-26 20:00:00,4.539040778436785
2021-11-26 21:00:00,3.503145582365897
2021-11-26 22:00:00,3.5232420817090366
2021-11-26 23:00:00,2.755649000061471
2021-11-27 00:00:00,2.773985622717233
2021-11-27 01:00:00,1.7960833177624338
2021-11-27 02:00:00,1.0910222488610315
2021-11-27 03:00:00,0.2948453883463833
2021-11-27 04:00:00,0.153920599030395
2021-11-27 05:00:00,-0.454784357437588
2021-11-27 06:00:00,-1.115276749456421
2021-11-27 07:00:00,-1.5425290561552385
2021-11-27 08:00:00,-1.8186094173267475
2021-11-27 09:00:00,1.3950324738508122
2021-11-27 10:00:00,3.945433319506452
2021-11-27 11:00:00,5.255399847461129
2021-11-27 12:00:00,5.978641929170166
2021-11-27 13:00:00,6.750400845655641
2021-11-27 14:00:00,7.570832206765678
2021-11-27 15:00:00,7.876975595235004
2021-11-27 16:00:00,7.958210568060128
2021-11-27 17:00:00,6.919598194142456
2021-11-27 18:00:00,5.412621638705549
2021-11-27 19:00:00,3.910706152170045
2021-11-27 20:00:00,2.823764028980364
2021-11-27 21:00:00,1.5590437350277102
2021-11-27 22:00:00,0.3263255969790214
2021-11-27 23:00:00,-0.5410498077245042
2021-11-28 00:00:00,-0.5666043048318571
2021-11-28 01:00:00,-1.1965117222815465
2021-11-28 02:00:00,-1.7965117222815468
2021-11-28 03:00:00,-1.836634820286255
2021-11-28 04:00:00,-2.2759247513233816
2021-11-28 05:00:00,-2.179475096137748
2021-11-28 06:00:00,-2.492190277595512
2021-11-28 07:00:00,-2.501572791182949
2021-11-28 08:00:00,-2.0529938893105992
2021-11-28 09:00:00,0.1749980416035855
2021-11-28 10:00:00,3.184380555191024
2021-11-28 11:00:00,6.297189279401001
2021-11-28 12:00:00,8.583547388223442
2021-11-28 13:00:00,10.292283820347723
2021-11-28 14:00:00,10.95623301442871
2021-11-28 15:00:00,10.740029555252494
2021-11-28 16:00:00,10.43496848635109
2021-11-28 17:00:00,9.489690776692768
2021-11-28 18:00:00,7.663793584232858
2021-11-28 19:00:00,5.91867148442266
2021-11-28 20:00:00,5.187868832909476
2021-11-28 21:00:00,3.3167874735434566
2021-11-28 22:00:00,2.574320484484131
2021-11-28 23:00:00,2.4829013067602883
2021-11-29 00:00:00,2.102655110750872
2021-11-29 01:00:00,2.89055541931665
2021-11-29 02:00:00,1.7514831652235632
2021-11-29 03:00:00,1.181203497168824
2021-11-29 04:00:00,0.439445540885254
2021-11-29 05:00:00,0.2127772485536764
2021-11-29 06:00:00,-0.2767579182909629
2021-11-29 07:00:00,-0.1981780562167095
2021-11-29 08:00:00,0.606976555436907
2021-11-29 09:00:00,2.29759404184947
2021-11-29 10:00:00,4.295927707914307
2021-11-29 11:00:00,6.968426248615147
2021-11-29 12:00:00,10.674164874636004
2021-11-29 13:00:00,12.310215680555018
2021-11-29 14:00:00,13.057128248492203
2021-11-29 15:00:00,13.022992929108696
2021-11-29 16:00:00,12.382807764008074
2021-11-29 17:00:00,11.320431361110035
2021-11-29 18:00:00,9.918765027174874
2021-11-29 19:00:00,9.041789431939872
2021-11-29 20:00:00,7.796449655185633
2021-11-29 21:00:00,7.03231337560022
2021-11-29 22:00:00,5.968581858463275
2021-11-29 23:00:00,5.447006110689401
2021-11-30 00:00:00,5.405154611653616
2021-11-30 01:00:00,6.550370254216029
2021-11-30 02:00:00,6.427501459299159
2021-11-30 03:00:00,7.363241045521919
2021-11-30 04:00:00,6.012202534423486
2021-11-30 08:00:00,7.33396878263157
2021-11-30 09:00:00,7.038456764069545
2021-11-30 10:00:00,7.633395695168143
2021-11-30 11:00:00,8.146266486474033
2021-11-30 12:00:00,9.384045693424124
2021-11-30 13:00:00,9.775247194203928
2021-11-30 14:00:00,9.137623597101962
2021-11-30 15:00:00,8.536790430134381
2021-11-30 16:00:00,7.656388624276838
2021-11-30 17:00:00,6.046172943721819
2021-11-30 18:00:00,5.022992929108695
2021-11-30 19:00:00,4.647745734904769
2021-11-30 20:00:00,4.417098693239711
2021-11-30 21:00:00,4.237623597101964
2021-11-30 22:00:00,3.706976555436907
2021-11-30 23:00:00,3.497594041849469
2021-12-01 00:00:00,2.9650315136489085
2021-12-01 01:00:00,3.059137277779924
2021-12-01 02:00:00,2.5112980001229417
2021-12-01 03:00:00,2.3736744030209787
2021-12-01 04:00:00,1.972841236053397
2021-12-01 05:00:00,1.4975940418494695
2021-12-01 06:00:00,1.1497547641924872
2021-12-01 07:00:00,0.8779958477070136
2021-12-01 08:00:00,0.6019154865355049
2021-12-01 09:00:00,0.6967608748818881
2021-12-01 10:00:00,1.243766985571289
2021-12-01 11:00:00,1.155649000061471
2021-12-01 12:00:00,1.49077309626069
2021-12-01 13:00:00,1.617931860207293
2021-12-01 14:00:00,2.1009887768157087
2021-12-01 15:00:00,2.230063027297817
2021-12-01 16:00:00,1.9941057641310165
2021-12-01 17:00:00,1.555649000061471
2021-12-01 18:00:00,0.9564821670290526
2021-12-01 19:00:00,0.7847232505435788
2021-12-01 20:00:00,0.4599704447475061
2021-12-01 21:00:00,0.0710192922701065
2021-12-01 22:00:00,-0.9024995009027446
2021-12-01 23:00:00,-1.326419139731236
2021-12-02 00:00:00,-1.9496612214402729
2021-12-02 01:00:00,-2.429813874697475
2021-12-02 02:00:00,-2.926325596979021
2021-12-02 03:00:00,-3.4930234445630925
2021-12-02 04:00:00,-3.9861404318784
2021-12-02 05:00:00,-4.061387626082327
2021-12-02 06:00:00,-4.137467987253836
2021-12-02 07:00:00,-3.829813874697475
2021-12-02 08:00:00,-3.659721292147164
2021-12-02 09:00:00,-1.831573751384852
2021-12-02 10:00:00,-0.1051546116536166
2021-12-02 11:00:00,2.516943083391584
2021-12-02 12:00:00,4.652098655247104
2021-12-02 13:00:00,5.831667294137066
2021-12-02 14:00:00,6.416359069024344
2021-12-02 15:00:00,6.624752805796073
2021-12-02 16:00:00,5.8333021524159285
2021-12-02 17:00:00,4.636696887382168
2021-12-02 18:00:00,4.029969484545602
2021-12-02 19:00:00,4.44617294372182
2021-12-02 20:00:00,4.485462874758946
2021-12-02 21:00:00,4.05382705627818
2021-12-02 22:00:00,3.832406918352434
2021-12-02 23:00:00,4.239383473789341
2021-12-03 00:00:00,4.719629669798757
2021-12-03 01:00:00,4.825523905667741
2021-12-03 02:00:00,3.797282822153215
2021-12-03 03:00:00,5.23636202561527
2021-12-03 04:00:00,5.636790430134382
2021-12-03 05:00:00,3.506976555436907
2021-12-03 06:00:00,2.2564821670290525
2021-12-03 07:00:00,2.17450756998856
2021-12-03 08:00:00,1.2249084156442
2021-12-03 09:00:00,4.016452611776558
2021-12-03 10:00:00,5.273674403020979
2021-12-03 11:00:00,4.7249084156442
2021-12-03 12:00:00,5.153982666126307
2021-12-03 13:00:00,5.0034882777184535
2021-12-03 14:00:00,4.816203459176217
2021-12-03 15:00:00,4.324752805796073
2021-12-03 16:00:00,3.750494388407854
2021-12-03 17:00:00,3.5308961942653982
2021-12-03 18:00:00,2.9795686388899627
2021-12-03 19:00:00,2.4282410835145263
2021-12-03 20:00:00,2.7736744030209786
2021-12-03 21:00:00,2.6489215972249056
2021-12-03 22:00:00,2.626668292331577
2021-12-03 23:00:00,1.7796621816421765
2021-12-04 00:00:00,0.5932725971634346
2021-12-04 01:00:00,1.1966052650337609
2021-12-04 02:00:00,-0.2597833592430774
2021-12-04 03:00:00,-1.3871292086941092
2021-12-04 04:00:00,-2.096605265033761
2021-12-04 05:00:00,-1.9709257495178925
2021-12-04 06:00:00,-2.5572217912444195
2021-12-04 07:00:00,-2.551016335679181
2021-12-04 08:00:00,-2.263887126985072
2021-12-04 09:00:00,-0.2154638349608498
2021-12-04 10:00:00,0.947745734904768
2021-12-04 11:00:00,1.3794750961377478
2021-12-04 12:00:00,2.628147540762312
2021-12-04 13:00:00,2.9724049979486264
2021-12-04 14:00:00,4.7749980416035855
2021-12-04 15:00:00,5.440862722220076
2021-12-04 16:00:00,5.203550344814367
2021-12-04 17:00:00,4.3625940798420775
2021-12-04 18:00:00,3.6015727911829485
2021-12-04 19:00:00,3.263116027113403
2021-12-04 20:00:00,2.822315371989241
2021-12-04 21:00:00,1.632219832848005
2021-12-04 22:00:00,1.4224709818373684
2021-12-04 23:00:00,-0.632406918352434
2021-12-05 00:00:00,-1.2392899310371268
2021-12-05 01:00:00,-1.7966052650337607
2021-12-05 02:00:00,-2.2461729437218194
2021-12-05 03:00:00,-2.509382513587437
2021-12-05 04:00:00,-2.731635818480765
2021-12-05 05:00:00,-3.3333021524159285
2021-12-05 06:00:00,-3.4495056115921456
2021-12-05 07:00:00,-3.4435178329709477
2021-12-05 08:00:00,-3.158054958212001
2021-12-05 09:00:00,-1.204321444686035
2021-12-05 10:00:00,2.1871912757900223
2021-12-05 11:00:00,4.351973636838589
2021-12-05 12:00:00,5.92731437379473
2021-12-05 13:00:00,7.220431361110037
2021-12-05 14:00:00,7.7042279019338205
2021-12-05 15:00:00,7.96144969317824
2021-12-05 16:00:00,8.08213020688862
2021-12-05 17:00:00,6.940029555252494
2021-12-05 18:00:00,4.772498540700841
2021-12-05 19:00:00,3.732126290095791
2021-12-05 20:00:00,2.0665107620796426
2021-12-05 21:00:00,0.580214720353115
2021-12-05 22:00:00,-9.354275221437612e-05
2021-12-05 23:00:00,-0.1820681397927069
2021-12-06 00:00:00,-0.85882605808367
2021-12-06 01:00:00,-1.5238575717325782
2021-12-06 02:00:00,-1.6127151814577632
2021-12-06 03:00:00,-1.5153702922086354
2021-12-06 04:00:00,-1.695772098066179
2021-12-06 05:00:00,-1.858981667931797
2021-12-06 06:00:00,-1.967531014551653
2021-12-06 07:00:00,-2.551327555375436
2021-12-06 08:00:00,-1.9760803611715088
2021-12-06 09:00:00,0.0896287095968538
2021-12-06 10:00:00,2.955711067157384
2021-12-06 11:00:00,5.787097733037808
2021-12-06 12:00:00,7.992096734843296
2021-12-06 13:00:00,9.559689816490865
2021-12-06 14:00:00,10.092252344691424
2021-12-06 15:00:00,10.742684666003369
2021-12-06 16:00:00,10.118765027174874
2021-12-06 17:00:00,8.574320484484131
2021-12-06 18:00:00,7.207311417203805
2021-12-06 19:00:00,7.207467027051933
2021-12-06 20:00:00,6.186880056093767
2021-12-06 21:00:00,4.266759914679984
2021-12-06 22:00:00,3.329813874697475
2021-12-06 23:00:00,3.16586468061649
2021-12-07 00:00:00,1.9796307059858755
2021-12-07 01:00:00,2.304321444686035
2021-12-07 02:00:00,1.990095539141236
2021-12-07 03:00:00,1.177746695106672
2021-12-07 04:00:00,0.3582105680601287
2021-12-07 05:00:00,0.4470061106894009
2021-12-07 06:00:00,-0.0828077640080741
2021-12-07 07:00:00,-0.4374679872538363
2021-12-07 08:00:00,-0.4632095698656179
2021-12-07 09:00:00,1.3701861253025251
2021-12-07 10:00:00,3.831051804113525
2021-12-07 11:00:00,6.652316332191145
2021-12-07 12:00:00,8.400988776815709
2021-12-07 13:00:00,9.74117394191633
2021-12-07 14:00:00,10.591512720476056
2021-12-07 15:00:00,10.938363221317331
2021-12-07 16:00:00,10.066604304831856
2021-12-07 17:00:00,8.725492430011439
2021-12-07 18:00:00,7.622992929108694
2021-12-07 19:00:00,6.550494388407854
2021-12-07 20:00:00,5.761698845778582
2021-12-07 21:00:00,5.227563526395072
2021-12-07 22:00:00,4.415525902056762
2021-12-07 23:00:00,3.6835473882234417
2021-12-08 00:00:00,2.7017598766873774
2021-12-08 01:00:00,1.6137660253693853
2021-12-08 02:00:00,1.4095381234355646
2021-12-08 03:00:00,0.3923458874436387
2021-12-08 04:00:00,0.6606480018669604
2021-12-08 05:00:00,-0.1862339746306146
2021-12-08 06:00:00,-1.0375615300060508
2021-12-08 07:00:00,-0.9711128350223208
2021-12-08 08:00:00,-0.9728727117096984
2021-12-08 09:00:00,0.1363541920296116
2021-12-08 10:00:00,2.5109238291140845
2021-12-08 11:00:00,5.394875979785995
2021-12-08 12:00:00,7.974195466075615
2021-12-08 13:00:00,10.288024442757605
2021-12-08 14:00:00,11.588857609725183
2021-12-08 15:00:00,11.712777248553676
2021-12-08 16:00:00,11.417931860207291
2021-12-08 17:00:00,10.004967526149189
2021-12-08 18:00:00,7.969010262982387
2021-12-08 19:00:00,7.181047887320696
2021-12-08 20:00:00,5.455306304708915
2021-12-08 21:00:00,4.386451651574655
2021-12-08 22:00:00,4.061543235930454
2021-12-08 23:00:00,3.623826096076277
2021-12-09 00:00:00,2.9650315136489085
2021-12-09 01:00:00,2.0349684863510915
2021-12-09 02:00:00,1.9110488475226
2021-12-09 03:00:00,1.713610415521258
2021-12-09 04:00:00,0.7205869709581652
2021-12-09 05:00:00,0.7291363175780208
2021-12-09 06:00:00,0.8365412775340404
2021-12-09 07:00:00,-0.1487659873767783
2021-12-09 08:00:00,0.7870977330378077
2021-12-09 09:00:00,2.134290929231637
2021-12-09 10:00:00,4.9280854736664
2021-12-09 11:00:00,6.348485359120135
2021-12-09 12:00:00,7.820244275605609
2021-12-09 13:00:00,9.893794544434762
2021-12-09 14:00:00,10.469936972702182
2021-12-09 15:00:00,10.772592083453056
2021-12-09 16:00:00,10.460710068962872
2021-12-09 17:00:00,9.777746695106671
2021-12-09 18:00:00,9.01786979311138
2021-12-09 19:00:00,8.488055918413904
2021-12-09 20:00:00,8.436728363038469
2021-12-09 21:00:00,7.466635780488159
2021-12-09 22:00:00,6.173425250420637
2021-12-09 23:00:00,5.417931860207293
2021-12-10 00:00:00,4.079413029041834
2021-12-10 01:00:00,4.455649000061471
2021-12-10 02:00:00,4.930896194265398
2021-12-10 03:00:00,5.147255263289743
2021-12-10 04:00:00,5.24642209632216
2021-12-10 05:00:00,4.812037624338308
2021-12-10 06:00:00,5.044506609786657
2021-12-10 07:00:00,5.328241083514527
2021-12-10 08:00:00,5.512870791305891
2021-12-10 09:00:00,5.520586970958165
2021-12-10 10:00:00,6.15904373502771
2021-12-10 11:00:00,6.90864288937207
2021-12-10 12:00:00,7.960803611715086
2021-12-10 13:00:00,9.655064985694231
2021-12-10 14:00:00,11.18216168254492
2021-12-10 15:00:00,11.379662181642177
2021-12-10 16:00:00,10.456388624276835
2021-12-10 17:00:00,9.61021568055502
2021-12-10 18:00:00,8.50157279118295
2021-12-10 19:00:00,7.8870356659418945
2021-12-10 20:00:00,7.879475096137748
2021-12-10 21:00:00,7.978735471922381
2021-12-10 22:00:00,6.780308263105329
2021-12-10 23:00:00,6.641851499035784
2021-12-11 00:00:00,6.194012221378802
2021-12-11 01:00:00,5.32049342820595
2021-12-11 02:00:00,5.573674403020979
2021-12-11 03:00:00,5.359970444747506
2021-12-11 04:00:00,5.436883972886596
2021-12-11 05:00:00,5.530896194265399
2021-12-11 06:00:00,5.305154611653617
2021-12-11 07:00:00,4.870925749517892
2021-12-11 08:00:00,5.175247194203927
2021-12-11 09:00:00,5.659137277779925
2021-12-11 10:00:00,5.99759404184947
2021-12-11 11:00:00,6.800249152600342
2021-12-11 12:00:00,8.347099653441616
2021-12-11 13:00:00,9.652160722343016
2021-12-11 14:00:00,9.792283820347723
2021-12-11 15:00:00,9.759876901995291
2021-12-11 16:00:00,8.965771137864275
2021-12-11 17:00:00,8.070092582550311
2021-12-11 18:00:00,7.270925749517891
2021-12-11 19:00:00,7.03413531938351
2021-12-11 20:00:00,6.607560569804146
2021-12-11 21:00:00,6.141851499035784
2021-12-11 22:00:00,6.075247194203927
2021-12-11 23:00:00,5.140862722220076
2021-12-12 00:00:00,5.065031513648908
2021-12-12 01:00:00,4.720524903862252
2021-12-12 02:00:00,4.992283820347725
2021-12-12 03:00:00,5.385462874758947
2021-12-12 04:00:00,5.522346847645542
2021-12-12 05:00:00,4.369936972702183
2021-12-12 06:00:00,3.969352958334943
2021-12-12 07:00:00,4.68030826310533
2021-12-12 08:00:00,5.34460015253887
2021-12-12 09:00:00,5.379568638889962
2021-12-12 10:00:00,5.670186125302525
2021-12-12 11:00:00,5.86586468061649
2021-12-12 12:00:00,5.683796540823783
2021-12-12 13:00:00,5.697500499097256
2021-12-12 14:00:00,5.093856611530674
2021-12-12 15:00:00,4.2879623756616905
2021-12-12 16:00:00,3.137623597101964
2021-12-12 17:00:00,2.061543235930454
2021-12-12 18:00:00,0.9615432359304548
2021-12-12 19:00:00,0.3889511524773995
2021-12-12 20:00:00,0.0753407369561415
2021-12-12 21:00:00,-0.905894235868984
2021-12-12 22:00:00,-1.2776531523544574
2021-12-12 23:00:00,-1.5776531523544577
2021-12-13 00:00:00,-1.8177762503591657
2021-12-13 01:00:00,-2.0938566115306747
2021-12-13 02:00:00,-2.310060070706892
2021-12-13 03:00:00,-2.594689778498256
2021-12-13 04:00:00,-2.923764028980364
2021-12-13 05:00:00,-3.223764028980364
2021-12-13 06:00:00,-3.4853072649108183
2021-12-13 07:00:00,-3.938207611469204
2021-12-13 08:00:00,-3.985462874758946
2021-12-13 09:00:00,-2.9981780562167097
2021-12-13 10:00:00,-1.6057386260208564
2021-12-13 11:00:00,-0.3492564589918039
2021-12-13 12:00:00,0.6002491526003417
2021-12-13 13:00:00,0.9163590690243444
2021-12-13 14:00:00,1.4950009981945107
2021-12-13 15:00:00,1.715525902056763
2021-12-13 16:00:00,1.6991668330324186
2021-12-13 17:00:00,0.8187650271748746
2021-12-13 18:00:00,-0.6198473467427978
2021-12-13 19:00:00,-1.227501459299159
2021-12-13 20:00:00,-2.241111874820417
2021-12-13 21:00:00,-2.2451220998101977
2021-12-13 22:00:00,-2.09296137746718
2021-12-13 23:00:00,-2.125585972763654
2021-12-14 00:00:00,-1.979413029041835
2021-12-14 01:00:00,-1.448672444624564
2021-12-14 02:00:00,-1.258888125179583
2021-12-14 03:00:00,-0.8289807077298934
2021-12-14 04:00:00,-0.5169430833915842
2021-12-14 05:00:00,-0.2793194862896205
2021-12-14 06:00:00,0.0598769019952917
2021-12-14 07:00:00,0.336790430134382
2021-12-14 08:00:00,0.4504943884078544
2021-12-14 09:00:00,0.8615432359304549
2021-12-14 10:00:00,2.030896194265398
2021-12-14 11:00:00,4.007070098189121
2021-12-14 12:00:00,6.595126016603026
2021-12-14 13:00:00,7.974445502892647
2021-12-14 14:00:00,8.672592083453056
2021-12-14 15:00:00,7.645339776754238
2021-12-14 16:00:00,6.869259415582729
2021-12-14 17:00:00,5.8077161796522745
2021-12-14 18:00:00,5.499166833032419
2021-12-14 19:00:00,5.260710068962874
2021-12-14 20:00:00,5.110215680555019
2021-12-14 21:00:00,5.263209569865618
2021-12-14 22:00:00,5.249505611592146
2021-12-14 23:00:00,5.456326557180925
2021-12-15 00:00:00,4.656233014428711
2021-12-15 01:00:00,5.541049807724503
2021-12-15 02:00:00,5.829167793234323
2021-12-15 03:00:00,6.416452611776559
2021-12-15 04:00:00,6.571112835022321
2021-12-15 05:00:00,5.677840237858886
2021-12-15 06:00:00,6.007747655308576
2021-12-15 07:00:00,6.249599154344359
2021-12-15 08:00:00,6.387284818542236
2021-12-15 09:00:00,6.140278707852836
2021-12-15 10:00:00,6.340278707852836
2021-12-15 11:00:00,6.64460015253887
2021-12-15 12:00:00,7.888211528262033
2021-12-15 13:00:00,9.338705916669886
2021-12-15 14:00:00,10.640372250605049
2021-12-15 15:00:00,10.811298000122942
2021-12-15 16:00:00,10.40182194378329
2021-12-15 17:00:00,8.82990741744969
2021-12-15 18:00:00,7.414287972640713
2021-12-15 19:00:00,6.827407916546944
2021-12-15 20:00:00,5.112715181457764
2021-12-15 21:00:00,4.985462874758946
2021-12-15 22:00:00,4.407560569804147
2021-12-15 23:00:00,2.923180014613124
2021-12-16 00:00:00,1.8702481923984375
2021-12-16 01:00:00,1.5923458874436387
2021-12-16 02:00:00,2.070186125302525
2021-12-16 03:00:00,2.379475096137748
2021-12-16 04:00:00,2.2419450417879982
2021-12-16 05:00:00,2.5889511524774
2021-12-16 06:00:00,2.9435178329709477
2021-12-16 07:00:00,3.221264528077619
2021-12-16 08:00:00,2.9392899310371265
2021-12-16 09:00:00,3.474414027236345
2021-12-16 10:00:00,4.700988776815709
2021-12-16 11:00:00,5.953827056278181
2021-12-16 12:00:00,8.197749651697595
2021-12-16 13:00:00,9.058054958212
2021-12-16 14:00:00,9.506143388469326
2021-12-16 15:00:00,9.091512720476056
2021-12-16 16:00:00,8.517931860207293
2021-12-16 17:00:00,7.93413531938351
2021-12-16 18:00:00,7.175986818419294
2021-12-16 19:00:00,5.206633860084351
2021-12-16 20:00:00,5.277746695106671
2021-12-16 21:00:00,4.580308263105329
2021-12-16 22:00:00,5.317409912935966
2021-12-16 23:00:00,6.164198346681327
2021-12-17 00:00:00,4.951327555375436
2021-12-17 01:00:00,4.466853457432198
2021-12-17 02:00:00,3.865031513648908
2021-12-17 03:00:00,2.855649000061471
2021-12-17 04:00:00,1.3795686388899622
2021-12-17 05:00:00,0.5795686388899624
2021-12-17 06:00:00,-0.1553998474611293
2021-12-17 07:00:00,-0.4373744445016219
2021-12-17 08:00:00,-1.2169430833915842
2021-12-17 09:00:00,-1.340029555252494
2021-12-17 10:00:00,-1.2545666804935478
2021-12-17 11:00:00,-2.234968486351092
2021-12-17 12:00:00,-2.7529938893105994
2021-12-17 13:00:00,-3.520524903862252
2021-12-17 14:00:00,-3.181141430072911
2021-12-17 15:00:00,-3.603332667870326
2021-12-17 16:00:00,-3.865615528016148
2021-12-17 17:00:00,-4.30240595815053
2021-12-17 18:00:00,-5.087035665941894
2021-12-17 19:00:00,-5.660460916362531
2021-12-17 20:00:00,-5.817682707606951
2021-12-17 21:00:00,-6.674164874636004
2021-12-17 22:00:00,-7.187868832909476
2021-12-17 23:00:00,-7.325492430011439
2021-12-18 00:00:00,-7.198084513464496
2021-12-18 01:00:00,-7.375831208571167
2021-12-18 02:00:00,-7.185213722158605
2021-12-18 03:00:00,-7.576664375538748
2021-12-18 04:00:00,-7.681818987192365
2021-12-18 05:00:00,-7.981818987192366
2021-12-18 06:00:00,-8.204905459053276
2021-12-18 07:00:00,-9.480985820224785
2021-12-18 08:00:00,-9.590368333812222
2021-12-18 09:00:00,-7.657066181396293
2021-12-18 10:00:00,-5.475247194203927
2021-12-18 11:00:00,-3.911882014490182
2021-12-18 12:00:00,-2.038456764069545
2021-12-18 13:00:00,-0.2999064572477856
2021-12-18 14:00:00,0.5412054175726315
2021-12-18 15:00:00,0.3289807077298934
2021-12-18 16:00:00,-0.0711128350223208
2021-12-18 17:00:00,-1.000926709719796
2021-12-18 18:00:00,-1.5248463485482873
2021-12-18 19:00:00,-1.7640427368331992
2021-12-18 20:00:00,-2.013703958273472
2021-12-18 21:00:00,-2.1590437350277103
2021-12-18 22:00:00,-1.9445066097866563
2021-12-18 23:00:00,-1.736790430134382
2021-12-19 00:00:00,-0.9889511524773996
2021-12-19 01:00:00,1.011298000122942
2021-12-19 02:00:00,0.5009887768157089
2021-12-19 03:00:00,0.2019154865355047
2021-12-19 04:00:00,-0.0158607638236609
2021-12-19 05:00:00,-0.7551506948607876
2021-12-19 06:00:00,-1.724348043347604
2021-12-19 07:00:00,-2.0740092647878763
2021-12-19 08:00:00,-2.8959198743286487
2021-12-19 09:00:00,-2.285704193773629
2021-12-19 10:00:00,-0.6739157220356622
2021-12-19 11:00:00,0.4361128730149278
2021-12-19 12:00:00,1.4223468476455423
2021-12-19 13:00:00,2.057315333996634
2021-12-19 14:00:00,3.6530253649669007
2021-12-19 15:00:00,4.482994849512503
2021-12-19 16:00:00,4.44719319619383
2021-12-19 17:00:00,3.037779206950091
2021-12-19 18:00:00,2.0001556098481275
2021-12-19 19:00:00,1.6570661813962924
2021-12-19 20:00:00,1.2280854736663989
2021-12-19 21:00:00,0.7016663339351632
2021-12-19 22:00:00,1.3888890853814868
2021-12-19 23:00:00,0.1512340126232216
2021-12-20 00:00:00,0.2956785553139649
2021-12-20 01:00:00,0.4890132195733124
2021-12-20 02:00:00,1.8461108766259064
2021-12-20 03:00:00,2.258148500964216
2021-12-20 04:00:00,2.562314335802124
2021-12-20 05:00:00,2.9872227514463234
2021-12-20 06:00:00,2.151109878431396
2021-12-20 07:00:00,3.296543197937848
2021-12-20 08:00:00,2.99478332125047
2021-12-20 09:00:00,3.85382705627818
2021-12-20 10:00:00,5.784567640695451
2021-12-20 11:00:00,7.948672444624564
2021-12-20 12:00:00,9.478579862074252
2021-12-20 13:00:00,10.824168791428832
2021-12-20 14:00:00,11.141111874820416
2021-12-20 15:00:00,11.006049845717111
2021-12-20 16:00:00,10.44200710888391
2021-12-20 17:00:00,9.171976593429513
2021-12-20 18:00:00,7.486513718670567
2021-12-20 19:00:00,6.965771137864275
2021-12-20 20:00:00,6.29135711062793
2021-12-20 21:00:00,5.527991930914185
2021-12-20 22:00:00,4.882558611407733
2021-12-20 23:00:00,5.242684666003366
2021-12-21 00:00:00,4.969103805734601
2021-12-21 01:00:00,4.86827063876702
2021-12-21 02:00:00,5.411882014490182
2021-12-21 03:00:00,5.295616488218052
2021-12-21 04:00:00,5.4228687949168695
2021-12-21 05:00:00,5.276851461043178
2021-12-21 06:00:00,4.16305396001749
2021-12-21 07:00:00,3.539811878308453
2021-12-21 08:00:00,2.8500896259593853
2021-12-21 09:00:00,3.421910609540772
2021-12-21 10:00:00,6.121358070829833
2021-12-21 11:00:00,8.842871751507793
2021-12-21 12:00:00,10.289044695229611
2021-12-21 13:00:00,10.602655110750872
2021-12-21 14:00:00,10.052900346558385
2021-12-21 15:00:00,8.83654127753404
2021-12-21 16:00:00,8.37249854070084
2021-12-21 17:00:00,7.090523943660348
2021-12-21 18:00:00,5.881141430072911
2021-12-21 19:00:00,4.998240123312622
2021-12-21 20:00:00,4.1622828601458215
2021-12-21 21:00:00,2.952067179590803
2021-12-21 22:00:00,2.4729033031493097
2021-12-21 23:00:00,2.782963373856201
2021-12-22 00:00:00,1.8923458874436387
2021-12-22 01:00:00,0.9751536514517128
2021-12-22 02:00:00,-0.783796540823783
2021-12-22 03:00:00,-1.3882115282620324
2021-12-22 04:00:00,-0.2562950815246239
2021-12-22 05:00:00,-0.5100285950505901
2021-12-22 06:00:00,-1.5316978855766783
2021-12-22 07:00:00,-2.297095736648786
2021-12-22 08:00:00,-3.0495676786880583
2021-12-22 09:00:00,-0.4049990018054893
2021-12-22 10:00:00,1.6446001525388705
2021-12-22 11:00:00,2.736790430134382
2021-12-22 12:00:00,4.611788471737968
2021-12-22 13:00:00,5.556295081524624
2021-12-22 14:00:00,6.534197386479423
2021-12-22 15:00:00,6.990679553508475
2021-12-22 16:00:00,6.822253304893327
2021-12-22 17:00:00,5.4136104155212585
2021-12-22 18:00:00,3.5878688329094763
2021-12-22 19:00:00,2.7005840143672395
2021-12-22 20:00:00,1.663271636961531
2021-12-22 21:00:00,0.4639491940809851
2021-12-22 22:00:00,0.1008331669675815
2021-12-22 23:00:00,-0.655649000061471
2021-12-23 00:00:00,-1.8230244047649968
2021-12-23 01:00:00,-2.408487279523943
2021-12-23 02:00:00,-2.4247528057960723
2021-12-23 03:00:00,-3.0750915843558
2021-12-23 04:00:00,-3.4947833212504698
2021-12-23 05:00:00,-2.982807764008074
2021-12-23 06:00:00,-2.95824204371643
2021-12-23 07:00:00,-3.563209569865617
2021-12-23 08:00:00,-4.019691736894671
2021-12-23 09:00:00,-2.092283820347726
2021-12-23 10:00:00,0.5623764028980364
2021-12-23 11:00:00,2.3042279019338205
2021-12-23 12:00:00,4.91626552627213
2021-12-23 13:00:00,6.746912567937187
2021-12-23 14:00:00,7.478641929170166
2021-12-23 15:00:00,7.9281475407623105
2021-12-23 16:00:00,7.623086471860909
2021-12-23 17:00:00,6.348672444624564
2021-12-23 18:00:00,4.937467987253836
2021-12-23 19:00:00,3.7124039617615088
2021-12-23 20:00:00,2.566604304831857
2021-12-23 21:00:00,2.3058321687730707
2021-12-23 22:00:00,1.1547222903416752
2021-12-23 23:00:00,0.6298138746974751
2021-12-24 00:00:00,0.1641983466813268
2021-12-24 01:00:00,0.4975940418494697
2021-12-24 02:00:00,0.2853693320067317
2021-12-24 03:00:00,-0.0435178329709473
2021-12-24 04:00:00,-0.1921902775955114
2021-12-24 05:00:00,-0.495678555313965
2021-12-24 06:00:00,-0.5709257495178921
2021-12-24 07:00:00,-0.3009267097197959
2021-12-24 08:00:00,-0.2333956951681429
2021-12-24 09:00:00,0.6598769019952917
2021-12-24 10:00:00,2.1948453883463834
2021-12-24 11:00:00,3.417931860207293
2021-12-24 12:00:00,4.134290929231637
2021-12-24 13:00:00,3.9085493466198553
2021-12-24 14:00:00,3.3700925825503103
2021-12-24 15:00:00,2.6639491940809847
2021-12-24 16:00:00,1.9050610689014025
2021-12-24 17:00:00,1.1905239436603483
2021-12-24 18:00:00,0.2161099164240026
2021-12-24 19:00:00,-0.9016663339351632
2021-12-24 20:00:00,-1.2836409309756556
2021-12-24 21:00:00,-1.7930234445630928
2021-12-24 22:00:00,-2.8545666804935474
2021-12-24 23:00:00,-3.654566680493548
2021-12-25 00:00:00,-4.150245235807512
2021-12-25 01:00:00,-5.130647041665057
2021-12-25 02:00:00,-5.978486319322039
2021-12-25 03:00:00,-6.664782361048566
2021-12-25 04:00:00,-7.150245235807512
2021-12-25 05:00:00,-7.788701999877057
2021-12-25 06:00:00,-7.885213722158603
2021-12-25 07:00:00,-8.308300194019514
2021-12-25 08:00:00,-8.884380555191022
2021-12-25 09:00:00,-9.02367048622815
2021-12-25 10:00:00,-8.650089625959385
2021-12-25 11:00:00,-8.341695889187658
2021-12-25 12:00:00,-7.693856611530675
2021-12-25 13:00:00,-7.383640930975655
2021-12-25 14:00:00,-6.804165834837908
2021-12-25 15:00:00,-6.99817805621671
2021-12-25 16:00:00,-6.840029555252494
2021-12-25 17:00:00,-7.569936972702183
2021-12-25 18:00:00,-7.898917680432076
2021-12-25 19:00:00,-8.401417181334821
2021-12-25 20:00:00,-8.746756958089058
2021-12-25 21:00:00,-9.242435513403024
2021-12-25 22:00:00,-10.119349041542115
2021-12-25 23:00:00,-10.781725444440152
2021-12-26 00:00:00,-11.274842431755458
2021-12-26 01:00:00,-11.361138473481985
2021-12-26 02:00:00,-11.384224945342895
2021-12-26 03:00:00,-11.536385667685911
2021-12-26 04:00:00,-11.650922792926966
2021-12-26 05:00:00,-11.23894723568457
2021-12-26 06:00:00,-11.174748889003244
2021-12-26 07:00:00,-11.230242279216586
2021-12-26 08:00:00,-11.314871987007953
2021-12-26 09:00:00,-11.136230057837786
2021-12-26 10:00:00,-10.52950265500122
2021-12-26 11:00:00,-8.971354154037005
2021-12-26 12:00:00,-7.750922792926966
2021-12-26 13:00:00,-6.805738626020856
2021-12-26 14:00:00,-5.963053960017491
2021-12-26 15:00:00,-5.931573751384852
2021-12-26 16:00:00,-6.064875903800781
2021-12-26 17:00:00,-6.703332667870326
2021-12-26 18:00:00,-6.350550639181419
2021-12-26 23:00:00,-8.565615528016147
2021-12-27 00:00:00,-9.519442584294328
2021-12-27 01:00:00,-10.233979709535385
2021-12-27 02:00:00,-10.815121139608294
2021-12-27 03:00:00,-11.462282860145825
2021-12-27 04:00:00,-12.287806765813563
2021-12-27 05:00:00,-12.527929863818272
2021-12-27 06:00:00,-12.274935974507674
2021-12-27 07:00:00,-12.52975180760156
2021-12-27 08:00:00,-12.28009058616129
2021-12-27 09:00:00,-10.126419139731237
2021-12-27 10:00:00,-7.469197348486816
2021-12-27 11:00:00,-5.477746695106672
2021-12-27 12:00:00,-3.555306304708915
2021-12-27 13:00:00,-1.6887640669729709
2021-12-27 14:00:00,-1.637374444501622
2021-12-27 15:00:00,-1.2853693320067316
2021-12-27 16:00:00,-1.7537335135259662
2021-12-27 17:00:00,-1.978486319322039
2021-12-27 18:00:00,-1.7980845134644954
2021-12-27 19:00:00,-1.9878688329094765
2021-12-27 20:00:00,-2.3929299018108785
2021-12-27 21:00:00,-3.117776250359166
2021-12-27 22:00:00,-3.775831208571167
2021-12-27 23:00:00,-5.006727402836566
2021-12-28 00:00:00,-5.522408914741456
2021-12-28 01:00:00,-6.09135711062793
2021-12-28 02:00:00,-7.916297001928431
2021-12-28 03:00:00,-7.706330473973754
2021-12-28 04:00:00,-6.992283820347726
2021-12-28 05:00:00,-6.437467987253836
2021-12-28 06:00:00,-6.700553422927628
2021-12-28 07:00:00,-7.303270600774414
2021-12-28 08:00:00,-6.494689778498255
2021-12-28 09:00:00,-5.368364181519235
2021-12-28 10:00:00,-3.814475058145141
2021-12-28 11:00:00,-2.6119755572423964
2021-12-28 12:00:00,-1.6770070708913043
2021-12-28 13:00:00,-1.0710192922701065
2021-12-28 14:00:00,0.4855564175111604
2021-12-28 15:00:00,0.8411118748204172
2021-12-28 16:00:00,1.089784319444981
2021-12-28 17:00:00,0.7427782087555803
2021-12-28 18:00:00,0.2085493466198557
2021-12-28 19:00:00,-0.7726856262052695
2021-12-28 20:00:00,-0.802717177846785
2021-12-28 21:00:00,-2.090461876564435
2021-12-28 22:00:00,-2.722930862012783
2021-12-28 23:00:00,-2.84336222312282
2021-12-29 00:00:00,-3.340029555252493
2021-12-29 01:00:00,-3.083391778375314
2021-12-29 02:00:00,-2.3706765969175505
2021-12-29 03:00:00,-2.613454805673131
2021-12-29 04:00:00,-2.533979709535383
2021-12-29 05:00:00,-1.808238126923601
2021-12-29 06:00:00,-1.6699369727021836
2021-12-29 07:00:00,-0.5476836678088551
2021-12-29 08:00:00,-0.346079400969605
2021-12-29 09:00:00,0.1154323593045484
2021-12-29 10:00:00,2.7838280164800846
2021-12-29 11:00:00,3.953671446430053
2021-12-29 12:00:00,5.218858569927089
2021-12-29 13:00:00,5.785618484607074
2021-12-29 14:00:00,7.094105764131015
2021-12-29 15:00:00,7.240278707852836
2021-12-29 16:00:00,5.947006110689401
2021-12-29 17:00:00,4.737685664197876
2021-12-29 18:00:00,4.509538123435564
2021-12-29 19:00:00,3.6110488475226
2021-12-29 20:00:00,2.332468985448347
2021-12-29 21:00:00,2.311204457370728
2021-12-29 22:00:00,0.96586468061649
2021-12-29 23:00:00,0.4548158330938895
2021-12-30 00:00:00,-0.0212645280776192
2021-12-30 01:00:00,-0.3169430833915841
2021-12-30 02:00:00,-0.7656155280161483
2021-12-30 03:00:00,-1.1989176804320767
2021-12-30 04:00:00,-1.912621638705549
2021-12-30 05:00:00,-2.6263255969790213
2021-12-30 06:00:00,-2.9236704862281493
2021-12-30 07:00:00,-3.839196388284912
2021-12-30 08:00:00,-3.9818810542882783
2021-12-30 09:00:00,-2.451911569742676
2021-12-30 10:00:00,-1.0612940833301132
2021-12-30 11:00:00,-0.3553998474611293
2021-12-30 12:00:00,0.2130264011540181
2021-12-30 13:00:00,-0.016203459176217
2021-12-30 14:00:00,-1.0342288621357243
2021-12-30 15:00:00,-1.8564821670290528
2021-12-30 16:00:00,-2.593116987315307
2021-12-30 17:00:00,-2.795772098066179
2021-12-30 18:00:00,-3.3367283630384685
2021-12-30 19:00:00,-3.0862339746306144
2021-12-30 20:00:00,-2.3621587259539965
2021-12-30 21:00:00,-2.338456764069545
2021-12-30 22:00:00,-3.2024995009027446
2021-12-30 23:00:00,-3.15539984746113
2021-12-31 00:00:00,-3.3537335135259663
2021-12-31 01:00:00,-3.5306470416650564
2021-12-31 02:00:00,-3.815276749456421
2021-12-31 03:00:00,-3.987868832909476
2021-12-31 04:00:00,-4.60240595815053
2021-12-31 05:00:00,-5.010955304770386
2021-12-31 06:00:00,-5.171509763885132
2021-12-31 07:00:00,-5.407467027051933
2021-12-31 08:00:00,-6.351016335679181
2021-12-31 09:00:00,-4.960460916362532
2021-12-31 10:00:00,-4.208300194019514
2021-12-31 11:00:00,-3.5211709853254045
2021-12-31 12:00:00,-3.1451841669061107
2021-12-31 13:00:00,-2.894845388346384
2021-12-31 14:00:00,-2.7674374717994388
2021-12-31 15:00:00,-2.862376402898036
2021-12-31 16:00:00,-3.0699369727021835
2021-12-31 17:00:00,-3.7349684863510912
2021-12-31 18:00:00,-4.482807764008074
2021-12-31 19:00:00,-5.136634820286255
2021-12-31 20:00:00,-5.177591085258545
2021-12-31 21:00:00,-5.082745696912161
2021-12-31 22:00:00,-4.615276749456421
2021-12-31 23:00:00,-5.186202498974313
2022-01-01 00:00:00,-5.716943083391584
2022-01-01 01:00:00,-7.007716179652274
2022-01-01 02:00:00,-7.020337818357824
2022-01-01 03:00:00,-8.358117025307914
2022-01-01 04:00:00,-9.5
2022-01-01 05:00:00,-10.008300194019515
2022-01-01 06:00:00,-10.11345480567313
2022-01-01 07:00:00,-10.28354738822344
2022-01-01 08:00:00,-10.334874943598876
2022-01-01 09:00:00,-8.162376402898035
2022-01-01 10:00:00,-5.392283820347726
2022-01-01 11:00:00,-3.501728401031076
2022-01-01 12:00:00,-2.0949389310985977
2022-01-01 13:00:00,-0.6836409309756557
2022-01-01 14:00:00,0.2803082631053294
2022-01-01 15:00:00,0.6229929291086953
2022-01-01 16:00:00,0.5470061106894009
2022-01-01 17:00:00,-0.1419450417879986
2022-01-01 18:00:00,-1.5120376243383091
2022-01-01 19:00:00,-2.342622598907453
2022-01-01 20:00:00,-2.413548348425345
2022-01-01 21:00:00,-3.396511722281547
2022-01-01 22:00:00,-4.246017333873692
2022-01-01 23:00:00,-4.092190277595512
2022-01-02 00:00:00,-4.4673754047035255
2022-01-02 01:00:00,-4.706727402836566
2022-01-02 02:00:00,-4.734968486351091
2022-01-02 03:00:00,-5.032500461104648
2022-01-02 04:00:00,-3.779163876441493
2022-01-02 05:00:00,-3.031480208632638
2022-01-02 06:00:00,-2.6553998474611293
2022-01-02 07:00:00,-2.0485789018723497
2022-01-02 08:00:00,-1.3948453883463832
2022-01-02 09:00:00,-1.1005840143672398
2022-01-02 10:00:00,1.6304677897462856
2022-01-02 11:00:00,2.900093542752214
2022-01-02 12:00:00,2.6187650271748746
2022-01-02 13:00:00,2.604227901933821
2022-01-02 14:00:00,3.4392899310371265
2022-01-02 15:00:00,2.8580549582120014
2022-01-02 16:00:00,1.8230864718609092
2022-01-02 17:00:00,0.7846297077913644
2022-01-02 18:00:00,-0.6750915843557999
2022-01-02 19:00:00,-1.2162034591762172
2022-01-02 20:00:00,-2.14095626497229
2022-01-02 21:00:00,-2.4708636824219794
2022-01-02 22:00:00,-3.716109916424003
2022-01-02 23:00:00,-3.9999064572477856
2022-01-03 00:00:00,-5.23413531938351
2022-01-03 01:00:00,-5.804072292085693
2022-01-03 02:00:00,-6.546017333873692
2022-01-03 03:00:00,-6.921264528077619
2022-01-03 04:00:00,-7.611204457370727
2022-01-03 05:00:00,-7.881881054288277
2022-01-03 06:00:00,-8.765615528016149
2022-01-03 07:00:00,-8.72626352988311
2022-01-03 08:00:00,-9.03737444450162
2022-01-03 09:00:00,-6.913548348425345
2022-01-03 10:00:00,-4.129751807601562
2022-01-03 11:00:00,-1.788795542629272
2022-01-03 12:00:00,0.2889511524773995
2022-01-03 13:00:00,1.2127772485536763
2022-01-03 14:00:00,2.59077309626069
2022-01-03 15:00:00,2.510309223307233
2022-01-03 16:00:00,2.405154611653616
2022-01-03 17:00:00,1.7769135281390902
2022-01-03 18:00:00,0.4008331669675815
2022-01-03 19:00:00,-1.1711749021182338
2022-01-03 20:00:00,-0.8024995009027447
2022-01-03 21:00:00,-0.8212024609817064
2022-01-03 22:00:00,0.1582105680601286
2022-01-03 23:00:00,0.0326245952964742
2022-01-04 00:00:00,-0.6956785553139648
2022-01-04 01:00:00,-0.3178697931113801
2022-01-04 02:00:00,0.2230864718609096
2022-01-04 03:00:00,0.6233356244612513
2022-01-04 04:00:00,-0.1776531523544574
2022-01-04 05:00:00,-1.1862960417265276
2022-01-04 06:00:00,-1.7093825135874372
2022-01-04 07:00:00,-1.9434557658750344
2022-01-04 08:00:00,-2.0879623756616907
2022-01-04 09:00:00,-1.931480208632638
2022-01-04 10:00:00,-1.2562330144287108
2022-01-04 11:00:00,-0.5212645280776192
2022-01-04 12:00:00,0.4257415826117817
2022-01-04 13:00:00,0.7426846660033658
2022-01-04 14:00:00,0.8333021524159285
2022-01-04 15:00:00,0.7187650271748747
2022-01-04 16:00:00,0.1709257495178921
2022-01-04 17:00:00,-0.5683641815192346
2022-01-04 18:00:00,-1.701666333935163
2022-01-04 19:00:00,-2.4196917368946704
2022-01-04 20:00:00,-2.900093542752214
2022-01-04 21:00:00,-3.8229308620127824
2022-01-04 22:00:00,-4.280308263105329
2022-01-04 23:00:00,-5.440123098004708
2022-01-05 00:00:00,-5.661543235930455
2022-01-05 01:00:00,-6.359627749394949
2022-01-05 02:00:00,-7.396418179529332
2022-01-05 03:00:00,-7.757899348363874
2022-01-05 04:00:00,-8.256388624276838
2022-01-05 05:00:00,-7.957961415459787
2022-01-05 06:00:00,-7.804967526149188
2022-01-05 07:00:00,-7.692929901810878
2022-01-05 08:00:00,-7.54759012505664
2022-01-05 09:00:00,-5.760305306514404
2022-01-05 10:00:00,-4.422837319260568
2022-01-05 11:00:00,-2.884723250543579
2022-01-05 12:00:00,-1.624939891300501
2022-01-05 13:00:00,-0.2762674466759375
2022-01-05 14:00:00,0.9382696785651164
2022-01-05 15:00:00,1.2143500397366251
2022-01-05 16:00:00,1.4229929291086951
2022-01-05 17:00:00,0.9111109146185132
2022-01-05 18:00:00,0.1281475407623119
2022-01-05 19:00:00,-0.1315737513848524
2022-01-05 20:00:00,-0.6795065717940494
2022-01-05 21:00:00,-1.0708636824219793
2022-01-05 22:00:00,-1.6076541125563617
2022-01-05 23:00:00,-2.2366348202862545
2022-01-06 00:00:00,-3.1683641815192347
2022-01-06 01:00:00,-3.9213580708298337
2022-01-06 02:00:00,-4.294105764131016
2022-01-06 03:00:00,-4.910215680555019
2022-01-06 04:00:00,-5.315370292208636
2022-01-06 05:00:00,-5.96827063876702
2022-01-06 06:00:00,-6.290368333812221
2022-01-06 07:00:00,-6.750338778559728
2022-01-06 08:00:00,-6.958054958212001
2022-01-06 09:00:00,-5.161387626082327
2022-01-06 10:00:00,-1.7544110706454206
2022-01-06 11:00:00,0.9644474992816684
2022-01-06 12:00:00,2.0856184846070738
2022-01-06 13:00:00,2.8684262486151475
2022-01-06 14:00:00,3.2418514990357843
2022-01-06 15:00:00,2.8101221378028045
2022-01-06 16:00:00,2.4101221378028046
2022-01-06 17:00:00,1.217931860207293
2022-01-06 18:00:00,-0.1608036117150877
2022-01-06 19:00:00,-1.1410498077245042
2022-01-06 20:00:00,-1.643549308627249
2022-01-06 21:00:00,-2.5998443901518726
2022-01-06 22:00:00,-3.86064800186696
2022-01-06 23:00:00,-4.420586970958165
2022-01-07 00:00:00,-4.838612373917673
2022-01-07 01:00:00,-6.1034262106225405
2022-01-07 02:00:00,-6.075831208571167
2022-01-07 03:00:00,-6.871603306637346
2022-01-07 04:00:00,-7.988795542629273
2022-01-07 05:00:00,-7.903394734966239
2022-01-07 06:00:00,-8.276819985386876
2022-01-07 07:00:00,-8.473269640572509
2022-01-07 08:00:00,-8.914537125241054
2022-01-07 09:00:00,-6.838301154221417
2022-01-07 10:00:00,-3.41969173689467
2022-01-07 11:00:00,-0.9446001525388706
2022-01-07 12:00:00,0.9205869709581652
2022-01-07 13:00:00,2.086451651574655
2022-01-07 14:00:00,2.93935199813304
2022-01-07 15:00:00,3.3950009981945106
2022-01-07 16:00:00,3.043673442819075
2022-01-07 17:00:00,1.723826096076277
2022-01-07 18:00:00,-0.369602110935285
2022-01-07 19:00:00,-0.7658646806164899
2022-01-07 20:00:00,-1.97450756998856
2022-01-07 21:00:00,-3.1351240961992186
2022-01-07 22:00:00,-3.657377401092547
2022-01-07 23:00:00,-4.752931822214686
2022-01-08 00:00:00,-5.3488280544726905
2022-01-08 01:00:00,-5.702561567998657
2022-01-08 02:00:00,-5.860616526210659
2022-01-08 03:00:00,-6.529658264849348
2022-01-08 04:00:00,-6.739873945404367
2022-01-08 05:00:00,-7.102250348302402
2022-01-08 06:00:00,-7.725492430011439
2022-01-08 07:00:00,-7.422004152292986
2022-01-08 08:00:00,-7.489535166844639
2022-01-08 09:00:00,-5.504165834837908
2022-01-08 10:00:00,-2.1000935427522145
2022-01-08 11:00:00,0.8784863193220391
2022-01-08 12:00:00,3.3503387785597267
2022-01-08 13:00:00,5.783890083575997
2022-01-08 14:00:00,5.62308647186091
2022-01-08 15:00:00,5.349661221440273
2022-01-08 16:00:00,4.882963373856201
2022-01-08 17:00:00,4.190679553508476
2022-01-08 18:00:00,3.524814872891985
2022-01-08 19:00:00,3.053055956406512
2022-01-08 20:00:00,2.0837029980715687
2022-01-08 21:00:00,2.4205869709581647
2022-01-08 22:00:00,1.388701999877058
2022-01-08 23:00:00,1.4484232920242224
2022-01-09 00:00:00,1.829813874697475
2022-01-09 01:00:00,2.029658264849348
2022-01-09 02:00:00,2.30922690373931
2022-01-09 03:00:00,2.543829052667202
2022-01-09 04:00:00,2.682963373856201
2022-01-09 05:00:00,2.090523943660348
2022-01-09 06:00:00,0.8938566115306745
2022-01-09 07:00:00,-0.0120376243383092
2022-01-09 08:00:00,-0.3145371252410539
2022-01-09 09:00:00,-0.2272523066988174
2022-01-09 10:00:00,0.9975004990972554
2022-01-09 11:00:00,2.1085493466198555
2022-01-09 12:00:00,2.9386123739176724
2022-01-09 13:00:00,3.9950009981945103
2022-01-09 14:00:00,3.907716179652274
2022-01-09 15:00:00,4.124814872891985
2022-01-09 16:00:00,3.792345887443639
2022-01-09 17:00:00,2.864937970896694
2022-01-09 18:00:00,1.1348749435988774
2022-01-09 19:00:00,0.2076226369000598
2022-01-09 20:00:00,-1.1343844719838518
2022-01-09 21:00:00,-2.1419450417879986
2022-01-09 22:00:00,-2.6119755572423964
2022-01-09 23:00:00,-2.7402787078528354
2022-01-10 00:00:00,-3.5795065717940493
2022-01-10 01:00:00,-4.095678555313965
2022-01-10 02:00:00,-4.517931860207293
2022-01-10 03:00:00,-4.648516834776437
2022-01-10 04:00:00,-5.037623597101963
2022-01-10 05:00:00,-5.140862722220076
2022-01-10 06:00:00,-5.318858569927089
2022-01-10 07:00:00,-5.710060070706891
2022-01-10 08:00:00,-5.369103805734602
2022-01-10 09:00:00,-4.183640930975655
2022-01-10 10:00:00,-2.563209569865618
2022-01-10 11:00:00,-0.2093825135874373
2022-01-10 12:00:00,2.3366348202862546
2022-01-10 13:00:00,2.797406956345041
2022-01-10 14:00:00,3.7547222903416753
2022-01-10 15:00:00,3.53413531938351
2022-01-10 16:00:00,3.4445066097866563
2022-01-10 17:00:00,2.8445066097866563
2022-01-10 18:00:00,2.369259415582729
2022-01-10 19:00:00,2.1923458874436386
2022-01-10 20:00:00,2.101728401031076
2022-01-10 21:00:00,1.8137039582734724
2022-01-10 22:00:00,1.4034882777184536
2022-01-10 23:00:00,0.4128707913058907
2022-01-11 00:00:00,-0.0503387785597271
2022-01-11 01:00:00,-0.3178697931113801
2022-01-11 02:00:00,-0.8118820144901819
2022-01-11 03:00:00,-1.8699369727021835
2022-01-11 04:00:00,-3.2632095698656176
2022-01-11 05:00:00,-4.207560569804147
2022-01-11 06:00:00,-4.941695889187657
2022-01-11 07:00:00,-5.474998041603586
2022-01-11 08:00:00,-5.67067659691755
2022-01-11 09:00:00,-5.470676596917549
2022-01-11 10:00:00,-5.022837319260568
2022-01-11 11:00:00,-4.503239125118112
2022-01-11 12:00:00,-4.369936972702183
2022-01-11 13:00:00,-3.8974069563450406
2022-01-11 14:00:00,-3.719598194142456
2022-01-11 15:00:00,-4.140123098004708
2022-01-11 16:00:00,-3.781974597040493
2022-01-11 17:00:00,-4.3110488475226
2022-01-11 18:00:00,-4.755399847461129
2022-01-11 19:00:00,-5.003239125118112
2022-01-11 20:00:00,-5.151078402775093
2022-01-11 21:00:00,-5.712621638705549
2022-01-11 22:00:00,-6.413454805673131
2022-01-11 23:00:00,-7.478486319322038
2022-01-12 00:00:00,-7.9639491940809854
2022-01-12 01:00:00,-7.975831208571167
2022-01-12 02:00:00,-7.915121139608294
2022-01-12 03:00:00,-8.194689778498256
2022-01-12 04:00:00,-8.357899348363873
2022-01-12 05:00:00,-9.700093542752214
2022-01-12 06:00:00,-10.387713223061349
2022-01-12 07:00:00,-11.124503653195733
2022-01-12 08:00:00,-11.1331465425678
2022-01-12 09:00:00,-8.911882014490182
2022-01-12 10:00:00,-6.803239125118111
2022-01-12 11:00:00,-5.206571792988438
2022-01-12 12:00:00,-3.998022446368582
2022-01-12 13:00:00,-2.739196388284912
2022-01-12 14:00:00,-2.6537335135259656
2022-01-12 15:00:00,-2.3246592630438583
2022-01-12 16:00:00,-2.9529003465583843
2022-01-12 17:00:00,-3.7204313611100375
2022-01-12 18:00:00,-4.472592083453055
2022-01-12 19:00:00,-4.497344889249128
2022-01-12 20:00:00,-4.932406918352434
2022-01-12 21:00:00,-5.711975557242396
2022-01-12 22:00:00,-5.630000960201903
2022-01-12 23:00:00,-5.989628709596854
2022-01-13 00:00:00,-6.4008331669675815
2022-01-13 01:00:00,-5.922097695045201
2022-01-13 02:00:00,-5.424846348548288
2022-01-13 03:00:00,-4.79817805621671
2022-01-13 04:00:00,-5.190461876564435
2022-01-13 05:00:00,-5.201666333935163
2022-01-13 06:00:00,-5.979413029041835
2022-01-13 07:00:00,-5.79817805621671
2022-01-13 08:00:00,-4.612621638705549
2022-01-13 09:00:00,-4.269936972702183
2022-01-13 10:00:00,-3.770770139669765
2022-01-13 11:00:00,-2.969936972702183
2022-01-13 12:00:00,-2.7435178329709475
2022-01-13 13:00:00,-2.698178056216709
2022-01-13 14:00:00,-2.3862960417265278
2022-01-13 15:00:00,-2.5785798620742533
2022-01-13 16:00:00,-2.3699369727021837
2022-01-13 17:00:00,-2.9075605698041467
2022-01-13 18:00:00,-3.569936972702183
2022-01-13 19:00:00,-3.8938566115306745
2022-01-13 20:00:00,-4.2749980416035855
2022-01-13 21:00:00,-4.950245235807513
2022-01-13 22:00:00,-5.541695889187657
2022-01-13 23:00:00,-5.828825097881766
2022-01-14 00:00:00,-6.106571792988438
2022-01-14 01:00:00,-6.07749754250633
2022-01-14 02:00:00,-5.966355152231516
2022-01-14 03:00:00,-6.920026598661568
2022-01-14 04:00:00,-8.706665335740652
2022-01-14 05:00:00,-8.9750915843558
2022-01-14 06:00:00,-9.745277709658325
2022-01-14 07:00:00,-10.04277820875558
2022-01-14 08:00:00,-9.89660526503376
2022-01-14 09:00:00,-8.120431361110038
2022-01-14 10:00:00,-4.966542237735944
2022-01-14 11:00:00,-3.079163876441493
2022-01-14 12:00:00,-1.921108918229492
2022-01-14 13:00:00,-0.972436473604928
2022-01-14 14:00:00,-0.2887955426292722
2022-01-14 15:00:00,0.3162655262721299
2022-01-14 16:00:00,-0.0272523066988174
2022-01-14 17:00:00,-1.1470996534416154
2022-01-14 18:00:00,-2.6959277079143065
2022-01-14 19:00:00,-3.136050805919014
2022-01-14 20:00:00,-3.612964334058105
2022-01-14 21:00:00,-4.868364181519235
2022-01-14 22:00:00,-4.887129208694109
2022-01-14 23:00:00,-5.133302152415928
2022-01-15 00:00:00,-4.95904373502771
2022-01-15 01:00:00,-5.552993889310599
2022-01-15 02:00:00,-6.044350999938529
2022-01-15 03:00:00,-6.130647041665057
2022-01-15 04:00:00,-6.549350001744018
2022-01-15 05:00:00,-6.291450653380144
2022-01-15 06:00:00,-6.761543235930455
2022-01-15 07:00:00,-6.127991930914185
2022-01-15 08:00:00,-5.776080361171509
2022-01-15 09:00:00,-4.352993889310599
2022-01-15 10:00:00,-2.7623764028980364
2022-01-15 11:00:00,0.2564821670290526
2022-01-15 12:00:00,2.400833166967581
2022-01-15 13:00:00,2.665771137864276
2022-01-15 14:00:00,3.485462874758946
2022-01-15 15:00:00,4.432718138048688
2022-01-15 16:00:00,3.7861404318784007
2022-01-15 17:00:00,3.7118820144901816
2022-01-15 18:00:00,2.6161099164240023
2022-01-15 19:00:00,2.3895351668446394
2022-01-15 20:00:00,1.4417579562835698
2022-01-15 21:00:00,2.6965117222815467
2022-01-15 22:00:00,2.707716179652274
2022-01-15 23:00:00,2.352378399287057
2022-01-16 00:00:00,2.517347845840053
2022-01-16 01:00:00,2.55824204371643
2022-01-16 02:00:00,2.62651268248345
2022-01-16 03:00:00,2.2761739039237234
2022-01-16 04:00:00,2.041111874820417
2022-01-16 05:00:00,2.956482167029052
2022-01-16 06:00:00,1.4770691379872176
2022-01-16 07:00:00,0.4897843194449811
2022-01-16 08:00:00,-0.7734252504206368
2022-01-16 09:00:00,-1.0306470416650566
2022-01-16 10:00:00,-0.6015727911829487
2022-01-16 11:00:00,-0.4306470416650566
2022-01-16 12:00:00,-0.3965117222815465
2022-01-16 13:00:00,0.2975940418494697
2022-01-16 14:00:00,0.3352176389514333
2022-01-16 15:00:00,0.2086428893720701
2022-01-16 16:00:00,-0.1254924300114399
2022-01-16 17:00:00,-0.8965117222815464
2022-01-16 18:00:00,-2.0769135281390905
2022-01-16 19:00:00,-2.782068139792707
2022-01-16 20:00:00,-3.469352958334944
2022-01-16 21:00:00,-3.369197348486816
2022-01-16 22:00:00,-3.6922838203477255
2022-01-16 23:00:00,-4.181234972825125
2022-01-17 00:00:00,-3.7776531523544574
2022-01-17 01:00:00,-4.843517832970948
2022-01-17 02:00:00,-5.467437471799438
2022-01-17 03:00:00,-5.951078402775094
2022-01-17 04:00:00,-7.1718209835813855
2022-01-17 05:00:00,-8.472592083453055
2022-01-17 06:00:00,-8.226481206827149
2022-01-17 07:00:00,-8.826419139731236
2022-01-17 08:00:00,-8.869041738638689
2022-01-17 09:00:00,-6.53231337560022
2022-01-17 10:00:00,-4.002655110750872
2022-01-17 11:00:00,-2.830740584417271
2022-01-17 12:00:00,-1.3239196388284913
2022-01-17 13:00:00,0.4370395827347237
2022-01-17 14:00:00,0.8558046099095984
2022-01-17 15:00:00,0.0862960417265276
2022-01-17 16:00:00,-0.9545666804935478
2022-01-17 17:00:00,-1.7897843194449812
2022-01-17 18:00:00,-1.581079362976998
2022-01-17 19:00:00,-1.997344889249128
2022-01-17 20:00:00,-2.844350999938529
2022-01-17 21:00:00,-3.646017333873692
2022-01-17 22:00:00,-4.367437471799438
2022-01-17 23:00:00,-5.120431361110038
2022-01-18 00:00:00,-5.581141430072911
2022-01-18 01:00:00,-5.664782361048567
2022-01-18 02:00:00,-5.92972033194526
2022-01-18 03:00:00,-7.621482205021659
2022-01-18 04:00:00,-7.870030515454397
2022-01-18 05:00:00,-9.31203762433831
2022-01-18 06:00:00,-9.595281626451154
2022-01-18 07:00:00,-10.187284818542237
2022-01-18 08:00:00,-10.94959915434436
2022-01-18 09:00:00,-8.803488277718454
2022-01-18 10:00:00,-5.7879623756616905
2022-01-18 11:00:00,-3.906571792988438
2022-01-18 12:00:00,-2.838301154221418
2022-01-18 13:00:00,-1.6315737513848527
2022-01-18 14:00:00,-0.8837344737278701
2022-01-18 15:00:00,-0.6973448892491281
2022-01-18 16:00:00,-1.1255859727636544
2022-01-18 17:00:00,-1.8392899310371265
2022-01-18 18:00:00,-3.077746695106672
2022-01-18 19:00:00,-3.884723250543579
2022-01-18 20:00:00,-4.681974597040492
2022-01-18 21:00:00,-5.083640930975656
2022-01-18 22:00:00,-6.283796540823783
2022-01-18 23:00:00,-6.7470061106894
2022-01-19 00:00:00,-7.767531014551653
2022-01-19 01:00:00,-7.929074250482108
2022-01-19 02:00:00,-8.493116987315307
2022-01-19 03:00:00,-8.886202498974313
2022-01-19 04:00:00,-9.144195390090402
2022-01-19 05:00:00,-9.105738626020855
2022-01-19 06:00:00,-9.433979709535382
2022-01-19 07:00:00,-8.883485321127528
2022-01-19 08:00:00,-8.792034667747384
2022-01-19 09:00:00,-6.258981667931797
2022-01-19 10:00:00,-4.638705916669887
2022-01-19 11:00:00,-3.1368839728865963
2022-01-19 12:00:00,-0.7213265951735321
2022-01-19 13:00:00,-1.9677181000560815
2022-01-19 14:00:00,-1.430834127169485
2022-01-19 15:00:00,-0.2314802086326381
2022-01-19 16:00:00,0.0984272088170512
2022-01-19 17:00:00,-1.1162034591762169
2022-01-19 18:00:00,-1.9613876260823275
2022-01-19 19:00:00,-1.7562330144287106
2022-01-19 20:00:00,-2.822097695045201
2022-01-19 21:00:00,-3.446017333873692
2022-01-19 22:00:00,-4.920431361110038
2022-01-19 23:00:00,-5.596511722281546
2022-01-20 00:00:00,-5.9289807077298935
2022-01-20 01:00:00,-6.480214720353115
2022-01-20 02:00:00,-6.320337818357823
2022-01-20 03:00:00,-6.6622828601458215
2022-01-20 04:00:00,-7.466355152231516
2022-01-20 05:00:00,-9.473144622163993
2022-01-20 06:00:00,-9.685058112310475
2022-01-20 07:00:00,-10.421170985325404
2022-01-20 08:00:00,-10.75098486002288
2022-01-20 09:00:00,-8.614287972640712
2022-01-20 10:00:00,-5.813454805673131
2022-01-20 11:00:00,-3.752993889310599
2022-01-20 12:00:00,-1.7608036117150876
2022-01-20 13:00:00,-0.3915441961323586
2022-01-20 14:00:00,0.760616526210659
2022-01-20 15:00:00,1.248734511720477
2022-01-20 16:00:00,0.699073290280204
2022-01-20 17:00:00,-0.1522542650952318
2022-01-20 18:00:00,-1.413797501025687
2022-01-20 19:00:00,-2.243611375723161
2022-01-20 20:00:00,-2.669352958334944
2022-01-20 21:00:00,-4.3647202939526535
2022-01-20 22:00:00,-5.605154611653616
2022-01-20 23:00:00,-6.598271598968925
2022-01-21 00:00:00,-6.813641891177559
2022-01-21 01:00:00,-7.399750847399659
2022-01-21 02:00:00,-8.744444542690744
2022-01-21 03:00:00,-8.98114143007291
2022-01-21 04:00:00,-9.651171945527308
2022-01-21 05:00:00,-10.11188201449018
2022-01-21 06:00:00,-9.99975084739966
2022-01-21 07:00:00,-10.245923791121475
2022-01-21 08:00:00,-10.553733513525966
2022-01-21 09:00:00,-8.195678555313965
2022-01-21 10:00:00,-4.782068139792707
2022-01-21 11:00:00,-2.3292613359865366
2022-01-21 12:00:00,0.0409247893159883
2022-01-21 13:00:00,1.9118505388338805
2022-01-21 14:00:00,3.014350039736625
2022-01-21 15:00:00,3.872654150548968
2022-01-21 16:00:00,3.825648039859568
2022-01-21 17:00:00,3.246912567937187
2022-01-21 18:00:00,0.7886084571248435
2022-01-21 19:00:00,-0.1105583759075749
2022-01-21 20:00:00,-1.6829013067602885
2022-01-21 21:00:00,-2.8820681397927066
2022-01-21 22:00:00,-3.657315333996634
2022-01-21 23:00:00,-4.0154323593045484
2022-01-22 00:00:00,-5.207654112556361
2022-01-22 01:00:00,-5.274164874636004
2022-01-22 02:00:00,-5.179413029041834
2022-01-22 03:00:00,-4.948828054472692
2022-01-22 04:00:00,-5.239289931037127
2022-01-22 05:00:00,-5.033302152415929
2022-01-22 06:00:00,-4.502499500902744
2022-01-22 07:00:00,-4.007560569804147
2022-01-22 08:00:00,-3.52126452807762
2022-01-22 09:00:00,-2.1640427368332
2022-01-22 10:00:00,-0.8315737513848525
2022-01-22 11:00:00,1.5580549582120011
2022-01-22 12:00:00,2.676048885515207
2022-01-22 13:00:00,4.26327163696153
2022-01-22 14:00:00,5.819566718486154
2022-01-22 15:00:00,4.73493701069479
2022-01-22 16:00:00,4.01765123195065
2022-01-22 17:00:00,3.79897974752799
2022-01-22 18:00:00,2.3630224843611893
2022-01-22 19:00:00,1.7407691794678608
2022-01-22 20:00:00,1.071665373733259
2022-01-22 21:00:00,0.6905239436603483
2022-01-22 22:00:00,0.7179318602072932
2022-01-22 23:00:00,0.870248192398438
2022-01-23 00:00:00,0.871914526333601
2022-01-23 01:00:00,0.8214201379257466
2022-01-23 02:00:00,0.5744140272363457
2022-01-23 03:00:00,0.2871292086941092
2022-01-23 04:00:00,0.2795686388899623
2022-01-23 05:00:00,-0.1306470416650565
2022-01-23 06:00:00,-0.0117884717379675
2022-01-23 07:00:00,-0.6229308620127824
2022-01-23 08:00:00,-0.3887955426292722
2022-01-23 09:00:00,1.033457762264056
2022-01-23 10:00:00,2.123242081709037
2022-01-23 11:00:00,3.2420071088839117
2022-01-23 12:00:00,5.065926747712403
2022-01-23 13:00:00,5.855555457309256
2022-01-23 14:00:00,6.066510762079643
2022-01-23 15:00:00,6.6469125679371865
2022-01-23 16:00:00,5.671665373733259
2022-01-23 17:00:00,4.240769179467861
2022-01-23 18:00:00,2.134874943598877
2022-01-23 19:00:00,1.2222533048933282
2022-01-23 20:00:00,0.1325625282005613
2022-01-23 21:00:00,-1.0333956951681431
2022-01-23 22:00:00,-1.6436113757231618
2022-01-23 23:00:00,-1.919598194142456
2022-01-24 00:00:00,-2.433302152415928
2022-01-24 01:00:00,-2.840185165100621
2022-01-24 02:00:00,-2.9391963882849126
2022-01-24 03:00:00,-3.581297039921038
2022-01-24 04:00:00,-4.327563526395072
2022-01-24 05:00:00,-3.818430165407976
2022-01-24 06:00:00,-4.284045693424124
2022-01-24 07:00:00,-3.364883737386439
2022-01-24 08:00:00,-2.495530779051496
2022-01-24 09:00:00,1.0724670650445391
2022-01-24 10:00:00,4.791941124995169
2022-01-24 11:00:00,6.505956302964897
2022-01-24 12:00:00,8.285431399102645
2022-01-24 13:00:00,9.175215718547625
2022-01-24 14:00:00,8.528053998010098
2022-01-24 15:00:00,8.946912567937186
2022-01-24 16:00:00,8.666604304831857
2022-01-24 17:00:00,8.022253304893328
2022-01-24 18:00:00,7.251327555375436
2022-01-24 19:00:00,6.475924751323381
2022-01-24 20:00:00,6.0750915843558
2022-01-24 21:00:00,6.051327555375436
2022-01-24 22:00:00,5.500833166967581
2022-01-24 23:00:00,5.362376402898036
2022-01-25 00:00:00,5.063209569865618
2022-01-25 01:00:00,4.734968486351091
2022-01-25 02:00:00,4.471603306637346
2022-01-25 03:00:00,4.0640427368332
2022-01-25 04:00:00,3.118025402959508
2022-01-25 05:00:00,2.1308961942653983
2022-01-25 06:00:00,1.9308961942653984
2022-01-25 07:00:00,2.155649000061471
2022-01-25 08:00:00,2.2564821670290525
2022-01-25 09:00:00,2.594938931098598
2022-01-25 10:00:00,3.360803611715088
2022-01-25 11:00:00,3.832562528200561
2022-01-25 12:00:00,3.750494388407854
2022-01-25 13:00:00,4.573674403020979
2022-01-25 14:00:00,4.392439430195853
2022-01-25 15:00:00,5.224168791428832
2022-01-25 16:00:00,4.834384471983852
2022-01-25 17:00:00,4.558304110812343
2022-01-25 18:00:00,3.672747693301182
2022-01-25 19:00:00,2.6674374717994387
2022-01-25 20:00:00,2.249505611592145
2022-01-25 21:00:00,1.2495676786880583
2022-01-25 22:00:00,0.3161099164240026
2022-01-25 23:00:00,0.7266368166752761
2022-01-26 00:00:00,1.1129328584018037
2022-01-26 01:00:00,1.0607721360587865
2022-01-26 02:00:00,1.1495676786880584
2022-01-26 03:00:00,1.179630705985875
2022-01-26 04:00:00,0.185524941854859
2022-01-26 05:00:00,-0.6291677932343223
2022-01-26 06:00:00,-1.1393834737893411
2022-01-26 07:00:00,-1.230740584417271
2022-01-26 08:00:00,-0.7366348202862547
2022-01-26 09:00:00,-0.1127772485536764
2022-01-26 10:00:00,1.719014179775216
2022-01-26 11:00:00,3.514692735089181
2022-01-26 12:00:00,4.351483165223563
2022-01-26 13:00:00,5.089846386540894
2022-01-26 14:00:00,5.648828054472691
2022-01-26 15:00:00,5.101884010879203
2022-01-26 16:00:00,4.3094445806833495
2022-01-26 17:00:00,3.2298138746974745
2022-01-26 18:00:00,1.8187650271748748
2022-01-26 19:00:00,1.3359572631668006
2022-01-26 20:00:00,0.7068830126846926
2022-01-26 21:00:00,-0.3613876260823275
2022-01-26 22:00:00,-0.5562330144287109
2022-01-26 23:00:00,-0.1023438910546172
2022-01-27 00:00:00,-0.6058321687730708
2022-01-27 01:00:00,-1.0402787078528355
2022-01-27 02:00:00,-1.5333956951681431
2022-01-27 03:00:00,-1.9743519601404325
2022-01-27 04:00:00,-2.022191237797415
2022-01-27 05:00:00,-3.0017598766873776
2022-01-27 06:00:00,-3.240123098004708
2022-01-27 07:00:00,-3.87691352813909
2022-01-27 08:00:00,-4.514381515392927
2022-01-27 09:00:00,-3.039967488156581
2022-01-27 10:00:00,-0.5417894319398714
2022-01-27 11:00:00,0.9019775536314176
2022-01-27 12:00:00,2.1993224428805456
2022-01-27 13:00:00,2.899073290280204
2022-01-27 14:00:00,3.462438469993949
2022-01-27 15:00:00,3.188857609725185
2022-01-27 16:00:00,2.919598194142456
2022-01-27 17:00:00,1.8819745970404929
2022-01-27 18:00:00,0.0451841669061105
2022-01-27 19:00:00,-0.6693529583349433
2022-01-27 20:00:00,-1.6197852796468848
2022-01-27 21:00:00,-2.18373447372787
2022-01-27 22:00:00,-2.81604784932809
2022-01-27 23:00:00,-2.4203692940141246
2022-01-28 00:00:00,-2.1553998474611293
2022-01-28 01:00:00,-2.37691352813909
2022-01-28 02:00:00,-2.5127151814577635
2022-01-28 03:00:00,-2.6707701396697647
2022-01-28 04:00:00,-3.4102156805550186
2022-01-28 05:00:00,-4.237623597101964
2022-01-28 06:00:00,-4.402499500902745
2022-01-28 07:00:00,-4.991450653380144
2022-01-28 08:00:00,-4.292128210499598
2022-01-28 09:00:00,-2.2945962357460417
2022-01-28 10:00:00,-1.36644869498373
2022-01-28 11:00:00,-0.494689778498256
2022-01-28 12:00:00,0.136790430134382
2022-01-28 13:00:00,0.9657711378642756
2022-01-28 14:00:00,1.0836409309756556
2022-01-28 15:00:00,1.3479328204091967
2022-01-28 16:00:00,1.2180254029595077
2022-01-28 17:00:00,-0.0333021524159285
2022-01-28 18:00:00,-1.0871292086941091
2022-01-28 19:00:00,-1.6419450417879986
2022-01-28 20:00:00,-2.2248463485482874
2022-01-28 21:00:00,-2.753087432062813
2022-01-28 22:00:00,-2.857253266900721
2022-01-28 23:00:00,-2.905832168773071
2022-01-29 00:00:00,-2.5127151814577635
2022-01-29 01:00:00,-2.821264528077619
2022-01-29 02:00:00,-3.5879623756616903
2022-01-29 03:00:00,-3.6024059581505306
2022-01-29 04:00:00,-3.916016373671788
2022-01-29 05:00:00,-5.373580860268764
2022-01-29 06:00:00,-6.229074250482108
2022-01-29 07:00:00,-6.928147540762311
2022-01-29 08:00:00,-7.552993889310599
2022-01-29 09:00:00,-5.220275751261911
2022-01-29 10:00:00,-2.485984822030273
2022-01-29 11:00:00,-1.3024059581505305
2022-01-29 12:00:00,-0.7623764028980364
2022-01-29 13:00:00,0.0682706387670201
2022-01-29 14:00:00,0.0520671795908031
2022-01-29 15:00:00,0.2383632213173308
2022-01-29 16:00:00,0.0717589164854737
2022-01-29 17:00:00,-0.4829013067602885
2022-01-29 18:00:00,-1.6640427368331991
2022-01-29 19:00:00,-2.43355130501627
2022-01-29 20:00:00,-3.3019154865355045
2022-01-29 21:00:00,-4.143766985571289
2022-01-29 22:00:00,-5.108331669675815
2022-01-29 23:00:00,-5.193116987315307
2022-01-30 00:00:00,-4.856170947332798
2022-01-30 01:00:00,-5.046850500841273
2022-01-30 02:00:00,-5.564626751200439
2022-01-30 03:00:00,-6.095522945465838
2022-01-30 04:00:00,-6.060398849266619
2022-01-30 05:00:00,-7.506727402836566
2022-01-30 06:00:00,-7.490368333812221
2022-01-30 07:00:00,-8.368177096014806
2022-01-30 08:00:00,-8.805738626020856
2022-01-30 09:00:00,-6.054255460797293
2022-01-30 10:00:00,-3.658732515331456
2022-01-30 11:00:00,-1.874102807540091
2022-01-30 12:00:00,-0.6057386260208565
2022-01-30 13:00:00,0.3812970399210383
2022-01-30 14:00:00,1.3896907766927669
2022-01-30 15:00:00,1.2896907766927668
2022-01-30 16:00:00,1.0572217912444195
2022-01-30 17:00:00,0.8598769019952918
2022-01-30 18:00:00,-0.3008331669675815
2022-01-30 19:00:00,-1.2451220998101975
2022-01-30 20:00:00,-2.214225905544799
2022-01-30 21:00:00,-2.306509725892525
2022-01-30 22:00:00,-2.769781362854056
2022-01-30 23:00:00,-2.675924751323381
2022-01-31 00:00:00,-3.0715097638851323
2022-01-31 01:00:00,-4.017776250359166
2022-01-31 02:00:00,-4.963209569865617
2022-01-31 03:00:00,-5.526325596979022
2022-01-31 04:00:00,-6.622930862012781
2022-01-31 05:00:00,-6.750245235807512
2022-01-31 06:00:00,-8.269103805734602
2022-01-31 07:00:00,-8.64857890187235
2022-01-31 08:00:00,-8.400833166967582
2022-01-31 09:00:00,-5.242529056155238
2022-01-31 10:00:00,-2.0991668330324185
2022-01-31 11:00:00,0.9024995009027446
2022-01-31 12:00:00,2.239445540885254
2022-01-31 13:00:00,3.9801526532572016
2022-01-31 14:00:00,4.471852459237688
2022-01-31 15:00:00,5.080339738761632
2022-01-31 16:00:00,5.306976555436907
2022-01-31 17:00:00,4.414537125241054
2022-01-31 18:00:00,2.0357081105664587
2022-01-31 19:00:00,0.7358016533186732
2022-01-31 20:00:00,0.8049990018054893
2022-01-31 21:00:00,0.4671262521031841
2022-01-31 22:00:00,-0.1189521126793033
2022-01-31 23:00:00,-0.2623764028980364
2022-02-01 00:00:00,-0.5504943884078545
2022-02-01 01:00:00,-0.6564821670290526
2022-02-01 02:00:00,-0.3770691379872176
2022-02-01 03:00:00,-1.0855564175111605
2022-02-01 04:00:00,-2.1291677932343225
2022-02-01 05:00:00,-1.7682085716711071
2022-02-01 06:00:00,-1.843455765875034
2022-02-01 07:00:00,-1.914381515392927
2022-02-01 08:00:00,-2.352993889310599
2022-02-01 09:00:00,-1.5836409309756556
2022-02-01 10:00:00,-0.8204313611100378
2022-02-01 11:00:00,-0.4341353193835101
2022-02-01 12:00:00,0.8130264011540183
2022-02-01 13:00:00,0.3126216387055491
2022-02-01 14:00:00,0.7359572631668005
2022-02-01 15:00:00,1.0419450417879983
2022-02-01 16:00:00,0.6889511524773996
2022-02-01 17:00:00,0.3744140272363456
2022-02-01 18:00:00,-0.1734252504206367
2022-02-01 19:00:00,-0.6871292086941092
2022-02-01 20:00:00,-0.5204313611100377
2022-02-01 21:00:00,-0.4828077640080741
2022-02-01 22:00:00,-0.6255859727636544
2022-02-01 23:00:00,-1.5343844719838515
2022-02-02 00:00:00,-1.5975940418494696
2022-02-02 01:00:00,-2.0352176389514334
2022-02-02 02:00:00,-1.862376402898036
2022-02-02 03:00:00,-1.6862960417265276
2022-02-02 04:00:00,-2.011882014490182
2022-02-02 05:00:00,-2.1879623756616904
2022-02-02 06:00:00,-2.6597212921471645
2022-02-02 07:00:00,-2.6597212921471645
2022-02-02 08:00:00,-2.473425250420637
2022-02-02 09:00:00,-2.082807764008074
2022-02-02 10:00:00,-1.8092269037393096
2022-02-02 11:00:00,-1.2204313611100377
2022-02-02 12:00:00,-0.8862960417265277
2022-02-02 13:00:00,-0.6333021524159286
2022-02-02 14:00:00,-0.2751536514517128
2022-02-02 15:00:00,-0.4050610689014022
2022-02-02 16:00:00,-0.581141430072911
2022-02-02 17:00:00,-1.03413531938351
2022-02-02 18:00:00,-1.9725920834530557
2022-02-02 19:00:00,-2.9991668330324184
2022-02-02 20:00:00,-3.6658646806164894
2022-02-02 21:00:00,-4.040123098004708
2022-02-02 22:00:00,-3.705894235868984
2022-02-02 23:00:00,-3.739196388284912
2022-02-03 00:00:00,-3.7110488475226
2022-02-03 01:00:00,-3.679319486289621
2022-02-03 02:00:00,-4.283640930975656
2022-02-03 03:00:00,-4.218796502831176
2022-02-03 04:00:00,-4.177341932658203
2022-02-03 05:00:00,-3.983360302719012
2022-02-03 06:00:00,-5.368239163110719
2022-02-03 07:00:00,-6.5570661813962925
2022-02-03 08:00:00,-7.1247528057960725
2022-02-03 09:00:00,-4.836541277534041
2022-02-03 10:00:00,-2.022097695045201
2022-02-03 11:00:00,-0.9725920834530551
2022-02-03 12:00:00,0.043766985571289
2022-02-03 13:00:00,0.6889511524773996
2022-02-03 14:00:00,0.7120376243383093
2022-02-03 15:00:00,0.6709257495178922
2022-02-03 16:00:00,0.3144435824888395
2022-02-03 17:00:00,-0.7941057641310163
2022-02-03 18:00:00,-2.10864288937207
2022-02-03 19:00:00,-2.9795686388899627
2022-02-03 20:00:00,-3.533395695168143
2022-02-03 21:00:00,-4.295032473850812
2022-02-03 22:00:00,-4.284723250543578
2022-02-03 23:00:00,-4.869352958334943
2022-02-04 00:00:00,-5.05722179124442
2022-02-04 01:00:00,-5.580272101501458
2022-02-04 02:00:00,-5.632264977490249
2022-02-04 03:00:00,-5.550092485578512
2022-02-04 04:00:00,-5.353845989023552
2022-02-04 05:00:00,-5.063616851082667
2022-02-04 06:00:00,-4.699496435013163
2022-02-04 07:00:00,-4.2815761040723395
2022-02-04 08:00:00,-3.8299472215174974
2022-02-04 09:00:00,-3.3647011506059403
2022-02-04 10:00:00,-2.90592925459497
2022-02-04 11:00:00,-2.473722896741887
2022-02-04 12:00:00,-2.088173440303993
2022-02-04 13:00:00,-1.7693722485385912
2022-02-04 14:00:00,-1.5374106847029827
2022-02-04 15:00:00,-1.352993889310599
2022-02-04 16:00:00,-1.0666043048318572
2022-02-04 17:00:00,-1.7615432359304548
2022-02-04 18:00:00,-1.8702674425546415
2022-02-04 19:00:00,-2.307230748478401
2022-02-04 20:00:00,-2.837335486877266
2022-02-04 21:00:00,-3.259721292147164
2022-02-04 22:00:00,-3.6989176804320767
2022-02-04 23:00:00,-4.927158763946603
2022-02-05 00:00:00,-5.551078402775095
2022-02-05 01:00:00,-5.976664375538749
2022-02-05 02:00:00,-6.082558611407732
2022-02-05 03:00:00,-5.707249350107892
2022-02-05 04:00:00,-5.571509763885132
2022-02-05 05:00:00,-5.733886166783169
2022-02-05 06:00:00,-6.0698434299499695
2022-02-05 07:00:00,-6.332219832848005
2022-02-05 08:00:00,-6.445923791121478
2022-02-05 09:00:00,-5.776664375538748
2022-02-05 10:00:00,-4.625336820163312
2022-02-05 11:00:00,-3.216943083391584
2022-02-05 12:00:00,-2.458888125179583
2022-02-05 13:00:00,-2.135801653318673
2022-02-05 14:00:00,-1.9358016533186733
2022-02-05 15:00:00,-2.1728412360533973
2022-02-05 16:00:00,-2.7419450417879982
2022-02-05 17:00:00,-2.691357110627929
2022-02-05 18:00:00,-3.4495056115921456
2022-02-05 19:00:00,-3.665615528016148
2022-02-05 20:00:00,-3.6279919309141846
2022-02-05 21:00:00,-3.422837319260568
2022-02-05 22:00:00,-3.765615528016148
2022-02-05 23:00:00,-4.47931948628962
2022-02-06 00:00:00,-4.866448694983729
2022-02-06 01:00:00,-5.084131402590681
2022-02-06 02:00:00,-4.6285444696251234
2022-02-06 03:00:00,-4.344654386049125
2022-02-06 04:00:00,-5.656412266347481
2022-02-06 05:00:00,-7.1645332084482245
2022-02-06 06:00:00,-7.702468025246443
2022-02-06 07:00:00,-8.074009264787875
2022-02-06 08:00:00,-7.146507805488717
2022-02-06 09:00:00,-5.056139471676497
2022-02-06 10:00:00,-1.7716653737332595
2022-02-06 11:00:00,0.6892003050777413
2022-02-06 12:00:00,1.77450756998856
2022-02-06 13:00:00,2.3256795155158687
2022-02-06 14:00:00,1.5436734428190748
2022-02-06 15:00:00,1.7359572631668003
2022-02-06 16:00:00,1.2872848185422363
2022-02-06 17:00:00,0.3214201379257465
2022-02-06 18:00:00,-0.7392899310371268
2022-02-06 19:00:00,-1.5043214446860351
2022-02-06 20:00:00,-2.316203459176217
2022-02-06 21:00:00,-2.520524903862252
2022-02-06 22:00:00,-2.429907417449689
2022-02-06 23:00:00,-2.615276749456421
2022-02-07 00:00:00,-3.083640930975656
2022-02-07 01:00:00,-3.457128248492205
2022-02-07 02:00:00,-5.134968486351092
2022-02-07 03:00:00,-5.80604984571711
2022-02-07 04:00:00,-7.133240085320015
2022-02-07 05:00:00,-7.1922838203477255
2022-02-07 06:00:00,-7.7374679872538366
2022-02-07 07:00:00,-8.457159724148507
2022-02-07 08:00:00,-8.102499500902745
2022-02-07 09:00:00,-5.259721292147164
2022-02-07 10:00:00,-3.2349684863510912
2022-02-07 11:00:00,-1.4613876260823275
2022-02-07 12:00:00,-0.0998443901518726
2022-02-07 13:00:00,0.7590437350277103
2022-02-07 14:00:00,1.2060498457171112
2022-02-07 15:00:00,1.2230864718609098
2022-02-07 16:00:00,0.8478392776569825
2022-02-07 17:00:00,0.4128707913058907
2022-02-07 18:00:00,-0.052993889310599
2022-02-07 19:00:00,-0.5145371252410539
2022-02-07 20:00:00,-0.8812349728251254
2022-02-07 21:00:00,-1.2581485009642157
2022-02-07 22:00:00,-1.2777466951066718
2022-02-07 23:00:00,-1.7760803611715086
2022-02-08 00:00:00,-2.828396693362653
2022-02-08 01:00:00,-3.535062029103305
2022-02-08 02:00:00,-4.112808724209978
2022-02-08 03:00:00,-4.222930862012782
2022-02-08 04:00:00,-4.838301154221417
2022-02-08 05:00:00,-4.64154027933953
2022-02-08 06:00:00,-5.197928903616368
2022-02-08 07:00:00,-4.997928903616367
2022-02-08 08:00:00,-4.610893237674473
2022-02-08 09:00:00,-3.2151211396082937
2022-02-08 10:00:00,-0.4342288621357245
2022-02-08 11:00:00,2.3395390836374683
2022-02-08 12:00:00,3.9959277079143054
2022-02-08 13:00:00,4.634290929231637
2022-02-08 14:00:00,4.853889123374094
2022-02-08 15:00:00,4.888024442757604
2022-02-08 16:00:00,4.375986818419294
2022-02-08 17:00:00,3.6324689854483463
2022-02-08 18:00:00,2.1854628747589464
2022-02-08 19:00:00,0.7674374717994386
2022-02-08 20:00:00,-0.0521607223430175
2022-02-08 21:00:00,-1.151732317823905
2022-02-08 22:00:00,-2.399104765936505
2022-02-08 23:00:00,-2.867593081647566
2022-02-09 00:00:00,-3.405154611653616
2022-02-09 01:00:00,-3.7189206370230017
2022-02-09 02:00:00,-5.079630705985875
2022-02-09 03:00:00,-5.517192235991926
2022-02-09 04:00:00,-5.288024442757603
2022-02-09 05:00:00,-6.464875903800781
2022-02-09 06:00:00,-6.323826096076276
2022-02-09 07:00:00,-7.144350999938529
2022-02-09 08:00:00,-6.870770139669764
2022-02-09 09:00:00,-3.832468985448347
2022-02-09 10:00:00,-0.4454333195064522
2022-02-09 11:00:00,1.4452462340020236
2022-02-09 12:00:00,3.399906457247786
2022-02-09 13:00:00,5.333364219511841
2022-02-09 14:00:00,5.782869831103987
2022-02-09 15:00:00,6.8094445806833495
2022-02-09 16:00:00,6.26144969317824
2022-02-09 17:00:00,4.7580234825557
2022-02-09 18:00:00,3.1621893173936075
2022-02-09 19:00:00,2.2561394716764966
2022-02-09 20:00:00,1.7058006931167693
2022-02-09 21:00:00,1.3896907766927669
2022-02-09 22:00:00,0.6837965408237829
2022-02-09 23:00:00,0.1888576097251852
2022-02-10 00:00:00,-0.479413029041835
2022-02-10 01:00:00,-1.6620512969326495
2022-02-10 02:00:00,-2.126535907693061
2022-02-10 03:00:00,-2.450921710406421
2022-02-10 04:00:00,-2.6493041338043595
2022-02-10 05:00:00,-2.735778606618504
2022-02-10 06:00:00,-2.724440557580483
2022-02-10 07:00:00,-2.629385415421925
2022-02-10 08:00:00,-2.464708608874457
2022-02-10 09:00:00,-2.2445055666697087
2022-02-10 10:00:00,-1.9828717175393065
2022-02-10 11:00:00,-1.6939024902148794
2022-02-10 12:00:00,-1.391693313428058
2022-02-10 13:00:00,-1.090339615910466
2022-02-10 14:00:00,-0.8039368263937332
2022-02-10 15:00:00,-0.5465803736094891
2022-02-10 16:00:00,-0.33236568628936247
2022-02-10 17:00:00,-0.17538819316497833
2022-02-10 18:00:00,-0.0897433229679665
2022-02-10 19:00:00,-0.08952650442995536
2022-02-10 20:00:00,-0.1888331662825733
2022-02-10 21:00:00,0.4803703302012424
2022-02-10 22:00:00,-0.4085493466198557
2022-02-10 23:00:00,-1.6126531143618508
2022-02-11 00:00:00,-1.983796540823783
2022-02-11 01:00:00,-2.5111423902748147
2022-02-11 02:00:00,-3.299260375784633
2022-02-11 03:00:00,-3.57691352813909
2022-02-11 04:00:00,-3.982807764008074
2022-02-11 05:00:00,-4.728085473666399
2022-02-11 06:00:00,-4.933302152415928
2022-02-11 07:00:00,-4.757066181396292
2022-02-11 08:00:00,-5.487129208694109
2022-02-11 09:00:00,-2.9572217912444194
2022-02-11 10:00:00,0.6230864718609097
2022-02-11 11:00:00,3.669352958334944
2022-02-11 12:00:00,5.79759404184947
2022-02-11 13:00:00,6.707716179652275
2022-02-11 14:00:00,7.7657711378642755
2022-02-11 15:00:00,7.987191275790023
2022-02-11 16:00:00,7.830709108760971
2022-02-11 17:00:00,7.060616526210659
2022-02-11 18:00:00,5.322837319260568
2022-02-11 19:00:00,3.972592083453055
2022-02-11 20:00:00,2.693918678626588
2022-02-11 21:00:00,1.2894730997487265
2022-02-11 22:00:00,1.3401230980047083
2022-02-11 23:00:00,-0.4564200999331396
2022-02-12 00:00:00,-0.5949389310985977
2022-02-12 01:00:00,-1.800342695352556
2022-02-12 02:00:00,-1.5957720980661794
2022-02-12 03:00:00,-1.2975319747535567
2022-02-12 04:00:00,-1.1520671795908033
2022-02-12 05:00:00,-2.1419450417879986
2022-02-12 06:00:00,-1.725773058268083
2022-02-12 07:00:00,-3.008549346619856
2022-02-12 08:00:00,-2.9223468476455428
2022-02-12 09:00:00,-0.9701861253025248
2022-02-12 10:00:00,2.60944458068335
2022-02-12 11:00:00,4.683796540823783
2022-02-12 12:00:00,6.178548386417952
2022-02-12 13:00:00,8.163427246809658
2022-02-12 14:00:00,8.772654150548966
2022-02-12 15:00:00,8.570738664013463
2022-02-12 16:00:00,8.35280680380617
2022-02-12 17:00:00,7.466355152231516
2022-02-12 18:00:00,5.3357081105664586
2022-02-12 19:00:00,3.42833462626674
2022-02-12 20:00:00,1.7598769019952916
2022-02-12 21:00:00,1.727991930914185
2022-02-12 22:00:00,0.7598769019952918
2022-02-12 23:00:00,0.0195361270465432
2022-02-13 00:00:00,-1.0274079165469447
2022-02-13 01:00:00,-0.7582105680601285
2022-02-13 02:00:00,-0.8710813593660194
2022-02-13 03:00:00,-1.3694150254308566
2022-02-13 04:00:00,-1.8565442341249656
2022-02-13 05:00:00,-1.7822237496408342
2022-02-13 06:00:00,-1.8959277079143064
2022-02-13 07:00:00,-1.3282410835145262
2022-02-13 08:00:00,-1.786389584478742
2022-02-13 09:00:00,0.2393519981330396
2022-02-13 10:00:00,3.265000037992607
2022-02-13 11:00:00,6.136447734781825
2022-02-13 12:00:00,7.79558501256175
2022-02-13 13:00:00,8.999906457247786
2022-02-13 14:00:00,9.19981291449557
2022-02-13 15:00:00,9.093825135874372
2022-02-13 16:00:00,8.400552538710938
2022-02-13 17:00:00,8.16808355326259
2022-02-13 18:00:00,6.396908651144358
2022-02-13 19:00:00,4.217005150487497
2022-02-13 20:00:00,2.6
2022-02-13 21:00:00,2.551389622471349
2022-02-13 22:00:00,0.976819985386876
2022-02-13 23:00:00,0.641695889187657
2022-02-14 00:00:00,-0.9708636824219792
2022-02-14 01:00:00,-0.5152146823605082
2022-02-14 02:00:00,-1.1144435824888397
2022-02-14 03:00:00,-2.1110488475226004
2022-02-14 04:00:00,-2.44617294372182
2022-02-14 05:00:00,-3.069197348486816
2022-02-14 06:00:00,-3.5496612214402727
2022-02-14 07:00:00,-2.788211528262033
2022-02-14 08:00:00,-3.019753803990583
2022-02-14 09:00:00,-0.8864831272309563
2022-02-14 10:00:00,1.675153651451713
2022-02-14 11:00:00,4.663949194080985
2022-02-14 12:00:00,6.397500499097255
2022-02-14 13:00:00,9.270186125302525
2022-02-14 14:00:00,9.676913528139089
2022-02-14 15:00:00,9.237623597101964
2022-02-14 16:00:00,6.866635780488158
2022-02-14 17:00:00,4.316109916424002
2022-02-14 18:00:00,2.343517832970948
2022-02-14 19:00:00,1.736790430134382
2022-02-14 20:00:00,1.4333021524159286
2022-02-14 21:00:00,0.7563886242768383
2022-02-14 22:00:00,0.4085493466198557
2022-02-14 23:00:00,0.2085493466198557
2022-02-15 00:00:00,-0.1290742504821078
2022-02-15 01:00:00,-0.2777466951066719
2022-02-15 02:00:00,-0.6255859727636544
2022-02-15 03:00:00,-1.207560569804147
2022-02-15 04:00:00,-1.6734252504206366
2022-02-15 05:00:00,-2.4255859727636544
2022-02-15 06:00:00,-2.963209569865618
2022-02-15 07:00:00,-3.1358016533186728
2022-02-15 08:00:00,-3.2349684863510912
2022-02-15 09:00:00,-3.228085473666398
2022-02-15 10:00:00,-3.1093204464915245
2022-02-15 11:00:00,-2.4879623756616907
2022-02-15 12:00:00,-2.590711029164777
2022-02-15 13:00:00,-2.093116987315307
2022-02-15 14:00:00,-2.4862339746306144
2022-02-15 15:00:00,-2.904259377590122
2022-02-15 16:00:00,-3.059814834899379
2022-02-15 17:00:00,-3.155493390213344
2022-02-15 18:00:00,-3.593116987315307
2022-02-15 19:00:00,-3.940123098004708
2022-02-15 20:00:00,-4.226419139731236
2022-02-15 21:00:00,-4.526419139731235
2022-02-15 22:00:00,-4.773425250420637
2022-02-15 23:00:00,-4.542529056155239
2022-02-16 00:00:00,-4.660460916362531
2022-02-16 01:00:00,-5.327158763946603
2022-02-16 02:00:00,-5.7134548056731305
2022-02-16 03:00:00,-5.94336222312282
2022-02-16 04:00:00,-5.973269640572509
2022-02-16 05:00:00,-5.840645045276036
2022-02-16 06:00:00,-5.677435475410418
2022-02-16 07:00:00,-5.280892277472569
2022-02-16 08:00:00,-5.538207611469202
2022-02-16 09:00:00,-5.387868832909476
2022-02-16 10:00:00,-5.246850500841274
2022-02-16 11:00:00,-4.664042736833199
2022-02-16 12:00:00,-4.105894235868984
2022-02-16 13:00:00,-3.828241083514526
2022-02-16 14:00:00,-3.769936972702183
2022-02-16 15:00:00,-4.212715181457764
2022-02-16 16:00:00,-4.059043735027711
2022-02-16 17:00:00,-3.8760803611715087
2022-02-16 18:00:00,-4.559721292147165
2022-02-16 19:00:00,-4.793856611530675
2022-02-16 20:00:00,-4.8844740979432375
2022-02-16 21:00:00,-5.444350999938529
2022-02-16 22:00:00,-5.87848631932204
2022-02-16 23:00:00,-6.792190277595512
2022-02-17 00:00:00,-7.163949194080985
2022-02-17 01:00:00,-7.197251346496914
2022-02-17 02:00:00,-6.931386665880424
2022-02-17 03:00:00,-6.765521985263934
2022-02-17 04:00:00,-6.88271422125586
2022-02-17 05:00:00,-6.921170985325404
2022-02-17 06:00:00,-7.394596235746043
2022-02-17 07:00:00,-7.737374444501622
2022-02-17 08:00:00,-7.532219832848005
2022-02-17 09:00:00,-6.79376306877846
2022-02-17 10:00:00,-5.84675695808906
2022-02-17 11:00:00,-5.205738626020857
2022-02-17 12:00:00,-4.827252306698818
2022-02-17 13:00:00,-4.139383473789341
2022-02-17 14:00:00,-3.521451613582048
2022-02-17 15:00:00,-2.8378106826063925
2022-02-17 16:00:00,-2.419785279646885
2022-02-17 17:00:00,-2.934228862135724
2022-02-17 18:00:00,-3.97691352813909
2022-02-17 19:00:00,-4.777902304954799
2022-02-17 20:00:00,-5.155649000061471
2022-02-17 21:00:00,-5.632562528200561
2022-02-17 22:00:00,-6.739445540885255
2022-02-17 23:00:00,-6.876080361171509
2022-02-18 00:00:00,-7.749754764192486
2022-02-18 01:00:00,-8.377902304954798
2022-02-18 02:00:00,-9.12574158261178
2022-02-18 03:00:00,-9.366604304831856
2022-02-18 04:00:00,-9.7050610689014
2022-02-18 05:00:00,-9.710309223307233
2022-02-18 06:00:00,-9.886451651574657
2022-02-18 07:00:00,-10.097500499097256
2022-02-18 08:00:00,-8.755711067157383
2022-02-18 09:00:00,-5.916881016295671
2022-02-18 10:00:00,-2.956482167029052
2022-02-18 11:00:00,0.085462874758946
2022-02-18 12:00:00,1.570925749517892
2022-02-18 13:00:00,3.8955850125617504
2022-02-18 14:00:00,4.518765027174875
2022-02-18 15:00:00,5.363365179713745
2022-02-18 16:00:00,4.805061068901402
2022-02-18 17:00:00,4.282869831103987
2022-02-18 18:00:00,2.581881054288278
2022-02-18 19:00:00,1.4518180269904617
2022-02-18 20:00:00,0.192096734843297
2022-02-18 21:00:00,-0.2154638349608498
2022-02-18 22:00:00,-0.1282410835145263
2022-02-18 23:00:00,-0.8794130290418349
2022-02-19 00:00:00,-1.0657090707683627
2022-02-19 01:00:00,-0.895616488218052
2022-02-19 02:00:00,-0.9708636824219792
2022-02-19 03:00:00,-0.7495056115921456
2022-02-19 04:00:00,-1.750338778559727
2022-02-19 05:00:00,-1.5289186406339808
2022-02-19 06:00:00,-1.5579928911160883
2022-02-19 07:00:00,-2.423764028980364
2022-02-19 08:00:00,-2.473425250420637
2022-02-19 09:00:00,-0.5476836678088551
2022-02-19 10:00:00,0.7899399292931084
2022-02-19 11:00:00,1.2966673321296738
2022-02-19 12:00:00,1.307716179652274
2022-02-19 13:00:00,1.689690776692767
2022-02-19 14:00:00,2.6958341651620925
2022-02-19 15:00:00,3.1734252504206366
2022-02-19 16:00:00,2.8520671795908026
2022-02-19 17:00:00,1.6478392776569826
2022-02-19 18:00:00,0.6230864718609097
2022-02-19 19:00:00,-1.0710192922701065
2022-02-19 20:00:00,-1.967531014551653
2022-02-19 21:00:00,-2.758148500964216
2022-02-19 22:00:00,-3.269936972702183
2022-02-19 23:00:00,-3.5647823610485667
2022-02-20 00:00:00,-3.7612940833301134
2022-02-20 01:00:00,-3.5706765969175507
2022-02-20 02:00:00,-3.77931948628962
2022-02-20 03:00:00,-4.379319486289621
2022-02-20 04:00:00,-4.779319486289621
2022-02-20 05:00:00,-4.974164874636004
2022-02-20 06:00:00,-5.516109916424003
2022-02-20 07:00:00,-5.704072292085693
2022-02-20 08:00:00,-5.408300194019514
2022-02-20 09:00:00,-4.63654127753404
2022-02-20 10:00:00,-3.957066181396293
2022-02-20 11:00:00,-3.129813874697475
2022-02-20 12:00:00,-2.517098693239712
2022-02-20 13:00:00,-2.3315737513848527
2022-02-20 14:00:00,-2.0785798620742533
2022-02-20 15:00:00,-1.4897843194449814
2022-02-20 16:00:00,-1.3581485009642156
2022-02-20 17:00:00,-1.338456764069545
2022-02-20 18:00:00,-2.395678555313965
2022-02-20 19:00:00,-3.2879623756616905
2022-02-20 20:00:00,-3.794105764131016
2022-02-20 21:00:00,-4.164291889433541
2022-02-20 22:00:00,-4.588305071014246
2022-02-20 23:00:00,-3.752254265095232
2022-02-21 00:00:00,-3.9753407369561415
2022-02-21 01:00:00,-3.728085473666399
2022-02-21 02:00:00,-4.370863682421978
2022-02-21 03:00:00,-5.542622598907453
2022-02-21 04:00:00,-6.438456764069546
2022-02-21 05:00:00,-7.405925711525285
2022-02-21 06:00:00,-7.433084475471888
2022-02-21 07:00:00,-8.275769141475253
2022-02-21 08:00:00,-7.261481168834541
2022-02-21 09:00:00,-4.671852459237687
2022-02-21 10:00:00,-0.9052481544058312
2022-02-21 11:00:00,2.8804953486097578
2022-02-21 12:00:00,4.140278707852835
2022-02-21 13:00:00,4.573518793172852
2022-02-21 14:00:00,5.129385470178363
2022-02-21 15:00:00,4.51786979311138
2022-02-21 16:00:00,3.672685626205269
2022-02-21 17:00:00,2.2521607223430173
2022-02-21 18:00:00,0.5102156805550189
2022-02-21 19:00:00,-0.714537125241054
2022-02-21 20:00:00,-1.455649000061471
2022-02-21 21:00:00,-1.7051546116536165
2022-02-21 22:00:00,-1.852993889310599
2022-02-21 23:00:00,-1.8451841669061104
2022-02-22 00:00:00,-2.00240595815053
2022-02-22 01:00:00,-2.576819985386876
2022-02-22 02:00:00,-2.7502452358075127
2022-02-22 03:00:00,-2.998084513464495
2022-02-22 04:00:00,-3.614287972640712
2022-02-22 05:00:00,-3.8263255969790215
2022-02-22 06:00:00,-4.177653152354457
2022-02-22 07:00:00,-4.895678555313964
2022-02-22 08:00:00,-4.669936972702183
2022-02-22 09:00:00,-3.694689778498256
2022-02-22 10:00:00,-2.499011223184291
2022-02-22 11:00:00,-1.7262635298831086
2022-02-22 12:00:00,-0.8160478493280897
2022-02-22 13:00:00,-0.3093204464915243
2022-02-22 14:00:00,0.2838586079196958
2022-02-22 15:00:00,-0.0794130290418349
2022-02-22 16:00:00,-0.7196917368946705
2022-02-22 17:00:00,-1.1487659873767786
2022-02-22 18:00:00,-2.039289931037126
2022-02-22 19:00:00,-2.886296041726528
2022-02-22 20:00:00,-3.5024995009027444
2022-02-22 21:00:00,-3.2819745970404925
2022-02-22 22:00:00,-4.5
2022-02-22 23:00:00,-5.33413531938351
2022-02-23 00:00:00,-5.805894235868983
2022-02-23 01:00:00,-5.852900346558385
2022-02-23 02:00:00,-5.859627749394949
2022-02-23 03:00:00,-6.227065221194389
2022-02-23 04:00:00,-6.426232054226807
2022-02-23 05:00:00,-7.276975595235003
2022-02-23 06:00:00,-8.242871751507794
2022-02-23 07:00:00,-8.735311181703647
2022-02-23 08:00:00,-8.379817791490304
2022-02-23 09:00:00,-6.1049990018054885
2022-02-23 10:00:00,-4.383485321127528
2022-02-23 11:00:00,-2.8758312085711677
2022-02-23 12:00:00,-2.496605265033761
2022-02-23 13:00:00,-1.810309223307233
2022-02-23 14:00:00,-1.8675310145516533
2022-02-23 15:00:00,-1.98555641751116
2022-02-23 16:00:00,-2.135062029103306
2022-02-23 17:00:00,-2.430740584417271
2022-02-23 18:00:00,-2.7008331669675814
2022-02-23 19:00:00,-3.458054958212001
2022-02-23 20:00:00,-3.51969173689467
2022-02-23 21:00:00,-4.011975557242396
2022-02-23 22:00:00,-3.0707701396697646
2022-02-23 23:00:00,-3.354566680493548
2022-02-24 00:00:00,-4.474935974507672
2022-02-24 01:00:00,-4.692003192091082
2022-02-24 02:00:00,-5.124721330139772
2022-02-24 03:00:00,-6.743766985571288
2022-02-24 04:00:00,-7.99478332125047
2022-02-24 05:00:00,-8.519536127046543
2022-02-24 06:00:00,-9.564136279585414
2022-02-24 07:00:00,-9.53570811056646
2022-02-24 08:00:00,-8.792034667747384
2022-02-24 09:00:00,-4.840185165100621
2022-02-24 10:00:00,-2.1342288621357244
2022-02-24 11:00:00,-0.4630539600174905
2022-02-24 12:00:00,0.6563886242768382
2022-02-24 13:00:00,2.0573774010925474
2022-02-24 14:00:00,2.510371290403146
2022-02-24 15:00:00,3.317192235991926
2022-02-24 16:00:00,3.010371290403146
2022-02-24 17:00:00,2.798427208817051
2022-02-24 18:00:00,1.5804018058575438
2022-02-24 19:00:00,-0.2934282070115619
2022-02-24 20:00:00,-1.0470061106894009
2022-02-24 21:00:00,-2.0314802086326385
2022-02-24 22:00:00,-2.898333666064837
2022-02-24 23:00:00,-3.378579862074253
2022-02-25 00:00:00,-2.819504651390241
2022-02-25 01:00:00,-3.4238260960762767
2022-02-25 02:00:00,-3.217098693239711
2022-02-25 03:00:00,-3.993669526026245
2022-02-25 04:00:00,-4.455150694860787
2022-02-25 05:00:00,-5.178392776569824
2022-02-25 06:00:00,-5.915121139608294
2022-02-25 07:00:00,-5.809133360987095
2022-02-25 08:00:00,-4.268854653134261
2022-02-25 09:00:00,-1.1485789018723498
2022-02-25 10:00:00,2.328241083514526
2022-02-25 11:00:00,6.491544196132359
2022-02-25 12:00:00,8.463303112617831
2022-02-25 13:00:00,9.149661221440272
2022-02-25 14:00:00,9.237717139854178
2022-02-25 15:00:00,9.459814834899378
2022-02-25 16:00:00,8.849661221440272
2022-02-25 17:00:00,8.1691038057346
2022-02-25 18:00:00,6.277808762202585
2022-02-25 19:00:00,4.228209607858225
2022-02-25 20:00:00,3.6204934282059504
2022-02-25 21:00:00,2.722899386356481
2022-02-25 22:00:00,2.9033947349662386
2022-02-25 23:00:00,1.7705209870694232
2022-02-26 00:00:00,2.1398739454043665
2022-02-26 01:00:00,2.466604304831857
2022-02-26 02:00:00,2.404999001805489
2022-02-26 03:00:00,1.527158763946603
2022-02-26 04:00:00,2.253243041910941
2022-02-26 05:00:00,2.450743541008196
2022-02-26 06:00:00,2.5771626807394323
2022-02-26 07:00:00,2.506976555436907
2022-02-26 08:00:00,3.308798499220197
2022-02-26 09:00:00,5.236050805919016
2022-02-26 10:00:00,7.723086471860909
2022-02-26 11:00:00,9.322253304893326
2022-02-26 12:00:00,10.22913631757802
2022-02-26 13:00:00,10.46586468061649
2022-02-26 14:00:00,10.66163677868267
2022-02-26 15:00:00,9.78030826310533
2022-02-26 16:00:00,9.828980707729892
2022-02-26 17:00:00,8.658054958212
2022-02-26 18:00:00,7.80422790193382
2022-02-26 19:00:00,7.628303150610439
2022-02-26 20:00:00,7.040278707852836
2022-02-26 21:00:00,3.997344889249128
2022-02-26 22:00:00,2.785462874758946
2022-02-26 23:00:00,2.3265747495793634
2022-02-27 00:00:00,1.451389622471349
2022-02-27 01:00:00,1.201728401031076
2022-02-27 02:00:00,0.9291363175780208
2022-02-27 03:00:00,0.2369145643262078
2022-02-27 04:00:00,0.1233041488049499
2022-02-27 05:00:00,-0.0870050745022832
2022-02-27 06:00:00,-1.2639806697372864
2022-02-27 07:00:00,-1.685462874758946
2022-02-27 08:00:00,-0.8036438875665809
2022-02-27 09:00:00,2.0153702922086354
2022-02-27 10:00:00,4.94719319619383
2022-02-27 11:00:00,6.625001958396414
2022-02-27 12:00:00,8.54719319619383
2022-02-27 13:00:00,10.05324304191094
2022-02-27 14:00:00,10.65225426509523
2022-02-27 15:00:00,10.414381515392924
2022-02-27 16:00:00,9.771758916485473
2022-02-27 17:00:00,8.669936972702184
2022-02-27 18:00:00,6.894845388346384
2022-02-27 19:00:00,4.581359107016951
2022-02-27 20:00:00,3.407560569804147
2022-02-27 21:00:00,2.480152653257202
2022-02-27 22:00:00,2.3573774010925472
2022-02-27 23:00:00,1.6691038057346017
2022-02-28 00:00:00,1.7254924300114398
2022-02-28 01:00:00,1.7851516550626914
2022-02-28 02:00:00,1.5554313231174308
2022-02-28 03:00:00,1.3733631833247235
2022-02-28 04:00:00,0.421046851133579
2022-02-28 05:00:00,-1.0245036531957312
2022-02-28 06:00:00,-0.789503691188338
2022-02-28 07:00:00,-0.8313245987845108
2022-02-28 08:00:00,0.7153082251127225
2022-02-28 09:00:00,2.9289186406339804
2022-02-28 10:00:00,5.289535166844639
2022-02-28 11:00:00,7.908549346619855
2022-02-28 12:00:00,9.029969484545605
2022-02-28 13:00:00,10.494689778498255
2022-02-28 14:00:00,11.249350001744018
2022-02-28 15:00:00,11.701666333935162
2022-02-28 16:00:00,11.746850500841273
2022-02-28 17:00:00,11.470614529821637
2022-02-28 18:00:00,10.448516834776436
2022-02-28 19:00:00,8.939258455380825
2022-02-28 20:00:00,6.76327163696153
2022-02-28 21:00:00,6.38213020688862
2022-02-28 22:00:00,6.482807764008074
2022-02-28 23:00:00,5.794105764131016
2022-03-01 00:00:00,5.5138595681216
2022-03-01 01:00:00,5.3508370837604105
2022-03-01 02:00:00,5.558491196316771
2022-03-01 03:00:00,6.26265703115468
2022-03-01 04:00:00,6.859814834899378
2022-03-01 05:00:00,4.464229822337629
2022-03-01 06:00:00,3.81546383496085
2022-03-01 07:00:00,4.158086433868303
2022-03-01 08:00:00,4.0256795155158684
2022-03-01 09:00:00,4.966791390336286
2022-03-01 10:00:00,6.835311181703648
2022-03-01 11:00:00,8.510558375907575
2022-03-01 12:00:00,8.187067141598195
2022-03-01 13:00:00,7.18978431944498
2022-03-01 14:00:00,8.645277709658325
2022-03-01 15:00:00,7.905894235868984
2022-03-01 16:00:00,6.991357110627929
2022-03-01 17:00:00,6.876080361171509
2022-03-01 18:00:00,5.615370292208636
2022-03-01 19:00:00,3.2905239436603484
2022-03-01 20:00:00,1.90762263690006
2022-03-01 21:00:00,1.2273143737947303
2022-03-01 22:00:00,0.564937970896694
2022-03-01 23:00:00,0.5314802086326381
2022-03-02 00:00:00,0.2058942358689837
2022-03-02 01:00:00,-0.7916998059804858
2022-03-02 02:00:00,-1.694876864002685
2022-03-02 03:00:00,-2.577069137987217
2022-03-02 04:00:00,-3.090711029164777
2022-03-02 05:00:00,-3.382161682544921
2022-03-02 06:00:00,-3.507747655308576
2022-03-02 07:00:00,-3.6624699456502494
2022-03-02 08:00:00,-2.805154611653617
2022-03-02 09:00:00,0.4461729437218193
2022-03-02 10:00:00,3.412131167090524
2022-03-02 11:00:00,5.1249084156442
2022-03-02 12:00:00,6.818181012807635
2022-03-02 13:00:00,8.618952112679303
2022-03-02 14:00:00,8.40802739934853
2022-03-02 15:00:00,8.869415025430856
2022-03-02 16:00:00,8.958981667931798
2022-03-02 17:00:00,8.241945041787998
2022-03-02 18:00:00,6.594012221378803
2022-03-02 19:00:00,4.154473137741333
2022-03-02 20:00:00,2.4656775951120613
2022-03-02 21:00:00,1.5614496931782402
2022-03-02 22:00:00,2.239289931037127
2022-03-02 23:00:00,1.757377401092547
2022-03-03 00:00:00,1.1570661813962924
2022-03-03 01:00:00,1.399844390151873
2022-03-03 02:00:00,0.972436473604928
2022-03-03 03:00:00,1.1587325153314556
2022-03-03 04:00:00,1.149350001744018
2022-03-03 05:00:00,0.6519430453989772
2022-03-03 06:00:00,0.4118199473942689
2022-03-03 07:00:00,-0.4076226369000598
2022-03-03 08:00:00,0.4146306679932683
2022-03-03 09:00:00,3.5359572631668
2022-03-03 10:00:00,6.291450653380144
2022-03-03 11:00:00,8.368519791367362
2022-03-03 12:00:00,9.850587931160067
2022-03-03 13:00:00,11.38478531763949
2022-03-03 14:00:00,11.932468985448343
2022-03-03 15:00:00,11.135863720414587
2022-03-03 16:00:00,11.080214720353116
2022-03-03 17:00:00,9.431448732976335
2022-03-03 18:00:00,8.22629412132272
2022-03-03 19:00:00,6.065677595112061
2022-03-03 20:00:00,4.46703270935097
2022-03-03 21:00:00,3.283329711279401
2022-03-03 22:00:00,1.9774975425063304
2022-03-03 23:00:00,2.0706765969175502
2022-03-04 00:00:00,1.4305534989128423
2022-03-04 01:00:00,-0.239445540885254
2022-03-04 02:00:00,-0.0717589164854737
2022-03-04 03:00:00,-0.829813874697475
2022-03-04 04:00:00,-1.0716033066373465
2022-03-04 05:00:00,-1.1220976950452008
2022-03-04 06:00:00,-0.9689481958864744
2022-03-04 07:00:00,-0.4153702922086354
2022-03-04 08:00:00,1.378829014674595
2022-03-04 09:00:00,5.468208571671108
2022-03-04 10:00:00,8.831573751384852
2022-03-04 11:00:00,11.79919830868872
2022-03-04 12:00:00,13.79237736309994
2022-03-04 13:00:00,15.732406918352437
2022-03-04 14:00:00,15.133052999815586
2022-03-04 15:00:00,14.83654127753404
2022-03-04 16:00:00,13.824659263043856
2022-03-04 17:00:00,12.599906457247783
2022-03-04 18:00:00,11.670832206765676
2022-03-04 19:00:00,10.464937970896694
2022-03-04 20:00:00,9.311944081586097
2022-03-04 21:00:00,8.726481206827149
2022-03-04 22:00:00,7.931635818480764
2022-03-04 23:00:00,7.210277747650931
2022-03-05 00:00:00,6.175153651451713
2022-03-05 01:00:00,5.157221791244419
2022-03-05 02:00:00,4.221264528077619
2022-03-05 03:00:00,3.1682706387670203
2022-03-05 04:00:00,2.3588881251795826
2022-03-05 05:00:00,1.965771137864276
2022-03-05 06:00:00,1.679475096137748
2022-03-05 07:00:00,1.3187650271748743
2022-03-05 08:00:00,1.6265747495793632
2022-03-05 09:00:00,2.5932725971634345
2022-03-05 10:00:00,3.781390582673253
2022-03-05 11:00:00,4.6736744030209785
2022-03-05 12:00:00,5.141111874820417
2022-03-05 13:00:00,5.348765987376778
2022-03-05 14:00:00,5.392439430195853
2022-03-05 15:00:00,5.695772098066179
2022-03-05 16:00:00,5.041945041787999
2022-03-05 17:00:00,4.415370292208635
2022-03-05 18:00:00,3.009382513587437
2022-03-05 19:00:00,2.017931860207293
2022-03-05 20:00:00,1.3905239436603485
2022-03-05 21:00:00,1.0572217912444195
2022-03-05 22:00:00,1.2257415826117817
2022-03-05 23:00:00,0.3588881251795829
2022-03-06 00:00:00,-0.6032706007744133
2022-03-06 01:00:00,-0.1461729437218193
2022-03-06 02:00:00,-0.7342288621357245
2022-03-06 03:00:00,0.2285523032107809
2022-03-06 04:00:00,0.8054037642539582
2022-03-06 05:00:00,0.5505879311600688
2022-03-06 06:00:00,0.2634587224659597
2022-03-06 07:00:00,0.2035818204706679
2022-03-06 08:00:00,0.8549093758461039
2022-03-06 09:00:00,2.253243041910941
2022-03-06 10:00:00,3.077069137987217
2022-03-06 11:00:00,3.8710813593660194
2022-03-06 12:00:00,4.273425250420637
2022-03-06 13:00:00,4.715276749456421
2022-03-06 14:00:00,4.53413531938351
2022-03-06 15:00:00,4.784629707791364
2022-03-06 16:00:00,4.434135319383509
2022-03-06 17:00:00,4.0991668330324185
2022-03-06 18:00:00,3.1110488475226004
2022-03-06 19:00:00,1.5965117222815466
2022-03-06 20:00:00,0.8913571106279299
2022-03-06 21:00:00,0.0204934282059506
2022-03-06 22:00:00,-1.2155259020567626
2022-03-06 23:00:00,-1.6941057641310162
2022-03-07 00:00:00,-2.23855030682176
2022-03-07 01:00:00,-2.564969446552995
2022-03-07 02:00:00,-2.807654112556361
2022-03-07 03:00:00,-2.658304110812343
2022-03-07 04:00:00,-3.5812349728251256
2022-03-07 05:00:00,-3.72308647186091
2022-03-07 06:00:00,-4.063209569865618
2022-03-07 07:00:00,-3.789877862197196
2022-03-07 08:00:00,-2.9127151814577634
2022-03-07 09:00:00,-0.3145371252410539
2022-03-07 10:00:00,2.022992929108695
2022-03-07 11:00:00,4.400093542752215
2022-03-07 12:00:00,5.775247194203928
2022-03-07 13:00:00,6.62731437379473
2022-03-07 14:00:00,7.232468985448346
2022-03-07 15:00:00,7.526481206827149
2022-03-07 16:00:00,6.911017371866299
2022-03-07 17:00:00,5.932281899943918
2022-03-07 18:00:00,5.1331150669115
2022-03-07 19:00:00,3.9195046513902416
2022-03-07 20:00:00,3.4529003465583843
2022-03-07 21:00:00,2.782807764008074
2022-03-07 22:00:00,0.9759247513233814
2022-03-07 23:00:00,0.4699369727021832
2022-03-08 00:00:00,-0.3137975010256867
2022-03-08 01:00:00,-1.1966052650337609
2022-03-08 02:00:00,-0.9514210981276504
2022-03-08 03:00:00,-1.6094760563396515
2022-03-08 04:00:00,-2.381079362976998
2022-03-08 05:00:00,-2.4477772105610693
2022-03-08 06:00:00,-2.904999001805489
2022-03-08 07:00:00,-2.4742584173882185
2022-03-08 08:00:00,-1.1016663339351631
2022-03-08 09:00:00,2.31364189117756
2022-03-08 10:00:00,6.04959915434436
2022-03-08 11:00:00,7.929813874697475
2022-03-08 12:00:00,9.512037624338308
2022-03-08 13:00:00,11.14876598737678
2022-03-08 14:00:00,12.001604266839252
2022-03-08 15:00:00,12.07268562620527
2022-03-08 16:00:00,11.256295081524623
2022-03-08 17:00:00,9.22953324644083
2022-03-08 18:00:00,7.558701039675153
2022-03-08 19:00:00,6.716016373671788
2022-03-08 20:00:00,5.582558611407732
2022-03-08 21:00:00,4.233302152415928
2022-03-08 22:00:00,2.966293085135602
2022-03-08 23:00:00,1.802250348302403
2022-03-09 00:00:00,1.590368333812221
2022-03-09 01:00:00,0.8074049599560196
2022-03-09 02:00:00,0.1493185260877168
2022-03-09 03:00:00,0.3274079165469447
2022-03-09 04:00:00,1.378891081770508
2022-03-09 05:00:00,1.6180254029595074
2022-03-09 06:00:00,1.9529938893105991
2022-03-09 07:00:00,2.0376235971019634
2022-03-09 08:00:00,2.873580860268764
2022-03-09 09:00:00,4.900155609848127
2022-03-09 10:00:00,6.597344889249127
2022-03-09 11:00:00,7.27108135936602
2022-03-09 12:00:00,9.21867148442266
2022-03-09 13:00:00,11.531697885576676
2022-03-09 14:00:00,12.82987594179339
2022-03-09 15:00:00,13.452067179590802
2022-03-09 16:00:00,12.027189355386213
2022-03-09 17:00:00,11.140644161059344
2022-03-09 18:00:00,8.595304384305107
2022-03-09 19:00:00,6.015183206704207
2022-03-09 20:00:00,4.562282860145823
2022-03-09 21:00:00,3.6159543065758752
2022-03-09 22:00:00,3.1792574191937075
2022-03-09 23:00:00,2.616725406447544
2022-03-10 00:00:00,1.3894730997487266
2022-03-10 01:00:00,1.3288250978817664
2022-03-10 02:00:00,0.4629289416089748
2022-03-10 03:00:00,-0.0307405844172709
2022-03-10 04:00:00,0.101666333935163
2022-03-10 05:00:00,0.2752471942039272
2022-03-10 06:00:00,0.0214201379257465
2022-03-10 07:00:00,0.417931860207293
2022-03-10 08:00:00,1.6068830126846927
2022-03-10 09:00:00,4.228980707729893
2022-03-10 10:00:00,8.013548348425346
2022-03-10 11:00:00,8.882620678503645
2022-03-10 12:00:00,12.328887164977678
2022-03-10 13:00:00,15.049505611592144
2022-03-10 14:00:00,16.05700411430038
2022-03-10 15:00:00,16.163209569865618
2022-03-10 16:00:00,16.42052490386225
2022-03-10 17:00:00,14.589690776692766
2022-03-10 18:00:00,12.452806803806167
2022-03-10 19:00:00,9.889286014244298
2022-03-10 20:00:00,8.579841433560947
2022-03-10 21:00:00,7.611570794793927
2022-03-10 22:00:00,7.33132459878451
2022-03-10 23:00:00,5.420213684165997
2022-03-11 00:00:00,4.242684666003366
2022-03-11 01:00:00,3.866697847584071
2022-03-11 02:00:00,2.851171945527309
2022-03-11 03:00:00,2.7700305154543976
2022-03-11 04:00:00,2.4548779001898025
2022-03-11 05:00:00,3.051327555375436
2022-03-11 06:00:00,2.911882014490182
2022-03-11 07:00:00,3.537717139854178
2022-03-11 08:00:00,4.535279706047346
2022-03-11 09:00:00,5.9557110671573845
2022-03-11 10:00:00,8.085369332006731
2022-03-11 11:00:00,10.013516872769044
2022-03-11 12:00:00,11.652744736710256
2022-03-11 13:00:00,15.02126452807762
2022-03-11 14:00:00,16.164782361048566
2022-03-11 15:00:00,16.85629508152462
2022-03-11 16:00:00,15.783547388223443
2022-03-11 17:00:00,16.342684666003368
2022-03-11 18:00:00,15.3331465425678
2022-03-11 19:00:00,13.643424290218732
2022-03-11 20:00:00,12.60481191630106
2022-03-11 21:00:00,11.545184166906113
2022-03-11 22:00:00,10.27848631932204
2022-03-11 23:00:00,9.210893237674473
2022-03-12 00:00:00,8.120182208509696
2022-03-12 01:00:00,7.750151693055299
2022-03-12 02:00:00,7.162376402898036
2022-03-12 03:00:00,6.11502759685608
2022-03-12 04:00:00,4.741789431939871
2022-03-12 05:00:00,6.010893237674473
2022-03-12 06:00:00,4.516141392080304
2022-03-12 07:00:00,5.799260375784632
2022-03-12 08:00:00,7.195678555313965
2022-03-12 09:00:00,8.759814834899379
2022-03-12 10:00:00,11.973331707668422
2022-03-12 11:00:00,14.673331707668424
2022-03-12 12:00:00,18.041695889187658
2022-03-12 13:00:00,19.04518416690611
2022-03-12 14:00:00,21.36472029395265
2022-03-12 15:00:00,19.965459918168023
2022-03-12 16:00:00,17.84052002686752
2022-03-12 17:00:00,16.387035665941895
2022-03-12 18:00:00,15.653733513525967
2022-03-12 19:00:00,15.023826096076276
2022-03-12 20:00:00,14.60339473496624
2022-03-12 21:00:00,14.71808747005542
2022-03-12 22:00:00,14.86608235756053
2022-03-12 23:00:00,13.967009067280326
2022-03-13 00:00:00,14.57290330314931
2022-03-13 01:00:00,14.776485123619976
2022-03-13 02:00:00,15.867780167151995
2022-03-13 03:00:00,15.838705916669884
2022-03-13 04:00:00,12.673145506380685
2022-03-13 05:00:00,12.883890083575997
2022-03-13 06:00:00,12.607716179652275
2022-03-13 07:00:00,12.175153651451712
2022-03-13 08:00:00,11.975986818419294
2022-03-13 09:00:00,11.943517832970947
2022-03-13 10:00:00,12.066604304831856
2022-03-13 11:00:00,12.117931860207293
2022-03-13 12:00:00,12.132468985448346
2022-03-13 13:00:00,12.109382513587438
2022-03-13 14:00:00,10.793241121507132
2022-03-13 15:00:00,11.258210568060129
2022-03-13 16:00:00,11.072436473604927
2022-03-13 17:00:00,10.427220831042517
2022-03-13 18:00:00,10.489597233940552
2022-03-13 19:00:00,10.49475184559417
2022-03-13 20:00:00,10.613610415521258
2022-03-13 21:00:00,9.798084513464495
2022-03-13 22:00:00,9.958794582427368
2022-03-13 23:00:00,9.862282860145822
2022-03-14 00:00:00,9.309966527954677
2022-03-14 01:00:00,8.78694212318968
2022-03-14 02:00:00,8.715183206704205
2022-03-14 03:00:00,9.178392776569824
2022-03-14 04:00:00,9.067343929047224
2022-03-14 05:00:00,9.277653152354455
2022-03-14 06:00:00,9.706727402836565
2022-03-14 07:00:00,9.94518416690611
2022-03-14 08:00:00,10.493856611530674
2022-03-14 09:00:00,10.723826096076277
2022-03-14 10:00:00,12.1331465425678
2022-03-14 11:00:00,13.205738626020857
2022-03-14 12:00:00,13.076726442634662
2022-03-14 13:00:00,10.762282860145822
2022-03-14 14:00:00,9.729813874697474
2022-03-14 15:00:00,8.92391963882849
2022-03-14 16:00:00,8.547006110689402
2022-03-14 17:00:00,8.087129208694108
2022-03-14 18:00:00,7.284629707791364
2022-03-14 19:00:00,6.670925749517892
2022-03-14 20:00:00,6.1607100689628735
2022-03-14 21:00:00,5.655555457309257
2022-03-14 22:00:00,5.3333021524159285
2022-03-14 23:00:00,4.422992929108696
2022-03-15 00:00:00,4.049412068839931
2022-03-15 01:00:00,3.966604304831857
2022-03-15 02:00:00,2.962282860145822
2022-03-15 03:00:00,2.128147540762312
2022-03-15 04:00:00,1.974164874636004
2022-03-15 05:00:00,2.0399360125002794
2022-03-15 06:00:00,1.7749044988513711
2022-03-15 07:00:00,1.8021568055501889
2022-03-15 08:00:00,2.8176827076069517
2022-03-15 09:00:00,4.241851499035784
2022-03-15 10:00:00,6.3580549582120005
2022-03-15 11:00:00,8.104321444686034
2022-03-15 12:00:00,9.839967488156582
2022-03-15 13:00:00,10.72830315061044
2022-03-15 14:00:00,11.569197348486815
2022-03-15 15:00:00,11.631542275728547
2022-03-15 16:00:00,12.43237544269613
2022-03-15 17:00:00,11.757961415459786
2022-03-15 18:00:00,10.49292990181088
2022-03-15 19:00:00,9.089348081340212
2022-03-15 20:00:00,8.279965567752773
2022-03-15 21:00:00,6.77067659691755
2022-03-15 22:00:00,5.621170985325405
2022-03-15 23:00:00,5.070676596917551
2022-03-16 00:00:00,3.680985820224784
2022-03-16 01:00:00,3.370925749517892
2022-03-16 02:00:00,2.8057386260208563
2022-03-16 03:00:00,2.56827063876702
2022-03-16 04:00:00,2.0451841669061106
2022-03-16 05:00:00,1.9064782502362236
2022-03-16 06:00:00,1.8095381234355643
2022-03-16 07:00:00,1.5776531523544577
2022-03-16 08:00:00,2.080463872953457
2022-03-16 09:00:00,4.250400845655641
2022-03-16 10:00:00,7.128980707729894
2022-03-16 11:00:00,9.52913631757802
2022-03-16 12:00:00,11.903394734966238
2022-03-16 13:00:00,13.51185053883388
2022-03-16 14:00:00,15.071820983581386
2022-03-16 15:00:00,14.50743555139563
2022-03-16 16:00:00,13.783360302719014
2022-03-16 17:00:00,12.779038858032976
2022-03-16 18:00:00,11.224316567691302
2022-03-16 19:00:00,10.091107958027589
2022-03-16 20:00:00,9.02126452807762
2022-03-16 21:00:00,8.28796237566169
2022-03-16 22:00:00,7.914537125241054
2022-03-16 23:00:00,7.788951152477399
2022-03-17 00:00:00,7.675091584355799
2022-03-17 01:00:00,7.586296041726527
2022-03-17 02:00:00,7.548672444624564
2022-03-17 03:00:00,7.3889511524774
2022-03-17 04:00:00,7.214537125241053
2022-03-17 05:00:00,6.987962375661692
2022-03-17 06:00:00,6.864042736833199
2022-03-17 07:00:00,6.948672444624563
2022-03-17 08:00:00,7.258054958212001
2022-03-17 09:00:00,7.690523943660349
2022-03-17 10:00:00,8.156295081524624
2022-03-17 11:00:00,9.19574062240988
2022-03-17 12:00:00,10.240091622348409
2022-03-17 13:00:00,10.256201538772409
2022-03-17 14:00:00,11.020399885453736
2022-03-17 15:00:00,11.496418179529332
2022-03-17 16:00:00,11.622992929108694
2022-03-17 17:00:00,11.135863720414587
2022-03-17 18:00:00,10.275153651451712
2022-03-17 19:00:00,9.59317905441122
2022-03-17 20:00:00,9.055555457309255
2022-03-17 21:00:00,8.755555457309256
2022-03-17 22:00:00,8.455555457309256
2022-03-17 23:00:00,7.714537125241054
2022-03-18 00:00:00,7.314537125241053
2022-03-18 01:00:00,6.703488277718454
2022-03-18 02:00:00,6.575247194203927
2022-03-18 03:00:00,6.275247194203928
2022-03-18 04:00:00,6.074414027236346
2022-03-18 05:00:00,5.865031513648908
2022-03-18 06:00:00,5.802655110750871
2022-03-18 07:00:00,5.888951152477399
2022-03-18 08:00:00,6.336790430134382
2022-03-18 09:00:00,6.72308647186091
2022-03-18 10:00:00,7.374414027236346
2022-03-18 11:00:00,8.076080361171508
2022-03-18 12:00:00,8.884629707791364
2022-03-18 13:00:00,9.056388624276838
2022-03-18 14:00:00,9.340029555252492
2022-03-18 15:00:00,9.666604304831855
2022-03-18 16:00:00,9.38030826310533
2022-03-18 17:00:00,9.479475096137747
2022-03-18 18:00:00,8.951234012623221
2022-03-18 19:00:00,8.309382513587437
2022-03-18 20:00:00,7.989784319444981
2022-03-18 21:00:00,7.504321444686035
2022-03-18 22:00:00,7.066697847584071
2022-03-18 23:00:00,6.397500499097255
2022-03-19 00:00:00,5.879475096137748
2022-03-19 01:00:00,5.669259415582729
2022-03-19 02:00:00,4.4127772485536765
2022-03-19 03:00:00,2.9940122213788016
2022-03-19 04:00:00,2.6641983466813266
2022-03-19 05:00:00,2.3813905826732524
2022-03-19 06:00:00,2.496760874881888
2022-03-19 07:00:00,2.558304110812343
2022-03-19 08:00:00,3.601082319567923
2022-03-19 09:00:00,3.736050805919015
2022-03-19 10:00:00,4.383890083575997
2022-03-19 11:00:00,5.2598148348993785
2022-03-19 12:00:00,5.676080361171509
2022-03-19 13:00:00,6.266853457432199
2022-03-19 14:00:00,4.702655110750872
2022-03-19 15:00:00,4.603488277718453
2022-03-19 16:00:00,4.541945041787999
2022-03-19 17:00:00,4.241945041787998
2022-03-19 18:00:00,4.207809722404488
2022-03-19 19:00:00,4.129229860330235
2022-03-19 20:00:00,3.9145371252410537
2022-03-19 21:00:00,3.8129643340581048
2022-03-19 22:00:00,3.232562528200561
2022-03-19 23:00:00,2.6608036117150875
2022-03-20 00:00:00,2.2486103775286512
2022-03-20 01:00:00,2.6170366261437987
2022-03-20 02:00:00,2.913548348425345
2022-03-20 03:00:00,2.8385503068217592
2022-03-20 04:00:00,2.97450756998856
2022-03-20 05:00:00,2.997438432001342
2022-03-20 06:00:00,2.375924751323381
2022-03-20 07:00:00,2.7812349728251253
2022-03-20 08:00:00,3.907809722404489
2022-03-20 09:00:00,4.783890083575997
2022-03-20 10:00:00,5.82833462626674
2022-03-20 11:00:00,6.453149499158727
2022-03-20 12:00:00,7.338518831165458
2022-03-20 13:00:00,7.575247194203927
2022-03-20 14:00:00,8.3529938893106
2022-03-20 15:00:00,7.831542275728552
2022-03-20 16:00:00,7.778641929170167
2022-03-20 17:00:00,7.171758916485473
2022-03-20 18:00:00,5.661543235930455
2022-03-20 19:00:00,4.205894235868984
2022-03-20 20:00:00,3.552900346558385
2022-03-20 21:00:00,3.003394734966239
2022-03-20 22:00:00,2.2597833592430776
2022-03-20 23:00:00,1.8095381234355643
2022-03-21 00:00:00,1.5641983466813267
2022-03-21 01:00:00,1.0240752486766187
2022-03-21 02:00:00,0.586451651574655
2022-03-21 03:00:00,0.3249084156442001
2022-03-21 04:00:00,-0.5426846660033658
2022-03-21 05:00:00,-0.905894235868984
2022-03-21 06:00:00,-1.650338778559727
2022-03-21 07:00:00,-1.060554459114746
2022-03-21 08:00:00,0.8096316661877789
2022-03-21 09:00:00,3.583890083575997
2022-03-21 10:00:00,5.017931860207293
2022-03-21 11:00:00,6.199073290280204
2022-03-21 12:00:00,7.65040084565564
2022-03-21 13:00:00,8.837685664197878
2022-03-21 14:00:00,9.51543235930455
2022-03-21 15:00:00,8.50580069311677
2022-03-21 16:00:00,7.966355152231515
2022-03-21 17:00:00,6.869843429949968
2022-03-21 18:00:00,6.192929901810879
2022-03-21 19:00:00,5.39376306877846
2022-03-21 20:00:00,4.907467027051933
2022-03-21 21:00:00,4.588701999877058
2022-03-21 22:00:00,4.403239125118112
2022-03-21 23:00:00,4.217776250359166
2022-03-22 00:00:00,3.8400295552524937
2022-03-22 01:00:00,3.989106762325527
2022-03-22 02:00:00,3.1682706387670203
2022-03-22 03:00:00,2.908549346619856
2022-03-22 04:00:00,2.247099653441615
2022-03-22 05:00:00,1.963303112617832
2022-03-22 06:00:00,1.1676245573038675
2022-03-22 07:00:00,1.0574088767488483
2022-03-22 08:00:00,2.253243041910941
2022-03-22 09:00:00,5.093521749763776
2022-03-22 10:00:00,6.79500099819451
2022-03-22 11:00:00,8.055555457309257
2022-03-22 12:00:00,9.287191275790022
2022-03-22 13:00:00,10.127127288290302
2022-03-22 14:00:00,10.416171983519916
2022-03-22 15:00:00,10.760616526210658
2022-03-22 16:00:00,10.85040084565564
2022-03-22 17:00:00,9.779381553385534
2022-03-22 18:00:00,8.058701039675153
2022-03-22 19:00:00,6.674904498851371
2022-03-22 20:00:00,5.869843429949968
2022-03-22 21:00:00,4.96827063876702
2022-03-22 22:00:00,4.08796237566169
2022-03-22 23:00:00,3.027158763946603
2022-03-23 00:00:00,2.340029555252494
2022-03-23 01:00:00,2.5134548056731303
2022-03-23 02:00:00,2.157961415459787
2022-03-23 03:00:00,2.037530054349749
2022-03-23 04:00:00,1.8921902775955115
2022-03-23 05:00:00,2.08271422125586
2022-03-23 06:00:00,2.387868832909476
2022-03-23 07:00:00,2.444350999938529
2022-03-23 08:00:00,3.1744140272363457
2022-03-23 09:00:00,4.461543235930455
2022-03-23 10:00:00,5.572747693301182
2022-03-23 11:00:00,6.965187123497036
2022-03-23 12:00:00,7.915525902056762
2022-03-23 13:00:00,7.698333666064837
2022-03-23 14:00:00,8.044444542690744
2022-03-23 15:00:00,8.440123098004708
2022-03-23 16:00:00,8.694105764131017
2022-03-23 17:00:00,7.642684666003365
2022-03-23 18:00:00,7.205061068901402
2022-03-23 19:00:00,6.569103805734601
2022-03-23 20:00:00,5.592190277595512
2022-03-23 21:00:00,5.670092582550311
2022-03-23 22:00:00,5.374258417388218
2022-03-23 23:00:00,4.486296041726527
2022-03-24 00:00:00,3.681974597040493
2022-03-24 01:00:00,3.5110488475226003
2022-03-24 02:00:00,3.525585972763654
2022-03-24 03:00:00,3.3503387785597267
2022-03-24 04:00:00,3.199104765936505
2022-03-24 05:00:00,2.3429652942600088
2022-03-24 06:00:00,2.453982666126308
2022-03-24 07:00:00,3.162563488402465
2022-03-24 08:00:00,4.645277709658325
2022-03-24 09:00:00,6.425001958396415
2022-03-24 10:00:00,9.3668849330885
2022-03-24 11:00:00,10.482255225297136
2022-03-24 12:00:00,10.80864288937207
2022-03-24 13:00:00,12.2050610689014
2022-03-24 14:00:00,14.06648017064003
2022-03-24 15:00:00,13.436634820286251
2022-03-24 16:00:00,14.280246196009417
2022-03-24 17:00:00,13.516016373671787
2022-03-24 18:00:00,12.44941206883993
2022-03-24 19:00:00,10.583547388223442
2022-03-24 20:00:00,9.188608457124843
2022-03-24 21:00:00,8.321170985325404
2022-03-24 22:00:00,7.696262569681204
2022-03-24 23:00:00,7.603083515269984
2022-03-25 00:00:00,7.588639932781145
2022-03-25 01:00:00,7.135708110566458
2022-03-25 02:00:00,5.188701999877058
2022-03-25 03:00:00,5.27931948628962
2022-03-25 04:00:00,4.78172544444015
2022-03-25 05:00:00,4.515370292208636
2022-03-25 06:00:00,4.316943083391584
2022-03-25 07:00:00,4.648672444624564
2022-03-25 08:00:00,6.110215680555019
2022-03-25 09:00:00,9.056170947332795
2022-03-25 10:00:00,11.84336222312282
2022-03-25 11:00:00,14.774414027236348
2022-03-25 12:00:00,17.11527674945642
2022-03-25 13:00:00,17.723024404764995
2022-03-25 14:00:00,18.429074250482103
2022-03-25 15:00:00,18.34867244462456
2022-03-25 16:00:00,17.711048847522598
2022-03-25 17:00:00,17.120431361110036
2022-03-25 18:00:00,16.83231337560022
2022-03-25 19:00:00,16.459721292147165
2022-03-25 20:00:00,12.686880056093766
2022-03-25 21:00:00,12.051849502646764
2022-03-25 22:00:00,11.9331465425678
2022-03-25 23:00:00,12.134812876502965
2022-03-26 00:00:00,12.952993889310598
2022-03-26 01:00:00,13.00083316696758
2022-03-26 02:00:00,13.173425250420635
2022-03-26 03:00:00,13.469197348486816
2022-03-26 04:00:00,13.703488277718453
2022-03-26 05:00:00,13.24533977675424
2022-03-26 06:00:00,12.441757956283569
2022-03-26 07:00:00,10.833208609663714
2022-03-26 08:00:00,9.675986818419291
2022-03-26 09:00:00,9.675153651451712
2022-03-26 10:00:00,9.256388624276838
2022-03-26 11:00:00,9.76586468061649
2022-03-26 12:00:00,9.533302152415928
2022-03-26 13:00:00,10.613703958273472
2022-03-26 14:00:00,11.186202498974314
2022-03-26 15:00:00,12.368519791367362
2022-03-26 16:00:00,13.695865640818392
2022-03-26 17:00:00,13.876173903923725
2022-03-26 18:00:00,12.331480208632636
2022-03-26 19:00:00,9.994845388346382
2022-03-26 20:00:00,8.510122137802805
2022-03-26 21:00:00,7.330709108760971
2022-03-26 22:00:00,7.04018516510062
2022-03-26 23:00:00,6.869165872830514
2022-03-27 00:00:00,6.032375442696132
2022-03-27 01:00:00,5.154566680493547
2022-03-27 02:00:00,4.683640930975656
2022-03-27 03:00:00,3.7220662193888994
2022-03-27 04:00:00,3.775153651451713
2022-03-27 05:00:00,3.079537163233661
2022-03-27 06:00:00,2.6085493466198555
2022-03-27 07:00:00,2.745433319506452
2022-03-27 08:00:00,4.904414987438249
2022-03-27 09:00:00,7.590617486412562
2022-03-27 10:00:00,10.206976555436906
2022-03-27 11:00:00,11.95142109812765
2022-03-27 12:00:00,11.785307264910816
2022-03-27 13:00:00,11.497189279401
2022-03-27 14:00:00,11.505894235868984
2022-03-27 15:00:00,11.344350999938529
2022-03-27 16:00:00,10.69135711062793
2022-03-27 17:00:00,9.959721292147163
2022-03-27 18:00:00,8.663949194080985
2022-03-27 19:00:00,7.203239125118111
2022-03-27 20:00:00,6.163949194080985
2022-03-27 21:00:00,5.472498540700841
2022-03-27 22:00:00,5.626325596979021
2022-03-27 23:00:00,5.383640930975655
2022-03-28 00:00:00,5.063949194080985
2022-03-28 01:00:00,4.3193490415421145
2022-03-28 02:00:00,3.1385503068217595
2022-03-28 03:00:00,1.6803082631053292
2022-03-28 04:00:00,0.7461729437218194
2022-03-28 05:00:00,0.4273143737947303
2022-03-28 06:00:00,-0.6769135281390903
2022-03-28 07:00:00,-0.3237640289803639
2022-03-28 08:00:00,2.006727402836565
2022-03-28 09:00:00,4.974414027236346
2022-03-28 10:00:00,7.717838317455079
2022-03-28 11:00:00,9.518733551518574
2022-03-28 12:00:00,11.264011261176895
2022-03-28 13:00:00,12.27771521945037
2022-03-28 14:00:00,12.769999039798098
2022-03-28 15:00:00,13.281047887320696
2022-03-28 16:00:00,12.834937010694787
2022-03-28 17:00:00,12.1492249833355
2022-03-28 18:00:00,10.90721787445159
2022-03-28 19:00:00,8.701230095830391
2022-03-28 20:00:00,7.137187358997194
2022-03-28 21:00:00,5.659472139546822
2022-03-28 22:00:00,4.472436473604928
2022-03-28 23:00:00,4.45722179124442
2022-03-29 00:00:00,3.5826521541599465
2022-03-29 01:00:00,2.714350039736625
2022-03-29 02:00:00,2.6126216387055488
2022-03-29 03:00:00,0.9512340126232216
2022-03-29 04:00:00,1.3018219437832903
2022-03-29 05:00:00,1.0358637204145862
2022-03-29 06:00:00,1.3018219437832903
2022-03-29 07:00:00,1.4835473882234411
2022-03-29 08:00:00,4.334540081831979
2022-03-29 09:00:00,8.389628709596854
2022-03-29 10:00:00,11.273425250420637
2022-03-29 11:00:00,13.481234972825124
2022-03-29 12:00:00,14.986389584478744
2022-03-29 13:00:00,15.928241083514523
2022-03-29 14:00:00,16.9451220998102
2022-03-29 15:00:00,15.655461914557044
2022-03-29 16:00:00,14.861262607673812
2022-03-29 17:00:00,14.313516872769044
2022-03-29 18:00:00,13.151140469871006
2022-03-29 19:00:00,11.692929901810878
2022-03-29 20:00:00,10.408977751138968
2022-03-29 21:00:00,9.727003154098476
2022-03-29 22:00:00,8.035458957966117
2022-03-29 23:00:00,7.237374444501622
2022-03-30 00:00:00,6.712621638705548
2022-03-30 01:00:00,5.442435513403025
2022-03-30 02:00:00,5.48953516684464
2022-03-30 03:00:00,4.799073290280203
2022-03-30 04:00:00,4.397344889249128
2022-03-30 05:00:00,3.671758916485474
2022-03-30 06:00:00,3.5923458874436385
2022-03-30 07:00:00,4.284785317639492
2022-03-30 08:00:00,6.894751845594168
2022-03-30 09:00:00,9.144101847338186
2022-03-30 10:00:00,11.153484360925624
2022-03-30 11:00:00,13.32972033194526
2022-03-30 12:00:00,13.697928903616369
2022-03-30 13:00:00,14.24518416690611
2022-03-30 14:00:00,14.94252905615524
2022-03-30 15:00:00,13.285213722158602
2022-03-30 16:00:00,12.354722290341677
2022-03-30 17:00:00,12.373425250420636
2022-03-30 18:00:00,12.362376402898036
2022-03-30 19:00:00,12.080308263105328
2022-03-30 20:00:00,11.007467027051932
2022-03-30 21:00:00,10.43654127753404
2022-03-30 22:00:00,9.769103805734602
2022-03-30 23:00:00,9.087868832909477
2022-03-31 00:00:00,9.163949194080985
2022-03-31 01:00:00,8.66827063876702
2022-03-31 02:00:00,8.323919638828492
2022-03-31 03:00:00,8.165031513648907
2022-03-31 04:00:00,8.062376402898035
2022-03-31 05:00:00,8.113703958273472
2022-03-31 06:00:00,8.186296041726527
2022-03-31 07:00:00,8.2
2022-03-31 08:00:00,8.63413531938351
2022-03-31 09:00:00,9.765771137864276
2022-03-31 10:00:00,11.052067179590804
2022-03-31 11:00:00,11.70422790193382
2022-03-31 12:00:00,12.358888125179584
2022-03-31 13:00:00,12.71444358248884
2022-03-31 14:00:00,12.14252905615524
2022-03-31 15:00:00,11.93148020863264
2022-03-31 16:00:00,11.90422790193382
2022-03-31 17:00:00,11.230740584417273
2022-03-31 18:00:00,10.429074250482108
2022-03-31 19:00:00,9.124752805796073
2022-03-31 20:00:00,7.96827063876702
2022-03-31 21:00:00,7.531480208632638
2022-03-31 22:00:00,6.803332667870326
2022-03-31 23:00:00,6.169936972702183
2022-04-01 00:00:00,6.421170985325405
2022-04-01 01:00:00,5.9980845134644944
2022-04-01 02:00:00,6.4110488475226
2022-04-01 03:00:00,4.709966527954677
2022-04-01 04:00:00,5.386451651574655
2022-04-01 05:00:00,4.531324598784511
2022-04-01 06:00:00,5.056326557180925
2022-04-01 07:00:00,5.2205869709581645
2022-04-01 08:00:00,6.969259415582728
2022-04-01 09:00:00,8.799906457247786
2022-04-01 10:00:00,10.86487590380078
2022-04-01 11:00:00,11.439289931037129
2022-04-01 12:00:00,12.202561567998655
2022-04-01 13:00:00,13.066759914679984
2022-04-01 14:00:00,13.90422790193382
2022-04-01 15:00:00,13.680214720353112
2022-04-01 16:00:00,13.055368371804828
2022-04-01 17:00:00,12.169010262982386
2022-04-01 18:00:00,11.232219832848005
2022-04-01 19:00:00,9.20058401436724
2022-04-01 20:00:00,7.627158763946602
2022-04-01 21:00:00,6.611882014490181
2022-04-01 22:00:00,4.9640427368332
2022-04-01 23:00:00,4.010060070706891
2022-04-02 00:00:00,3.616109916424002
2022-04-02 01:00:00,3.1435178329709474
2022-04-02 02:00:00,2.0365412775340404
2022-04-02 03:00:00,1.662282860145822
2022-04-02 04:00:00,0.7810478873206965
2022-04-02 05:00:00,-0.023180014613124
2022-04-02 06:00:00,-0.0606480018669603
2022-04-02 07:00:00,0.3230864718609097
2022-04-02 08:00:00,2.676080361171509
2022-04-02 09:00:00,5.663209569865618
2022-04-02 10:00:00,7.817098693239711
2022-04-02 11:00:00,9.390679553508477
2022-04-02 12:00:00,11.35123401262322
2022-04-02 13:00:00,11.720431361110036
2022-04-02 14:00:00,12.600895234063492
2022-04-02 15:00:00,12.293918678626587
2022-04-02 16:00:00,11.614505649584752
2022-04-02 17:00:00,11.14012309800471
2022-04-02 18:00:00,9.558888125179582
2022-04-02 19:00:00,8.3
2022-04-02 20:00:00,6.925585972763654
2022-04-02 21:00:00,5.552900346558385
2022-04-02 22:00:00,4.299011223184291
2022-04-02 23:00:00,3.744195390090401
2022-04-03 00:00:00,3.181141430072911
2022-04-03 01:00:00,2.8607100689628733
2022-04-03 02:00:00,2.1161099164240027
2022-04-03 03:00:00,1.687191275790022
2022-04-03 04:00:00,0.6973448892491281
2022-04-03 05:00:00,0.3102156805550188
2022-04-03 06:00:00,-0.1581485009642157
2022-04-03 07:00:00,0.3341353193835101
2022-04-03 08:00:00,2.994167831226929
2022-04-03 09:00:00,6.223919638828491
2022-04-03 10:00:00,8.647161720537529
2022-04-03 11:00:00,10.592345887443638
2022-04-03 12:00:00,12.344662219634785
2022-04-03 13:00:00,13.691512720476055
2022-04-03 14:00:00,14.30845580386764
2022-04-03 15:00:00,14.540924789315987
2022-04-03 16:00:00,14.00422790193382
2022-04-03 17:00:00,13.696511722281546
2022-04-03 18:00:00,12.388857609725186
2022-04-03 19:00:00,10.992283820347726
2022-04-03 20:00:00,9.338456764069546
2022-04-03 21:00:00,8.124846348548287
2022-04-03 22:00:00,6.828023406570486
2022-04-03 23:00:00,5.864875903800781
2022-04-04 00:00:00,4.227991930914184
2022-04-04 01:00:00,3.473331707668422
2022-04-04 02:00:00,2.9724985407008413
2022-04-04 03:00:00,2.9479013447528954
2022-04-04 04:00:00,2.1640427368332
2022-04-04 05:00:00,1.603239125118112
2022-04-04 06:00:00,0.9401851651006212
2022-04-04 07:00:00,1.2555554573092569
2022-04-04 08:00:00,4.331791428328892
2022-04-04 09:00:00,7.552067179590804
2022-04-04 10:00:00,10.474414027236346
2022-04-04 11:00:00,13.350649998255982
2022-04-04 12:00:00,14.43935199813304
2022-04-04 13:00:00,14.989690776692768
2022-04-04 14:00:00,15.456450691372751
2022-04-04 15:00:00,15.124814872891983
2022-04-04 16:00:00,14.580214720353114
2022-04-04 17:00:00,13.889597233940552
2022-04-04 18:00:00,12.483609455319352
2022-04-04 19:00:00,10.49475184559417
2022-04-04 20:00:00,9.281047887320696
2022-04-04 21:00:00,7.942373446307112
2022-04-04 22:00:00,6.678486319322039
2022-04-04 23:00:00,5.025243277411098
2022-04-05 00:00:00,4.512777248553676
2022-04-05 01:00:00,3.408300194019514
2022-04-05 02:00:00,2.849412068839931
2022-04-05 03:00:00,2.438456764069545
2022-04-05 04:00:00,1.757377401092547
2022-04-05 05:00:00,1.4026551107508718
2022-04-05 06:00:00,1.5710192922701065
2022-04-05 07:00:00,1.8957720980661792
2022-04-05 08:00:00,3.985462874758946
2022-04-05 09:00:00,7.103239125118112
2022-04-05 10:00:00,10.298084513464495
2022-04-05 11:00:00,12.50663386008435
2022-04-05 12:00:00,14.456233014428712
2022-04-05 13:00:00,15.8529938893106
2022-04-05 14:00:00,16.2470061106894
2022-04-05 15:00:00,16.53679043013438
2022-04-05 16:00:00,15.62388816317219
2022-04-05 17:00:00,14.988701999877058
2022-04-05 18:00:00,13.690523943660349
2022-04-05 19:00:00,11.651973636838589
2022-04-05 20:00:00,10.275737665818951
2022-04-05 21:00:00,8.831448732976337
2022-04-05 22:00:00,8.0690723300783
2022-04-05 23:00:00,7.027127288290302
2022-04-06 00:00:00,6.441508803683228
2022-04-06 01:00:00,6.081787511536064
2022-04-06 02:00:00,6.049162916239589
2022-04-06 03:00:00,5.914443582488839
2022-04-06 04:00:00,6.170092582550311
2022-04-06 05:00:00,6.453827056278181
2022-04-06 06:00:00,6.630647041665057
2022-04-06 07:00:00,7.418765027174874
2022-04-06 08:00:00,8.171758916485473
2022-04-06 09:00:00,9.461543235930456
2022-04-06 10:00:00,10.328980707729892
2022-04-06 11:00:00,11.699073290280204
2022-04-06 12:00:00,13.045246234002024
2022-04-06 13:00:00,14.758950192275496
2022-04-06 14:00:00,14.910184204898716
2022-04-06 15:00:00,15.623732553324064
2022-04-06 16:00:00,15.08777529015726
2022-04-06 17:00:00,14.303301192214024
2022-04-06 18:00:00,12.98428701243881
2022-04-06 19:00:00,10.709966527954675
2022-04-06 20:00:00,8.84154027933953
2022-04-06 21:00:00,8.368364181519233
2022-04-06 22:00:00,7.397866836520455
2022-04-06 23:00:00,7.188701999877058
2022-04-07 00:00:00,6.955337780365216
2022-04-07 01:00:00,7.377746695106671
2022-04-07 02:00:00,7.135801653318673
2022-04-07 03:00:00,7.064782361048566
2022-04-07 04:00:00,7.304072292085694
2022-04-07 05:00:00,7.681141430072911
2022-04-07 06:00:00,7.241018332068203
2022-04-07 07:00:00,7.2657711378642755
2022-04-07 08:00:00,7.967437471799438
2022-04-07 09:00:00,10.087284818542235
2022-04-07 10:00:00,13.109476056339652
2022-04-07 11:00:00,14.50864288937207
2022-04-07 12:00:00,15.316359069024344
2022-04-07 13:00:00,15.070248192398438
2022-04-07 14:00:00,15.65321156625464
2022-04-07 15:00:00,15.888117985509815
2022-04-07 16:00:00,15.86163677868267
2022-04-07 17:00:00,14.433457762264055
2022-04-07 18:00:00,13.458148500964215
2022-04-07 19:00:00,11.038456764069544
2022-04-07 20:00:00,9.858888125179584
2022-04-07 21:00:00,9.082807764008074
2022-04-07 22:00:00,6.933886166783168
2022-04-07 23:00:00,7.01002859505059
2022-04-08 00:00:00,6.079225943537406
2022-04-08 01:00:00,5.501666333935163
2022-04-08 02:00:00,4.9803082631053295
2022-04-08 03:00:00,4.100833166967582
2022-04-08 04:00:00,4.238488239725847
2022-04-08 05:00:00,3.312037624338309
2022-04-08 06:00:00,2.7916062632282714
2022-04-08 07:00:00,3.4678422342479074
2022-04-08 08:00:00,6.353149499158727
2022-04-08 09:00:00,9.92049342820595
2022-04-08 10:00:00,12.626574749579364
2022-04-08 11:00:00,15.452067179590804
2022-04-08 12:00:00,16.77086368242198
2022-04-08 13:00:00,18.43064704166505
2022-04-08 14:00:00,20.47851779497834
2022-04-08 15:00:00,20.80953812343557
2022-04-08 16:00:00,21.40073962421537
2022-04-08 17:00:00,21.415121139608296
2022-04-08 18:00:00,19.09527379286549
2022-04-08 19:00:00,15.31545600137519
2022-04-08 20:00:00,13.388048084828249
2022-04-08 21:00:00,13.150518030478498
2022-04-08 22:00:00,11.882652154159944
2022-04-08 23:00:00,11.894751845594168
2022-04-09 00:00:00,10.933457762264055
2022-04-09 01:00:00,11.03015657005003
2022-04-09 02:00:00,11.94343212380439
2022-04-09 03:00:00,11.91852370816019
2022-04-09 04:00:00,13.008985584724623
2022-04-09 05:00:00,12.239048612022442
2022-04-09 06:00:00,11.729572555682791
2022-04-09 07:00:00,12.700249152600342
2022-04-09 08:00:00,15.091450653380146
2022-04-09 09:00:00,15.566448694983729
2022-04-09 10:00:00,19.53589519607089
2022-04-09 11:00:00,22.19753197475356
2022-04-09 12:00:00,22.97941302904184
2022-04-09 13:00:00,23.755399847461128
2022-04-09 14:00:00,24.276664375538747
2022-04-09 15:00:00,23.74080065512416
2022-04-09 16:00:00,23.04759012505664
2022-04-09 17:00:00,21.784380555191024
2022-04-09 18:00:00,20.13487494359888
2022-04-09 19:00:00,18.407622636900054
2022-04-09 20:00:00,16.88194312138419
2022-04-09 21:00:00,15.910184204898716
2022-04-09 22:00:00,16.117005150487497
2022-04-09 23:00:00,15.344693695291085
2022-04-10 00:00:00,14.476578666372191
2022-04-10 01:00:00,13.514724210745484
2022-04-10 02:00:00,12.662563488402466
2022-04-10 03:00:00,12.310215680555018
2022-04-10 04:00:00,12.54678843374536
2022-04-10 05:00:00,11.088920561037789
2022-04-10 06:00:00,11.27068443050321
2022-04-10 07:00:00,12.15608523816624
2022-04-10 08:00:00,13.94978623984879
2022-04-10 09:00:00,17.633824099687256
2022-04-10 10:00:00,19.68953516684464
2022-04-10 11:00:00,21.62882509788177
2022-04-10 12:00:00,23.377746695106676
2022-04-10 13:00:00,24.172436473604925
2022-04-10 14:00:00,24.15024523580751
2022-04-10 15:00:00,24.23237544269613
2022-04-10 16:00:00,23.31268370580146
2022-04-10 17:00:00,22.43654127753404
2022-04-10 18:00:00,21.132219832848005
2022-04-10 19:00:00,18.66484442814448
2022-04-10 20:00:00,16.328793622225465
2022-04-10 21:00:00,16.240707112371947
2022-04-10 22:00:00,15.925430362915527
2022-04-10 23:00:00,14.302343891054615
2022-04-11 00:00:00,14.252931822214684
2022-04-11 01:00:00,13.42345280928411
2022-04-11 02:00:00,13.067531014551651
2022-04-11 03:00:00,12.88472325054358
2022-04-11 04:00:00,13.19419930688323
2022-04-11 05:00:00,11.87873547192238
2022-04-11 06:00:00,12.15120342118361
2022-04-11 07:00:00,12.194938931098598
2022-04-11 08:00:00,16.181881054288276
2022-04-11 09:00:00,19.205738626020853
2022-04-11 10:00:00,21.057961415459783
2022-04-11 11:00:00,23.121264528077617
2022-04-11 12:00:00,24.50666533574065
2022-04-11 13:00:00,25.41771418326325
2022-04-11 14:00:00,25.94345576587503
2022-04-11 15:00:00,26.37743547541041
2022-04-11 16:00:00,24.58601541346988
2022-04-11 17:00:00,23.309101885330797
2022-04-11 18:00:00,22.535521025062028
2022-04-11 19:00:00,20.43369908127874
2022-04-11 20:00:00,18.69175403949074
2022-04-11 21:00:00,17.560889320881643
2022-04-11 22:00:00,16.47990350065686
2022-04-11 23:00:00,16.048112072327967
2022-04-12 00:00:00,14.92925350240088
2022-04-12 01:00:00,14.798762070583948
2022-04-12 02:00:00,14.724597195947943
2022-04-12 03:00:00,14.358981667931795
2022-04-12 04:00:00,14.529907417449689
2022-04-12 05:00:00,14.637717139854178
2022-04-12 06:00:00,14.47367440302098
2022-04-12 07:00:00,15.099166833032417
2022-04-12 08:00:00,16.694105764131017
2022-04-12 09:00:00,18.92549243001144
2022-04-12 10:00:00,20.79561648821805
2022-04-12 11:00:00,21.95117194552731
2022-04-12 12:00:00,22.7940122213788
2022-04-12 13:00:00,23.316109916424004
2022-04-12 14:00:00,23.49021272396409
2022-04-12 15:00:00,24.692618682114627
2022-04-12 16:00:00,25.708238126923604
2022-04-12 17:00:00,24.810799694922256
2022-04-12 18:00:00,20.514287972640712
2022-04-12 19:00:00,17.42734584945103
2022-04-12 20:00:00,14.66305396001749
2022-04-12 21:00:00,14.047745734904767
2022-04-12 22:00:00,14.480308263105329
2022-04-12 23:00:00,14.915370292208635
2022-04-13 00:00:00,13.7031455823659
2022-04-13 01:00:00,13.244350999938527
2022-04-13 02:00:00,12.898240123312624
2022-04-13 03:00:00,12.445923791121476
2022-04-13 04:00:00,12.534874943598876
2022-04-13 05:00:00,12.428980707729892
2022-04-13 06:00:00,12.401572791182948
2022-04-13 07:00:00,12.753733513525964
2022-04-13 08:00:00,12.981881054288278
2022-04-13 09:00:00,12.987868832909475
2022-04-13 10:00:00,12.136790430134385
2022-04-13 11:00:00,11.848921597224903
2022-04-13 12:00:00,11.03355130501627
2022-04-13 13:00:00,10.458304110812342
2022-04-13 14:00:00,10.384723250543578
2022-04-13 15:00:00,10.3308961942654
2022-04-13 16:00:00,9.829074250482108
2022-04-13 17:00:00,9.405154611653616
2022-04-13 18:00:00,9.156482167029052
2022-04-13 19:00:00,9.279568638889964
2022-04-13 20:00:00,9.56669784758407
2022-04-13 21:00:00,9.552160722343018
2022-04-13 22:00:00,9.156482167029052
2022-04-13 23:00:00,8.900093542752215
2022-04-14 00:00:00,8.533395695168142
2022-04-14 01:00:00,8.763303112617832
2022-04-14 02:00:00,8.381234972825125
2022-04-14 03:00:00,8.203488277718453
2022-04-14 04:00:00,8.179568638889961
2022-04-14 05:00:00,8.065031513648908
2022-04-14 06:00:00,8.102655110750872
2022-04-14 07:00:00,8.104321444686034
2022-04-14 08:00:00,8.028241083514526
2022-04-14 09:00:00,8.260710068962872
2022-04-14 10:00:00,8.960710068962872
2022-04-14 11:00:00,9.429074250482106
2022-04-14 12:00:00,10.204321444686036
2022-04-14 13:00:00,11.641018332068205
2022-04-14 14:00:00,12.144350999938528
2022-04-14 15:00:00,12.458888125179582
2022-04-14 16:00:00,13.00157279118295
2022-04-14 17:00:00,13.058210568060128
2022-04-14 18:00:00,12.61021568055502
2022-04-14 19:00:00,11.70083316696758
2022-04-14 20:00:00,11.47691352813909
2022-04-14 21:00:00,11.076913528139093
2022-04-14 22:00:00,10.72990741744969
2022-04-14 23:00:00,10.478579862074254
2022-04-15 00:00:00,9.924752805796071
2022-04-15 01:00:00,9.303488277718454
2022-04-15 02:00:00,8.711142390274814
2022-04-15 03:00:00,7.95382705627818
2022-04-15 04:00:00,7.771019292270106
2022-04-15 05:00:00,7.255649000061471
2022-04-15 06:00:00,6.443455765875035
2022-04-15 07:00:00,7.81287079130589
2022-04-15 08:00:00,9.308549346619856
2022-04-15 09:00:00,11.036696887382169
2022-04-15 10:00:00,12.45123401262322
2022-04-15 11:00:00,14.02607644437868
2022-04-15 12:00:00,15.402561567998658
2022-04-15 13:00:00,16.180214720353113
2022-04-15 14:00:00,16.004072292085695
2022-04-15 15:00:00,16.271603306637346
2022-04-15 16:00:00,16.08870199987706
2022-04-15 17:00:00,15.545277709658324
2022-04-15 18:00:00,13.56746894745574
2022-04-15 19:00:00,11.748672444624564
2022-04-15 20:00:00,10.128147540762312
2022-04-15 21:00:00,9.941018332068202
2022-04-15 22:00:00,10.320524903862252
2022-04-15 23:00:00,9.088117985509818
2022-04-16 00:00:00,8.543611375723161
2022-04-16 01:00:00,8.159814834899379
2022-04-16 02:00:00,7.141049807724504
2022-04-16 03:00:00,6.259876901995292
2022-04-16 04:00:00,5.722346847645542
2022-04-16 05:00:00,5.452254265095231
2022-04-16 06:00:00,4.929907417449689
2022-04-16 07:00:00,5.8846297077913645
2022-04-16 08:00:00,8.321575747773874
2022-04-16 09:00:00,11.027407916546943
2022-04-16 10:00:00,13.24533977675424
2022-04-16 11:00:00,14.90083316696758
2022-04-16 12:00:00,15.69574062240988
2022-04-16 13:00:00,16.575153651451714
2022-04-16 14:00:00,17.081974597040492
2022-04-16 15:00:00,17.320586970958164
2022-04-16 16:00:00,17.350338778559728
2022-04-16 17:00:00,17.27774669510667
2022-04-16 18:00:00,16.301666333935163
2022-04-16 19:00:00,13.856233014428712
2022-04-16 20:00:00,12.150338778559728
2022-04-16 21:00:00,10.170832206765676
2022-04-16 22:00:00,8.679225943537405
2022-04-16 23:00:00,8.25280680380617
2022-04-17 00:00:00,7.440029555252494
2022-04-17 01:00:00,6.475924751323381
2022-04-17 02:00:00,5.943611375723162
2022-04-17 03:00:00,5.614537125241053
2022-04-17 04:00:00,4.29317905441122
2022-04-17 05:00:00,3.906883012684692
2022-04-17 06:00:00,3.5625320127461637
2022-04-17 07:00:00,5.007965332252615
2022-04-17 08:00:00,8.025585972763654
2022-04-17 09:00:00,11.01021568055502
2022-04-17 10:00:00,13.381234972825126
2022-04-17 11:00:00,15.969352958334945
2022-04-17 12:00:00,16.72110891822949
2022-04-17 13:00:00,18.17833070947391
2022-04-17 14:00:00,18.92700315409848
2022-04-17 15:00:00,18.13765418854157
2022-04-17 16:00:00,17.834687858094448
2022-04-17 17:00:00,17.858334702251952
2022-04-17 18:00:00,17.343673442819075
2022-04-17 19:00:00,13.513267720168702
2022-04-17 20:00:00,12.209872985202464
2022-04-17 21:00:00,11.182652154159946
2022-04-17 22:00:00,10.252067179590805
2022-04-17 23:00:00,10.113766025369388
2022-04-18 00:00:00,9.961356150426026
2022-04-18 01:00:00,9.44252905615524
2022-04-18 02:00:00,9.74361137572316
2022-04-18 03:00:00,9.071758916485472
2022-04-18 04:00:00,9.230802651513184
2022-04-18 05:00:00,8.724659263043858
2022-04-18 06:00:00,9.176080361171508
2022-04-18 07:00:00,9.327407916546944
2022-04-18 08:00:00,11.17333170766842
2022-04-18 09:00:00,12.515276749456422
2022-04-18 10:00:00,15.37524719420393
2022-04-18 11:00:00,17.131573751384852
2022-04-18 12:00:00,18.94876598737677
2022-04-18 13:00:00,20.18049534860976
2022-04-18 14:00:00,19.777808762202586
2022-04-18 15:00:00,20.055461914557043
2022-04-18 16:00:00,18.67938155338553
2022-04-18 17:00:00,18.45466022324576
2022-04-18 18:00:00,16.94518416690611
2022-04-18 19:00:00,14.963209569865615
2022-04-18 20:00:00,13.758148500964214
2022-04-18 21:00:00,12.037467987253835
2022-04-18 22:00:00,10.717931860207294
2022-04-18 23:00:00,10.665771137864276
2022-04-19 00:00:00,9.279381553385534
2022-04-19 01:00:00,8.363271636961532
2022-04-19 02:00:00,8.264104803929113
2022-04-19 03:00:00,7.716359069024344
2022-04-19 04:00:00,7.218181012807635
2022-04-19 05:00:00,6.286296041726527
2022-04-19 06:00:00,5.863303112617832
2022-04-19 07:00:00,7.600926709719795
2022-04-19 08:00:00,10.062532012746164
2022-04-19 09:00:00,13.135801653318673
2022-04-19 10:00:00,15.265926747712404
2022-04-19 11:00:00,17.581234972825126
2022-04-19 12:00:00,19.98712920869411
2022-04-19 13:00:00,21.304321444686032
2022-04-19 14:00:00,20.4220662193889
2022-04-19 15:00:00,20.01805599439912
2022-04-19 16:00:00,21.12036929401412
2022-04-19 17:00:00,20.360554459114745
2022-04-19 18:00:00,18.1880244427576
2022-04-19 19:00:00,16.196511722281546
2022-04-19 20:00:00,14.057961415459786
2022-04-19 21:00:00,11.858794582427368
2022-04-19 22:00:00,11.333208609663714
2022-04-19 23:00:00,10.364782361048569
2022-04-20 00:00:00,9.487930900005388
2022-04-20 01:00:00,8.80604984571711
2022-04-20 02:00:00,7.300062067095912
2022-04-20 03:00:00,6.614537125241053
2022-04-20 04:00:00,6.080308263105329
2022-04-20 05:00:00,5.648672444624564
2022-04-20 06:00:00,5.367531014551653
2022-04-20 07:00:00,6.943673442819074
2022-04-20 08:00:00,9.926419139731234
2022-04-20 09:00:00,13.639967488156582
2022-04-20 10:00:00,16.55200511249489
2022-04-20 11:00:00,18.979413029041837
2022-04-20 12:00:00,20.435895196070888
2022-04-20 13:00:00,21.50160426683925
2022-04-20 14:00:00,22.20583216877307
2022-04-20 15:00:00,22.44611087662591
2022-04-20 16:00:00,21.70240595815053
2022-04-20 17:00:00,20.869781362854056
2022-04-20 18:00:00,19.37666437553875
2022-04-20 19:00:00,16.648485359120134
2022-04-20 20:00:00,14.619411108638028
2022-04-20 21:00:00,13.24832974927201
2022-04-20 22:00:00,12.337958458868862
2022-04-20 23:00:00,11.367188319199096
2022-04-21 00:00:00,10.427991930914184
2022-04-21 01:00:00,9.681881054288278
2022-04-21 02:00:00,8.258054958212
2022-04-21 03:00:00,7.837623597101963
2022-04-21 04:00:00,7.763949194080984
2022-04-21 05:00:00,6.977808762202585
2022-04-21 06:00:00,6.587284818542236
2022-04-21 07:00:00,7.998333666064836
2022-04-21 08:00:00,11.11444358248884
2022-04-21 09:00:00,14.96728186195131
2022-04-21 10:00:00,17.673425250420635
2022-04-21 11:00:00,20.42975180760156
2022-04-21 12:00:00,21.371019292270105
2022-04-21 13:00:00,22.11746503066291
2022-04-21 14:00:00,22.10583216877307
2022-04-21 15:00:00,21.398271598968925
2022-04-21 16:00:00,20.65200511249489
2022-04-21 17:00:00,19.474258417388217
2022-04-21 18:00:00,18.179319486289614
2022-04-21 19:00:00,16.316016373671786
2022-04-21 20:00:00,14.723732553324062
2022-04-21 21:00:00,13.946819025184972
2022-04-21 22:00:00,13.157128248492205
2022-04-21 23:00:00,12.055399847461128
2022-04-22 00:00:00,12.360032511843418
2022-04-22 01:00:00,11.9807130255538
2022-04-22 02:00:00,11.873767945773192
2022-04-22 03:00:00,11.823491234309378
2022-04-22 04:00:00,11.946515639074375
2022-04-22 05:00:00,11.64244334698868
2022-04-22 06:00:00,12.239756760581509
2022-04-22 07:00:00,13.736112873014928
2022-04-22 08:00:00,15.56851979136736
2022-04-22 09:00:00,17.21453712524105
2022-04-22 10:00:00,19.28024619600941
2022-04-22 11:00:00,19.9829633738562
2022-04-22 12:00:00,20.81962966979876
2022-04-22 13:00:00,20.13234485125652
2022-04-22 14:00:00,19.997500499097253
2022-04-22 15:00:00,18.169781362854057
2022-04-22 16:00:00,17.219598194142456
2022-04-22 17:00:00,15.934041776631297
2022-04-22 18:00:00,14.384536165039153
2022-04-22 19:00:00,13.688857609725185
2022-04-22 20:00:00,13.517098693239712
2022-04-22 21:00:00,13.441851499035783
2022-04-22 22:00:00,13.342684666003366
2022-04-22 23:00:00,13.181141430072907
2022-04-23 00:00:00,13.043517832970949
2022-04-23 01:00:00,12.629813874697474
2022-04-23 02:00:00,12.393856611530676
2022-04-23 03:00:00,11.729813874697474
2022-04-23 04:00:00,10.668115028918892
2022-04-23 05:00:00,10.068948195886474
2022-04-23 06:00:00,9.6501831687116
2022-04-23 07:00:00,10.452838279462473
2022-04-23 08:00:00,12.81188201449018
2022-04-23 09:00:00,14.470092582550308
2022-04-23 10:00:00,15.81867148442266
2022-04-23 11:00:00,17.188608457124843
2022-04-23 12:00:00,18.61169492898576
2022-04-23 13:00:00,20.2552127619567
2022-04-23 14:00:00,21.172404997948625
2022-04-23 15:00:00,22.04592379112148
2022-04-23 16:00:00,23.47506010869949
2022-04-23 17:00:00,23.557961415459783
2022-04-23 18:00:00,22.354473137741333
2022-04-23 19:00:00,18.999408152047103
2022-04-23 20:00:00,17.491014415275373
2022-04-23 21:00:00,16.130553498912843
2022-04-23 22:00:00,14.80922690373931
2022-04-23 23:00:00,13.890212723964094
2022-04-24 00:00:00,13.334657266654837
2022-04-24 01:00:00,13.397282822153215
2022-04-24 02:00:00,12.974102807540088
2022-04-24 03:00:00,12.359316529698695
2022-04-24 04:00:00,13.15981483489938
2022-04-24 05:00:00,13.640216640756922
2022-04-24 06:00:00,14.0640427368332
2022-04-24 07:00:00,14.79817805621671
2022-04-24 08:00:00,15.809226903739308
2022-04-24 09:00:00,17.116109916424
2022-04-24 10:00:00,18.9299694845456
2022-04-24 11:00:00,20.26734392904722
2022-04-24 12:00:00,21.564198346681327
2022-04-24 13:00:00,23.35200511249489
2022-04-24 14:00:00,25.011664337546144
2022-04-24 15:00:00,22.294315607489395
2022-04-24 16:00:00,19.69595046576826
2022-04-24 17:00:00,17.899283133638587
2022-04-24 18:00:00,17.34771425924847
2022-04-24 19:00:00,16.213516872769045
2022-04-24 20:00:00,15.63978040265215
2022-04-24 21:00:00,15.956077404580585
2022-04-24 22:00:00,16.02110891822949
2022-04-24 23:00:00,16.53413531938351
2022-04-25 00:00:00,16.882807764008074
2022-04-25 01:00:00,17.18629604172653
2022-04-25 02:00:00,17.02391963882849
2022-04-25 03:00:00,16.961543235930453
2022-04-25 04:00:00,16.851327555375434
2022-04-25 05:00:00,16.76320956986562
2022-04-25 06:00:00,16.748672444624564
2022-04-25 07:00:00,17.310215680555018
2022-04-25 08:00:00,17.924752805796075
2022-04-25 09:00:00,18.96237640289804
2022-04-25 10:00:00,20.16237640289804
2022-04-25 11:00:00,21.39234588744364
2022-04-25 12:00:00,22.65117194552731
2022-04-25 13:00:00,23.25357790367784
2022-04-25 14:00:00,23.622004152292988
2022-04-25 15:00:00,24.073331707668423
2022-04-25 16:00:00,23.57249854070084
2022-04-25 17:00:00,23.010122137802803
2022-04-25 18:00:00,21.77740399975412
2022-04-25 19:00:00,20.439686859899936
2022-04-25 20:00:00,19.766355152231515
2022-04-25 21:00:00,18.697344889249127
2022-04-25 22:00:00,18.06487590380078
2022-04-25 23:00:00,17.593116987315305
2022-04-26 00:00:00,17.216203459176217
2022-04-26 01:00:00,16.891450653380144
2022-04-26 02:00:00,16.487067141598196
2022-04-26 03:00:00,16.001666333935162
2022-04-26 04:00:00,15.46320956986562
2022-04-26 05:00:00,15.451327555375435
2022-04-26 06:00:00,15.390617486412562
2022-04-26 07:00:00,15.891450653380144
2022-04-26 08:00:00,16.452160722343017
2022-04-26 09:00:00,17.8
2022-04-26 10:00:00,19.371665373733254
2022-04-26 11:00:00,20.2239817059244
2022-04-26 12:00:00,21.46144969317824
2022-04-26 13:00:00,22.764782361048567
2022-04-26 14:00:00,23.1861404318784
2022-04-26 15:00:00,23.80765411255636
2022-04-26 16:00:00,23.53074058441727
2022-04-26 17:00:00,22.446850500841272
2022-04-26 18:00:00,20.73148020863264
2022-04-26 19:00:00,19.754660223245764
2022-04-26 20:00:00,18.127345849451032
2022-04-26 21:00:00,16.669352958334944
2022-04-26 22:00:00,15.44178943193987
2022-04-26 23:00:00,14.88555641751116
2022-04-27 00:00:00,14.82990741744969
2022-04-27 01:00:00,14.616203459176216
2022-04-27 02:00:00,14.15780580561166
2022-04-27 03:00:00,14.349505611592146
2022-04-27 04:00:00,13.62126452807762
2022-04-27 05:00:00,12.664136279585414
2022-04-27 06:00:00,12.194783321250467
2022-04-27 07:00:00,13.226419139731236
2022-04-27 08:00:00,14.417192235991926
2022-04-27 09:00:00,15.497500499097251
2022-04-27 10:00:00,16.643517832970947
2022-04-27 11:00:00,17.911788471737964
2022-04-27 12:00:00,18.9280539980101
2022-04-27 13:00:00,19.500646081463152
2022-04-27 14:00:00,19.70496752614919
2022-04-27 15:00:00,19.667343929047224
2022-04-27 16:00:00,19.22024427560561
2022-04-27 17:00:00,19.053484360925623
2022-04-27 18:00:00,17.84675695808906
2022-04-27 19:00:00,16.2801526532572
2022-04-27 20:00:00,14.480152653257203
2022-04-27 21:00:00,13.241695889187657
2022-04-27 22:00:00,12.743424290218734
2022-04-27 23:00:00,11.457899348363874
2022-04-28 00:00:00,11.13330215241593
2022-04-28 01:00:00,10.542684666003366
2022-04-28 02:00:00,9.729813874697474
2022-04-28 03:00:00,9.932468985448349
2022-04-28 04:00:00,9.903488277718454
2022-04-28 05:00:00,9.228241083514526
2022-04-28 06:00:00,8.650338778559728
2022-04-28 07:00:00,10.223919638828493
2022-04-28 08:00:00,12.652160722343018
2022-04-28 09:00:00,15.164104803929114
2022-04-28 10:00:00,17.87326964057251
2022-04-28 11:00:00,19.42107744257319
2022-04-28 12:00:00,20.960616526210657
2022-04-28 13:00:00,22.28527578925452
2022-04-28 14:00:00,23.70397874933348
2022-04-28 15:00:00,21.43021080356029
2022-04-28 16:00:00,18.81188201449018
2022-04-28 17:00:00,18.15117194552731
2022-04-28 18:00:00,16.83330215241593
2022-04-28 19:00:00,15.2220976950452
2022-04-28 20:00:00,14.812715181457762
2022-04-28 21:00:00,14.2640427368332
2022-04-28 22:00:00,14.558888125179584
2022-04-28 23:00:00,14.825585972763651
2022-04-29 00:00:00,15.184474097943236
2022-04-29 01:00:00,15.127991930914185
2022-04-29 02:00:00,14.61969173689467
2022-04-29 03:00:00,12.88472325054358
2022-04-29 04:00:00,11.941111874820416
2022-04-29 05:00:00,11.607809722404488
2022-04-29 06:00:00,11.307809722404487
2022-04-29 07:00:00,10.32068051371038
2022-04-29 08:00:00,10.155649000061471
2022-04-29 09:00:00,10.727407916546944
2022-04-29 10:00:00,12.363365179713746
2022-04-29 11:00:00,13.247255263289745
2022-04-29 12:00:00,14.534384471983852
2022-04-29 13:00:00,15.272070136181728
2022-04-29 14:00:00,15.734446539079766
2022-04-29 15:00:00,15.62990741744969
2022-04-29 16:00:00,15.466697847584072
2022-04-29 17:00:00,15.336790430134382
2022-04-29 18:00:00,14.929907417449687
2022-04-29 19:00:00,14.29577209806618
2022-04-29 20:00:00,14.071019292270105
2022-04-29 21:00:00,14.071019292270105
2022-04-29 22:00:00,13.492439430195851
2022-04-29 23:00:00,13.139445540885257
2022-04-30 00:00:00,12.903488277718452
2022-04-30 01:00:00,12.44277820875558
2022-04-30 02:00:00,12.128241083514524
2022-04-30 03:00:00,11.660710068962873
2022-04-30 04:00:00,10.620431361110038
2022-04-30 05:00:00,10.657377401092546
2022-04-30 06:00:00,10.820586970958164
2022-04-30 07:00:00,11.136790430134385
2022-04-30 08:00:00,12.266697847584071
2022-04-30 09:00:00,13.561543235930454
2022-04-30 10:00:00,15.382807764008074
2022-04-30 11:00:00,16.040956264972287
2022-04-30 12:00:00,16.628147540762313
2022-04-30 13:00:00,17.74518416690611
2022-04-30 14:00:00,16.74299588569962
2022-04-30 15:00:00,16.74012309800471
2022-04-30 16:00:00,14.908393736771728
2022-04-30 17:00:00,13.895678555313966
2022-04-30 18:00:00,13.375247194203927
2022-04-30 19:00:00,11.820431361110035
2022-04-30 20:00:00,10.995678555313964
2022-04-30 21:00:00,10.581141430072911
2022-04-30 22:00:00,10.43919638828491
2022-04-30 23:00:00,10.12632559697902
2022-05-01 00:00:00,9.561294083330116
2022-05-01 01:00:00,8.75962774939495
2022-05-01 02:00:00,8.046850500841273
2022-05-01 03:00:00,7.371603306637347
2022-05-01 04:00:00,6.670770139669765
2022-05-01 05:00:00,6.22308647186091
2022-05-01 06:00:00,5.929969484545603
2022-05-01 07:00:00,7.784629707791364
2022-05-01 08:00:00,9.6889511524774
2022-05-01 09:00:00,12.512131167090525
2022-05-01 10:00:00,14.47549634680427
2022-05-01 11:00:00,17.085556417511157
2022-05-01 12:00:00,18.15475376599797
2022-05-01 13:00:00,18.613703958273472
2022-05-01 14:00:00,19.40765411255636
2022-05-01 15:00:00,19.086973598845983
2022-05-01 16:00:00,18.16138762608233
2022-05-01 17:00:00,17.397344889249126
2022-05-01 18:00:00,15.770770139669764
2022-05-01 19:00:00,14.251234012623222
2022-05-01 20:00:00,13.217098693239713
2022-05-01 21:00:00,12.773580860268764
2022-05-01 22:00:00,12.084629707791365
2022-05-01 23:00:00,11.41444358248884
2022-05-02 00:00:00,11.028980707729891
2022-05-02 01:00:00,10.37009258255031
2022-05-02 02:00:00,9.77931948628962
2022-05-02 03:00:00,8.75539984746113
2022-05-02 04:00:00,8.644195390090402
2022-05-02 05:00:00,8.174998041603585
2022-05-02 06:00:00,7.902468025246444
2022-05-02 07:00:00,9.180308263105328
2022-05-02 08:00:00,10.908549346619855
2022-05-02 09:00:00,12.922408914741457
2022-05-02 10:00:00,14.980401805857545
2022-05-02 11:00:00,16.509382513587436
2022-05-02 12:00:00,17.637623597101964
2022-05-02 13:00:00,18.116109916424
2022-05-02 14:00:00,18.21262163870555
2022-05-02 15:00:00,17.904072292085694
2022-05-02 16:00:00,17.478486319322037
2022-05-02 17:00:00,17.113548348425347
2022-05-02 18:00:00,15.6640427368332
2022-05-02 19:00:00,14.169936972702184
2022-05-02 20:00:00,12.567437471799437
2022-05-02 21:00:00,11.298917680432076
2022-05-02 22:00:00,9.965521985263932
2022-05-02 23:00:00,9.305738626020856
2022-05-03 00:00:00,8.63330215241593
2022-05-03 01:00:00,7.813610415521258
2022-05-03 02:00:00,7.448734511720477
2022-05-03 03:00:00,7.002717177846785
2022-05-03 04:00:00,6.890679553508475
2022-05-03 05:00:00,6.250556455503767
2022-05-03 06:00:00,5.895000998194511
2022-05-03 07:00:00,7.718920637023002
2022-05-03 08:00:00,9.934290929231638
2022-05-03 09:00:00,12.506143388469326
2022-05-03 10:00:00,15.14277820875558
2022-05-03 11:00:00,17.323242081709036
2022-05-03 12:00:00,19.47685146104317
2022-05-03 13:00:00,20.07685146104318
2022-05-03 14:00:00,21.302499500902744
2022-05-03 15:00:00,21.381017295881087
2022-05-03 16:00:00,20.99030626671631
2022-05-03 17:00:00,19.79552294546584
2022-05-03 18:00:00,18.370676596917548
2022-05-03 19:00:00,16.21601637367179
2022-05-03 20:00:00,14.424565720291644
2022-05-03 21:00:00,13.360522983458443
2022-05-03 22:00:00,11.87407133188379
2022-05-03 23:00:00,11.247496582304429
2022-05-04 00:00:00,10.87253001635714
2022-05-04 01:00:00,10.611975557242395
2022-05-04 02:00:00,9.26246994565025
2022-05-04 03:00:00,9.3829633738562
2022-05-04 04:00:00,9.005894235868984
2022-05-04 05:00:00,7.789784319444982
2022-05-04 06:00:00,8.68814946116612
2022-05-04 07:00:00,10.249754764192488
2022-05-04 08:00:00,13.747099653441616
2022-05-04 09:00:00,15.772592083453056
2022-05-04 10:00:00,19.832500461104647
2022-05-04 11:00:00,22.24969269709657
2022-05-04 12:00:00,24.23922786394121
2022-05-04 13:00:00,24.970863682421975
2022-05-04 14:00:00,24.807560569804146
2022-05-04 15:00:00,24.628918640633977
2022-05-04 16:00:00,23.374998041603583
2022-05-04 17:00:00,22.31178847173797
2022-05-04 18:00:00,20.630553498912843
2022-05-04 19:00:00,18.515183206704208
2022-05-04 20:00:00,17.27672644263466
2022-05-04 21:00:00,15.94515269124981
2022-05-04 22:00:00,15.117682707606953
2022-05-04 23:00:00,14.00663386008435
2022-05-05 00:00:00,13.04617294372182
2022-05-05 01:00:00,12.479568638889962
2022-05-05 02:00:00,11.377902304954798
2022-05-05 03:00:00,10.616359069024345
2022-05-05 04:00:00,9.537623597101964
2022-05-05 05:00:00,9.707654112556362
2022-05-05 06:00:00,9.105216678749528
2022-05-05 07:00:00,11.0359572631668
2022-05-05 08:00:00,14.21885856992709
2022-05-05 09:00:00,17.116203459176216
2022-05-05 10:00:00,19.504103767741995
2022-05-05 11:00:00,21.717130168896013
2022-05-05 12:00:00,22.34095626497229
2022-05-05 13:00:00,24.485400807663037
2022-05-05 14:00:00,24.554504613397636
2022-05-05 15:00:00,24.34857890187235
2022-05-05 16:00:00,23.50570715036456
2022-05-05 17:00:00,22.645059148497594
2022-05-05 18:00:00,21.21592283091957
2022-05-05 19:00:00,20.075737665818952
2022-05-05 20:00:00,18.914194429888497
2022-05-05 21:00:00,17.909966527954676
2022-05-05 22:00:00,16.504749849205147
2022-05-05 23:00:00,15.162127250297694
2022-05-06 00:00:00,13.940029555252494
2022-05-06 01:00:00,13.726481206827147
2022-05-06 02:00:00,12.853055956406513
2022-05-06 03:00:00,12.50521667874953
2022-05-06 04:00:00,11.880308263105327
2022-05-06 05:00:00,11.586296041726529
2022-05-06 06:00:00,11.70083316696758
2022-05-06 07:00:00,13.575247194203929
2022-05-06 08:00:00,15.859814834899378
2022-05-06 09:00:00,18.81953612704654
2022-05-06 10:00:00,21.182068139792708
2022-05-06 11:00:00,22.760710068962872
2022-05-06 12:00:00,23.20385461514165
2022-05-06 13:00:00,24.57774669510667
2022-05-06 14:00:00,23.91684954063937
2022-05-06 15:00:00,24.273393774764337
2022-05-06 16:00:00,23.135770177662373
2022-05-06 17:00:00,21.67231145519641
2022-05-06 18:00:00,20.953546428021536
2022-05-06 19:00:00,19.626138511474597
2022-05-06 20:00:00,18.282620678503648
2022-05-06 21:00:00,17.367188319199094
2022-05-06 22:00:00,16.939040778436784
2022-05-06 23:00:00,15.77067659691755
2022-05-07 00:00:00,16.12033781835782
2022-05-07 01:00:00,15.628887164977678
2022-05-07 02:00:00,15.647745734904769
2022-05-07 03:00:00,15.755399847461131
2022-05-07 04:00:00,15.008300194019515
2022-05-07 05:00:00,14.574998041603584
2022-05-07 06:00:00,14.693023444563092
2022-05-07 07:00:00,15.40166633393516
2022-05-07 08:00:00,16.15382705627818
2022-05-07 09:00:00,15.046110876625908
2022-05-07 10:00:00,14.894938931098595
2022-05-07 11:00:00,16.2529938893106
2022-05-07 12:00:00,18.514537125241056
2022-05-07 13:00:00,19.754660223245764
2022-05-07 14:00:00,20.65648216702905
2022-05-07 15:00:00,21.14178943193987
2022-05-07 16:00:00,20.73746798725384
2022-05-07 17:00:00,20.19552294546584
2022-05-07 18:00:00,18.071603306637343
2022-05-07 19:00:00,16.484474097943238
2022-05-07 20:00:00,14.911882014490182
2022-05-07 21:00:00,14.086296041726529
2022-05-07 22:00:00,13.550245235807513
2022-05-07 23:00:00,12.75780580561166
2022-05-08 00:00:00,12.214287972640712
2022-05-08 01:00:00,12.335801653318672
2022-05-08 02:00:00,12.505894235868984
2022-05-08 03:00:00,12.827314373794731
2022-05-08 04:00:00,13.675924751323382
2022-05-08 05:00:00,13.88978431944498
2022-05-08 06:00:00,13.923086471860907
2022-05-08 07:00:00,14.475247194203927
2022-05-08 08:00:00,14.899166833032416
2022-05-08 09:00:00,15.752160722343016
2022-05-08 10:00:00,17.237623597101962
2022-05-08 11:00:00,18.84876598737678
2022-05-08 12:00:00,19.09926037578463
2022-05-08 13:00:00,19.54876598737678
2022-05-08 14:00:00,18.993116987315304
2022-05-08 15:00:00,18.83324008532001
2022-05-08 16:00:00,18.65117194552731
2022-05-08 17:00:00,18.38290130676029
2022-05-08 18:00:00,17.629907417449687
2022-05-08 19:00:00,16.968364181519235
2022-05-08 20:00:00,16.48722275144632
2022-05-08 21:00:00,15.93855030682176
2022-05-08 22:00:00,11.941111874820416
2022-05-08 23:00:00,11.58472325054358
2022-05-09 00:00:00,11.130896194265397
2022-05-09 01:00:00,11.281390582673252
2022-05-09 02:00:00,11.302655110750871
2022-05-09 03:00:00,11.463365179713744
2022-05-09 04:00:00,11.301821943783288
2022-05-09 05:00:00,11.721420137925747
2022-05-09 06:00:00,11.765031513648909
2022-05-09 07:00:00,12.1249084156442
2022-05-09 08:00:00,13.151327555375437
2022-05-09 09:00:00,14.9719145263336
2022-05-09 10:00:00,16.717098693239713
2022-05-09 11:00:00,18.219442584294328
2022-05-09 12:00:00,19.566448694983727
2022-05-09 13:00:00,20.85555545730925
2022-05-09 14:00:00,21.87515365145171
2022-05-09 15:00:00,22.21012213780281
2022-05-09 16:00:00,23.45357790367784
2022-05-09 17:00:00,21.969072330078298
2022-05-09 18:00:00,20.98079873472036
2022-05-09 19:00:00,19.080798734720357
2022-05-09 20:00:00,17.294347083145702
2022-05-09 21:00:00,16.55515069486079
2022-05-09 22:00:00,15.219442584294328
2022-05-09 23:00:00,14.223764028980362
2022-05-10 00:00:00,13.299750847399658
2022-05-10 01:00:00,12.593607458930332
2022-05-10 02:00:00,12.324348043347603
2022-05-10 03:00:00,11.742529056155238
2022-05-10 04:00:00,12.005832168773072
2022-05-10 05:00:00,12.048703920280865
2022-05-10 06:00:00,12.028825097881768
2022-05-10 07:00:00,13.95824204371643
2022-05-10 08:00:00,16.09435491673136
2022-05-10 09:00:00,17.431635818480768
2022-05-10 10:00:00,19.2750915843558
2022-05-10 11:00:00,21.370092582550317
2022-05-10 12:00:00,22.490617486412564
2022-05-10 13:00:00,23.58364093097565
2022-05-10 14:00:00,24.169936972702185
2022-05-10 15:00:00,25.21271518145776
2022-05-10 16:00:00,25.12882509788177
2022-05-10 17:00:00,24.099688780303744
2022-05-10 18:00:00,22.116693930791243
2022-05-10 19:00:00,20.106727402836565
2022-05-10 20:00:00,19.296511722281547
2022-05-10 21:00:00,18.794689778498253
2022-05-10 22:00:00,17.32126452807762
2022-05-10 23:00:00,16.547683667808855
2022-05-11 00:00:00,15.8750915843558
2022-05-11 01:00:00,15.436634820286256
2022-05-11 02:00:00,15.01006007070689
2022-05-11 03:00:00,14.551171945527308
2022-05-11 04:00:00,14.403332667870323
2022-05-11 05:00:00,14.098178056216708
2022-05-11 06:00:00,14.069936972702184
2022-05-11 07:00:00,15.39743843200134
2022-05-11 08:00:00,16.64277820875558
2022-05-11 09:00:00,18.174414027236345
2022-05-11 10:00:00,19.97956863888996
2022-05-11 11:00:00,20.48969077669277
2022-05-11 12:00:00,21.71262163870555
2022-05-11 13:00:00,21.12898070772989
2022-05-11 14:00:00,21.61111091461851
2022-05-11 15:00:00,21.782869831103987
2022-05-11 16:00:00,21.09456476008974
2022-05-11 17:00:00,20.67407133188379
2022-05-11 18:00:00,19.282558611407733
2022-05-11 19:00:00,17.89975084739966
2022-05-11 20:00:00,16.980152653257203
2022-05-11 21:00:00,16.680985820224784
2022-05-11 22:00:00,15.93737444450162
2022-05-11 23:00:00,15.362960417265276
2022-05-12 00:00:00,14.516943083391585
2022-05-12 01:00:00,13.927158763946604
2022-05-12 02:00:00,13.80240595815053
2022-05-12 03:00:00,14.043362223122822
2022-05-12 04:00:00,13.983485321127528
2022-05-12 05:00:00,13.0921282104996
2022-05-12 06:00:00,13.28191252994458
2022-05-12 07:00:00,14.112715181457764
2022-05-12 08:00:00,15.817192235991923
2022-05-12 09:00:00,17.11527674945642
2022-05-12 10:00:00,18.92898070772989
2022-05-12 11:00:00,21.365771137864275
2022-05-12 12:00:00,22.57077013966977
2022-05-12 13:00:00,24.15962774939495
2022-05-12 14:00:00,25.29475184559417
2022-05-12 15:00:00,24.36292894160897
2022-05-12 16:00:00,23.175582055970825
2022-05-12 17:00:00,22.60564508326864
2022-05-12 18:00:00,21.407311417203804
2022-05-12 19:00:00,19.7331465425678
2022-05-12 20:00:00,18.827252306698817
2022-05-12 21:00:00,18.299844390151872
2022-05-12 22:00:00,17.755493390213342
2022-05-12 23:00:00,16.565709070768364
2022-05-13 00:00:00,16.125585972763652
2022-05-13 01:00:00,15.709382513587435
2022-05-13 02:00:00,15.941602346435442
2022-05-13 03:00:00,15.68953516684464
2022-05-13 04:00:00,15.290523943660348
2022-05-13 05:00:00,15.070925749517892
2022-05-13 06:00:00,14.8470061106894
2022-05-13 07:00:00,15.717776250359163
2022-05-13 08:00:00,16.962376402898037
2022-05-13 09:00:00,18.550338778559727
2022-05-13 10:00:00,19.90604984571711
2022-05-13 11:00:00,21.15888812517958
2022-05-13 12:00:00,20.92043136111004
2022-05-13 13:00:00,19.43638566768591
2022-05-13 14:00:00,18.77234293085272
2022-05-13 15:00:00,18.89311698731531
2022-05-13 16:00:00,19.105154611653617
2022-05-13 17:00:00,20.471050767926407
2022-05-13 18:00:00,19.98456764069545
2022-05-13 19:00:00,18.327252306698817
2022-05-13 20:00:00,16.951171945527307
2022-05-13 21:00:00,17.164782361048566
2022-05-13 22:00:00,15.80481191630106
2022-05-13 23:00:00,14.94759012505664
2022-05-14 00:00:00,13.986046889126186
2022-05-14 01:00:00,13.044257457186314
2022-05-14 02:00:00,12.640029555252491
2022-05-14 03:00:00,11.933208609663716
2022-05-14 04:00:00,11.485369332006732
2022-05-14 05:00:00,10.879381553385532
2022-05-14 06:00:00,10.646912567937186
2022-05-14 07:00:00,11.825585972763657
2022-05-14 08:00:00,13.56669784758407
2022-05-14 09:00:00,15.956575709781266
2022-05-14 10:00:00,17.91305787681032
2022-05-14 11:00:00,18.830000960201904
2022-05-14 12:00:00,19.267624557303865
2022-05-14 13:00:00,19.25126548827952
2022-05-14 14:00:00,19.146110876625904
2022-05-14 15:00:00,18.89577209806617
2022-05-14 16:00:00,18.395522945465835
2022-05-14 17:00:00,17.272530016357145
2022-05-14 18:00:00,15.096511722281544
2022-05-14 19:00:00,13.98114143007291
2022-05-14 20:00:00,13.20422790193382
2022-05-14 21:00:00,13.152900346558384
2022-05-14 22:00:00,13.10240595815053
2022-05-14 23:00:00,12.540862722220076
2022-05-15 00:00:00,11.897251346496914
2022-05-15 01:00:00,11.279381553385534
2022-05-15 02:00:00,10.81867148442266
2022-05-15 03:00:00,10.249661221440272
2022-05-15 04:00:00,9.65904373502771
2022-05-15 05:00:00,8.950649998255981
2022-05-15 06:00:00,8.912037624338309
2022-05-15 07:00:00,10.606143388469324
2022-05-15 08:00:00,12.736050805919014
2022-05-15 09:00:00,15.054971442942016
2022-05-15 10:00:00,17.219847346742796
2022-05-15 11:00:00,18.622253304893327
2022-05-15 12:00:00,19.53413531938351
2022-05-15 13:00:00,19.822930862012782
2022-05-15 14:00:00,20.077746695106672
2022-05-15 15:00:00,20.116203459176216
2022-05-15 16:00:00,19.97592475132338
2022-05-15 17:00:00,19.39901122318429
2022-05-15 18:00:00,18.24435099993853
2022-05-15 19:00:00,16.707560569804148
2022-05-15 20:00:00,15.380152653257202
2022-05-15 21:00:00,14.099073290280202
2022-05-15 22:00:00,12.810122137802804
2022-05-15 23:00:00,11.658545429827027
2022-05-16 00:00:00,11.295335859961408
2022-05-16 01:00:00,10.105154611653616
2022-05-16 02:00:00,9.73490641925518
2022-05-16 03:00:00,9.067375404703524
2022-05-16 04:00:00,9.352098655247104
2022-05-16 05:00:00,8.855493390213343
2022-05-16 06:00:00,8.393428207011562
2022-05-16 07:00:00,11.064229822337628
2022-05-16 08:00:00,13.177840237858888
2022-05-16 09:00:00,15.835062029103304
2022-05-16 10:00:00,18.860741544619174
2022-05-16 11:00:00,21.763396655370048
2022-05-16 12:00:00,22.91790126876768
2022-05-16 13:00:00,23.699042698840596
2022-05-16 14:00:00,23.38357886387974
2022-05-16 15:00:00,23.41181994739427
2022-05-16 16:00:00,22.739289931037128
2022-05-16 17:00:00,21.546850500841277
2022-05-16 18:00:00,20.064782361048564
2022-05-16 19:00:00,18.06901026298239
2022-05-16 20:00:00,16.356295081524625
2022-05-16 21:00:00,15.41361041552126
2022-05-16 22:00:00,14.789690776692767
2022-05-16 23:00:00,14.112870791305893
2022-05-17 00:00:00,13.833457762264056
2022-05-17 01:00:00,13.642840275851492
2022-05-17 02:00:00,12.88478531763949
2022-05-17 03:00:00,12.788857609725186
2022-05-17 04:00:00,12.58472325054358
2022-05-17 05:00:00,12.857408876748847
2022-05-17 06:00:00,12.751514640879863
2022-05-17 07:00:00,14.519785279646882
2022-05-17 08:00:00,16.512808724209975
2022-05-17 09:00:00,18.608487279523946
2022-05-17 10:00:00,21.59820953187301
2022-05-17 11:00:00,23.540061030908795
2022-05-17 12:00:00,25.405925711525285
2022-05-17 13:00:00,26.7031770580222
2022-05-17 14:00:00,27.666480170640032
2022-05-17 15:00:00,27.22370196188445
2022-05-17 16:00:00,26.113392738577215
2022-05-17 17:00:00,24.906478250236223
2022-05-17 18:00:00,23.39110795802759
2022-05-17 19:00:00,21.468916720230173
2022-05-17 20:00:00,19.329626789193043
2022-05-17 21:00:00,18.42456572029165
2022-05-17 22:00:00,17.89981291449557
2022-05-17 23:00:00,17.244413067034444
2022-05-18 00:00:00,16.834197386479424
2022-05-18 01:00:00,16.457377401092547
2022-05-18 02:00:00,15.854815833093888
2022-05-18 03:00:00,15.681390582673252
2022-05-18 04:00:00,15.535311181703648
2022-05-18 05:00:00,15.599509528384974
2022-05-18 06:00:00,16.40200902928772
2022-05-18 07:00:00,17.710309223307235
2022-05-18 08:00:00,19.564969446552997
2022-05-18 09:00:00,21.323024404765
2022-05-18 10:00:00,23.0359887388231
2022-05-18 11:00:00,22.733676323424785
2022-05-18 12:00:00,25.418056878615808
2022-05-18 13:00:00,26.741633822091742
2022-05-18 14:00:00,26.53731237740571
2022-05-18 15:00:00,26.360554459114745
2022-05-18 16:00:00,26.012715181457764
2022-05-18 17:00:00,25.074998041603585
2022-05-18 18:00:00,23.131386665880427
2022-05-18 19:00:00,21.51169492898575
2022-05-18 20:00:00,19.84076917946786
2022-05-18 21:00:00,19.279225943537405
2022-05-18 22:00:00,18.85962774939495
2022-05-18 23:00:00,19.130553498912843
2022-05-19 00:00:00,18.377559609602244
2022-05-19 01:00:00,17.71684954063937
2022-05-19 02:00:00,16.69277429196275
2022-05-19 03:00:00,16.644935014305766
2022-05-19 04:00:00,16.15722179124442
2022-05-19 05:00:00,16.055742542813686
2022-05-19 06:00:00,16.12691744493192
2022-05-19 07:00:00,17.514817753497695
2022-05-19 08:00:00,19.39080457191699
2022-05-19 09:00:00,21.46173032143488
2022-05-19 10:00:00,22.583734473727876
2022-05-19 11:00:00,22.47243647360493
2022-05-19 12:00:00,23.29478332125047
2022-05-19 13:00:00,23.065709070768364
2022-05-19 14:00:00,23.36570907076836
2022-05-19 15:00:00,24.640894197876374
2022-05-19 16:00:00,23.92360841913224
2022-05-19 17:00:00,22.57931948628962
2022-05-19 18:00:00,21.516943083391585
2022-05-19 19:00:00,20.110122137802804
2022-05-19 20:00:00,18.356295081524625
2022-05-19 21:00:00,17.699073290280204
2022-05-19 22:00:00,17.41444358248884
2022-05-19 23:00:00,17.29734488924913
2022-05-20 00:00:00,16.952005112494888
2022-05-20 01:00:00,15.956077404580585
2022-05-20 02:00:00,15.342622598907452
2022-05-20 03:00:00,14.897033669552872
2022-05-20 04:00:00,15.198115989120796
2022-05-20 05:00:00,14.26564700367245
2022-05-20 06:00:00,13.956482167029051
2022-05-20 07:00:00,15.618025402959509
2022-05-20 08:00:00,18.03756153000605
2022-05-20 09:00:00,20.03756153000605
2022-05-20 10:00:00,21.26669784758407
2022-05-20 11:00:00,22.645184166906112
2022-05-20 12:00:00,24.23938347378934
2022-05-20 13:00:00,25.58540080766303
2022-05-20 14:00:00,25.8382390871255
2022-05-20 15:00:00,24.104967526149185
2022-05-20 16:00:00,23.825398887259222
2022-05-20 17:00:00,22.88860845712485
2022-05-20 18:00:00,21.55437959498912
2022-05-20 19:00:00,20.437280901749407
2022-05-20 20:00:00,19.4252432774111
2022-05-20 21:00:00,18.37490449885137
2022-05-20 22:00:00,17.962344927241737
2022-05-20 23:00:00,17.47249854070084
2022-05-21 00:00:00,17.033052999815585
2022-05-21 01:00:00,16.686202498974314
2022-05-21 02:00:00,16.638207611469205
2022-05-21 03:00:00,16.766604304831855
2022-05-21 04:00:00,16.224814872891987
2022-05-21 05:00:00,16.03935199813304
2022-05-21 06:00:00,15.782869831103987
2022-05-21 07:00:00,17.178641929170166
2022-05-21 08:00:00,18.42913631757802
2022-05-21 09:00:00,20.017130168896013
2022-05-21 10:00:00,20.170186125302525
2022-05-21 11:00:00,21.487440428390364
2022-05-21 12:00:00,22.642716141659665
2022-05-21 13:00:00,23.911664337546146
2022-05-21 14:00:00,23.62441011044352
2022-05-21 15:00:00,23.10842432821134
2022-05-21 16:00:00,23.37793289639441
2022-05-21 17:00:00,23.8640427368332
2022-05-21 18:00:00,22.48530726491082
2022-05-21 19:00:00,20.793116987315308
2022-05-21 20:00:00,18.23336421951184
2022-05-21 21:00:00,16.908549346619854
2022-05-21 22:00:00,16.61021568055502
2022-05-21 23:00:00,16.37092574951789
2022-05-22 00:00:00,16.07092574951789
2022-05-22 01:00:00,15.628980707729896
2022-05-22 02:00:00,14.998084513464494
2022-05-22 03:00:00,14.68188105428828
2022-05-22 04:00:00,14.305800693116767
2022-05-22 05:00:00,14.067343929047224
2022-05-22 06:00:00,14.21444358248884
2022-05-22 07:00:00,14.971758916485474
2022-05-22 08:00:00,16.565709070768364
2022-05-22 09:00:00,18.146110876625904
2022-05-22 10:00:00,20.16163677868267
2022-05-22 11:00:00,23.51549531061715
2022-05-22 12:00:00,24.35360937933414
2022-05-22 13:00:00,25.260585934771044
2022-05-22 14:00:00,25.374196350292305
2022-05-22 15:00:00,25.79462771140234
2022-05-22 16:00:00,25.378268642378
2022-05-22 17:00:00,24.699688780303745
2022-05-22 18:00:00,23.439040778436784
2022-05-22 19:00:00,21.79808451346449
2022-05-22 20:00:00,19.97755960960224
2022-05-22 21:00:00,18.679225943537407
2022-05-22 22:00:00,17.968177096014806
2022-05-22 23:00:00,17.558794582427367
2022-05-23 00:00:00,17.18703566594189
2022-05-23 01:00:00,16.843517832970946
2022-05-23 02:00:00,16.698333666064833
2022-05-23 03:00:00,16.388117985509815
2022-05-23 04:00:00,16.114537125241053
2022-05-23 05:00:00,15.499322442880544
2022-05-23 06:00:00,15.51543235930455
2022-05-23 07:00:00,16.83496848635109
2022-05-23 08:00:00,18.844288932842616
2022-05-23 09:00:00,20.28962870959685
2022-05-23 10:00:00,22.59926037578463
2022-05-23 11:00:00,25.165125056401124
2022-05-23 12:00:00,26.783890083576
2022-05-23 13:00:00,28.23172936123298
2022-05-23 14:00:00,29.181912529944576
2022-05-23 15:00:00,28.668177096014805
2022-05-23 16:00:00,27.086326633166134
2022-05-23 17:00:00,27.25873251533145
2022-05-23 18:00:00,25.65706618139629
2022-05-23 19:00:00,23.764782361048567
2022-05-23 20:00:00,22.08959723394055
2022-05-23 21:00:00,20.8280539980101
2022-05-23 22:00:00,19.63993601250028
2022-05-23 23:00:00,18.521910609540768
2022-05-24 00:00:00,17.392096734843296
2022-05-24 01:00:00,16.945923791121476
2022-05-24 02:00:00,16.63295945706337
2022-05-24 03:00:00,15.4631160271134
2022-05-24 04:00:00,15.106883012684692
2022-05-24 05:00:00,14.758054958212
2022-05-24 06:00:00,14.57515365145171
2022-05-24 07:00:00,16.2359572631668
2022-05-24 08:00:00,18.616203459176216
2022-05-24 09:00:00,20.94959915434436
2022-05-24 10:00:00,23.057470943844763
2022-05-24 11:00:00,24.75049438840785
2022-05-24 12:00:00,26.07681998538688
2022-05-24 13:00:00,27.2211709853254
2022-05-24 14:00:00,27.00746702705193
2022-05-24 15:00:00,27.64076917946786
2022-05-24 16:00:00,27.3722493881005
2022-05-24 17:00:00,26.09792890361637
2022-05-24 18:00:00,24.60987298520246
2022-05-24 19:00:00,23.209872985202463
2022-05-24 20:00:00,21.37907033368928
2022-05-24 21:00:00,20.07308255506808
2022-05-24 22:00:00,19.155983861828368
2022-05-24 23:00:00,17.953577903677836
2022-05-25 00:00:00,16.84336222312282
2022-05-25 01:00:00,16.565521985263935
2022-05-25 02:00:00,15.813454805673132
2022-05-25 03:00:00,15.327065221194388
2022-05-25 04:00:00,15.314194429888497
2022-05-25 05:00:00,14.645090624153896
2022-05-25 06:00:00,14.654566680493549
2022-05-25 07:00:00,16.297500499097257
2022-05-25 08:00:00,18.17873547192238
2022-05-25 09:00:00,20.44043431770096
2022-05-25 10:00:00,22.34277820875558
2022-05-25 11:00:00,23.983796540823786
2022-05-25 12:00:00,24.621420137925742
2022-05-25 13:00:00,24.43654127753404
2022-05-25 14:00:00,23.32191060954077
2022-05-25 15:00:00,23.541664413531358
2022-05-25 16:00:00,23.851140469871005
2022-05-25 17:00:00,21.65379558062188
2022-05-25 18:00:00,21.38879554262927
2022-05-25 19:00:00,20.616203459176216
2022-05-25 20:00:00,19.80083316696758
2022-05-25 21:00:00,19.064782361048564
2022-05-25 22:00:00,18.17691352813909
2022-05-25 23:00:00,16.87848631932204
2022-05-26 00:00:00,15.633302152415927
2022-05-26 01:00:00,14.657221791244416
2022-05-26 02:00:00,14.21527674945642
2022-05-26 03:00:00,13.747745734904768
2022-05-26 04:00:00,13.10663386008435
2022-05-26 05:00:00,12.875986818419294
2022-05-26 06:00:00,12.91527674945642
2022-05-26 07:00:00,14.379475096137748
2022-05-26 08:00:00,16.063303112617835
2022-05-26 09:00:00,17.351421098127652
2022-05-26 10:00:00,19.23265607095277
2022-05-26 11:00:00,20.48305691660841
2022-05-26 12:00:00,21.9719145263336
2022-05-26 13:00:00,24.105248154405828
2022-05-26 14:00:00,24.36746894745574
2022-05-26 15:00:00,24.457097657052596
2022-05-26 16:00:00,24.21598578223217
2022-05-26 17:00:00,23.51604784932809
2022-05-26 18:00:00,21.76811502891889
2022-05-26 19:00:00,20.16728186195131
2022-05-26 20:00:00,18.243424290218734
2022-05-26 21:00:00,16.98536933200673
2022-05-26 22:00:00,16.31709869323971
2022-05-26 23:00:00,16.01793186020729
2022-05-27 00:00:00,16.3940122213788
2022-05-27 01:00:00,16.595834165162092
2022-05-27 02:00:00,16.478641929170166
2022-05-27 03:00:00,16.493179054411222
2022-05-27 04:00:00,16.76743747179944
2022-05-27 05:00:00,16.681974597040494
2022-05-27 06:00:00,16.343517832970946
2022-05-27 07:00:00,17.4059877786212
2022-05-27 08:00:00,18.46345872246596
2022-05-27 09:00:00,19.8898778621972
2022-05-27 10:00:00,20.8898778621972
2022-05-27 11:00:00,22.26074154461917
2022-05-27 12:00:00,22.53864384957397
2022-05-27 13:00:00,23.819785279646883
2022-05-27 14:00:00,23.532468985448347
2022-05-27 15:00:00,24.26074154461917
2022-05-27 16:00:00,24.47351879317285
2022-05-27 17:00:00,24.582901306760284
2022-05-27 18:00:00,23.933240085320016
2022-05-27 19:00:00,21.88688005609377
2022-05-27 20:00:00,20.12367048622815
2022-05-27 21:00:00,18.688608457124843
2022-05-27 22:00:00,17.691263567875716
2022-05-27 23:00:00,17.344257457186313
2022-05-28 00:00:00,16.98206813979271
2022-05-28 01:00:00,16.30447705453416
2022-05-28 02:00:00,15.098489275912964
2022-05-28 03:00:00,14.886545194326873
2022-05-28 04:00:00,15.207903265156704
2022-05-28 05:00:00,15.495032473850811
2022-05-28 06:00:00,16.033489237920357
2022-05-28 07:00:00,17.51222470984274
2022-05-28 08:00:00,19.30358182047067
2022-05-28 09:00:00,22.4359887388231
2022-05-28 10:00:00,25.05484730875019
2022-05-28 11:00:00,26.223024404765
2022-05-28 12:00:00,27.97428989304452
2022-05-28 13:00:00,28.37342525042064
2022-05-28 14:00:00,29.263147502769705
2022-05-28 15:00:00,29.351943045398976
2022-05-28 16:00:00,28.25274473671025
2022-05-28 17:00:00,28.000677557119456
2022-05-28 18:00:00,26.86827063876702
2022-05-28 19:00:00,24.98188105428828
2022-05-28 20:00:00,22.01524527380012
2022-05-28 21:00:00,20.913361262920915
2022-05-28 22:00:00,19.617744774702864
2022-05-28 23:00:00,18.929782399041173
2022-05-29 00:00:00,17.962532012746166
2022-05-29 01:00:00,17.42049342820595
2022-05-29 02:00:00,16.70447705453416
2022-05-29 03:00:00,16.481328515577342
2022-05-29 04:00:00,17.6719460019899
2022-05-29 05:00:00,17.762719098250592
2022-05-29 06:00:00,17.924168791428833
2022-05-29 07:00:00,18.70182194378329
2022-05-29 08:00:00,20.341945041788
2022-05-29 09:00:00,21.438456764069542
2022-05-29 10:00:00,23.051327555375437
2022-05-29 11:00:00,24.049412068839928
2022-05-29 12:00:00,25.09824012331262
2022-05-29 13:00:00,25.893669526026244
2022-05-29 14:00:00,27.140185165100625
2022-05-29 15:00:00,27.73836322131733
2022-05-29 16:00:00,27.125211801754794
2022-05-29 17:00:00,25.306259689075493
2022-05-29 18:00:00,23.226138511474595
2022-05-29 19:00:00,22.138020525964773
2022-05-29 20:00:00,21.210799694922255
2022-05-29 21:00:00,20.310799694922256
2022-05-29 22:00:00,19.52367048622815
2022-05-29 23:00:00,19.115954306575876
2022-05-30 00:00:00,19.081818987192364
2022-05-30 01:00:00,18.923764028980365
2022-05-30 02:00:00,19.135801653318676
2022-05-30 03:00:00,19.072592083453053
2022-05-30 04:00:00,18.772685626205263
2022-05-30 05:00:00,18.634228862135725
2022-05-30 06:00:00,18.69743843200134
2022-05-30 07:00:00,19.44095626497229
2022-05-30 08:00:00,20.02126452807762
2022-05-30 09:00:00,20.528147540762312
2022-05-30 10:00:00,21.00928897083522
2022-05-30 11:00:00,22.22981387469748
2022-05-30 12:00:00,22.283391778375314
2022-05-30 13:00:00,22.295429402713623
2022-05-30 14:00:00,20.919255498789894
2022-05-30 15:00:00,20.58438055519102
2022-05-30 16:00:00,21.421358070829832
2022-05-30 17:00:00,20.19817805621671
2022-05-30 18:00:00,19.2110488475226
2022-05-30 19:00:00,18.572592083453053
2022-05-30 20:00:00,18.449505611592144
2022-05-30 21:00:00,18.03580165331867
2022-05-30 22:00:00,17.051078402775094
2022-05-30 23:00:00,16.363116027113403
2022-05-31 00:00:00,15.727991930914186
2022-05-31 01:00:00,15.09036833381222
2022-05-31 02:00:00,14.36144969317824
2022-05-31 03:00:00,13.277808762202582
2022-05-31 04:00:00,12.788795542629272
2022-05-31 05:00:00,11.633208609663711
2022-05-31 06:00:00,12.340029555252492
2022-05-31 07:00:00,14.534290929231638
2022-05-31 08:00:00,17.11552590205676
2022-05-31 09:00:00,19.248921597224907
2022-05-31 10:00:00,21.343860528323503
2022-05-31 11:00:00,21.98305691660841
2022-05-31 12:00:00,24.412902266962192
2022-05-31 13:00:00,26.71357982408165
2022-05-31 14:00:00,27.658086433868306
2022-05-31 15:00:00,27.51265311436185
2022-05-31 16:00:00,27.00061549002354
2022-05-31 17:00:00,25.14851683477644
2022-05-31 18:00:00,24.326107920034985
2022-05-31 19:00:00,21.99975084739966
2022-05-31 20:00:00,20.181203497168823
2022-05-31 21:00:00,19.153733513525964
2022-05-31 22:00:00,18.451818026990463
2022-05-31 23:00:00,17.47873547192238
2022-06-01 00:00:00,17.01037129040315
2022-06-01 01:00:00,17.189106762325526
2022-06-01 02:00:00,17.301020252472007
2022-06-01 03:00:00,15.849661221440272
2022-06-01 04:00:00,15.554909375846105
2022-06-01 05:00:00,17.127252306698818
2022-06-01 06:00:00,16.058148500964215
2022-06-01 07:00:00,17.55657570978127
2022-06-01 08:00:00,19.794199306883232
2022-06-01 09:00:00,21.64694404359349
2022-06-01 10:00:00,23.921358070829832
2022-06-01 11:00:00,25.934135319383508
2022-06-01 12:00:00,29.300031475656297
2022-06-01 13:00:00,29.8082696025799
2022-06-01 14:00:00,28.56811502891889
2022-06-01 15:00:00,27.681203497168823
2022-06-01 16:00:00,27.703332667870328
2022-06-01 17:00:00,27.07857986207425
2022-06-01 18:00:00,25.70416583483791
2022-06-01 19:00:00,23.6750915843558
2022-06-01 20:00:00,21.186202498974318
2022-06-01 21:00:00,19.87083220676568
2022-06-01 22:00:00,18.911788471737964
2022-06-01 23:00:00,17.608144584171384
2022-06-02 00:00:00,16.70058401436724
2022-06-02 01:00:00,14.961449693178238
2022-06-02 02:00:00,15.034290929231638
2022-06-02 03:00:00,14.395678555313966
2022-06-02 04:00:00,14.148672444624564
2022-06-02 05:00:00,14.222191237797414
2022-06-02 06:00:00,14.701759876687376
2022-06-02 07:00:00,16.55981483489938
2022-06-02 08:00:00,18.272685626205263
2022-06-02 09:00:00,19.81629700192843
2022-06-02 10:00:00,21.30441498743825
2022-06-02 11:00:00,23.19858281866518
2022-06-02 12:00:00,24.225835125363997
2022-06-02 13:00:00,24.79478332125047
2022-06-02 14:00:00,24.66046091636253
2022-06-02 15:00:00,25.074904498851367
2022-06-02 16:00:00,24.662189317393604
2022-06-02 17:00:00,23.463762108576557
2022-06-02 18:00:00,22.12780484540976
2022-06-02 19:00:00,21.01842233182232
2022-06-02 20:00:00,20.138114068716988
2022-06-02 21:00:00,19.60490545905327
2022-06-02 22:00:00,19.677653152354456
2022-06-02 23:00:00,19.64518416690611
2022-06-03 00:00:00,19.54601733387369
2022-06-03 01:00:00,19.15706618139629
2022-06-03 02:00:00,18.75796141545979
2022-06-03 03:00:00,19.012621638705543
2022-06-03 04:00:00,19.012621638705543
2022-06-03 05:00:00,19.22126452807762
2022-06-03 06:00:00,19.420431361110037
2022-06-03 07:00:00,19.92043136111004
2022-06-03 08:00:00,20.634968486351088
2022-06-03 09:00:00,22.281390582673254
2022-06-03 10:00:00,23.423919638828487
2022-06-03 11:00:00,24.773269640572508
2022-06-03 12:00:00,25.930553498912843
2022-06-03 13:00:00,27.87083220676568
2022-06-03 14:00:00,29.80256156799866
2022-06-03 15:00:00,30.05283827946247
2022-06-03 16:00:00,27.60826871836321
2022-06-03 17:00:00,25.98086080181627
2022-06-03 18:00:00,23.98950369118834
2022-06-03 19:00:00,22.4971578037447
2022-06-03 20:00:00,21.167343929047224
2022-06-03 21:00:00,20.58438055519102
2022-06-03 22:00:00,20.08438055519102
2022-06-03 23:00:00,19.65623301442871
2022-06-04 00:00:00,19.896262569681205
2022-06-04 01:00:00,19.24842329202422
2022-06-04 02:00:00,18.965615528016148
2022-06-04 03:00:00,18.93231337560022
2022-06-04 04:00:00,19.00166633393516
2022-06-04 05:00:00,18.90166633393516
2022-06-04 06:00:00,19.151327555375435
2022-06-04 07:00:00,20.177007070891303
2022-06-04 08:00:00,21.65648216702905
2022-06-04 09:00:00,22.891450653380144
2022-06-04 10:00:00,23.893950154282887
2022-06-04 11:00:00,25.310215680555014
2022-06-04 12:00:00,26.31370395827347
2022-06-04 13:00:00,27.877007070891302
2022-06-04 14:00:00,28.066791390336284
2022-06-04 15:00:00,28.436883972886594
2022-06-04 16:00:00,27.9870671415982
2022-06-04 17:00:00,28.02469073870016
2022-06-04 18:00:00,28.70666533574065
2022-06-04 19:00:00,27.47253001635714
2022-06-04 20:00:00,26.718702960078964
2022-06-04 21:00:00,25.388639932781143
2022-06-04 22:00:00,24.63632360059
2022-06-04 23:00:00,23.76363797438473
2022-06-05 00:00:00,22.87484243175546
2022-06-05 01:00:00,22.239134321189
2022-06-05 02:00:00,22.698022446368583
2022-06-05 03:00:00,22.335490433622414
2022-06-05 04:00:00,22.76753101455165
2022-06-05 05:00:00,22.337623597101967
2022-06-05 06:00:00,21.632468985448348
2022-06-05 07:00:00,21.17009258255031
2022-06-05 08:00:00,21.31876502717488
2022-06-05 09:00:00,21.68129703992104
2022-06-05 10:00:00,22.20521667874953
2022-06-05 11:00:00,22.260710068962872
2022-06-05 12:00:00,21.609538123435563
2022-06-05 13:00:00,20.15481583309389
2022-06-05 14:00:00,19.107716179652275
2022-06-05 15:00:00,18.674414027236345
2022-06-05 16:00:00,18.08030826310533
2022-06-05 17:00:00,18.18030826310533
2022-06-05 18:00:00,18.24351783297095
2022-06-05 19:00:00,18.198333666064837
2022-06-05 20:00:00,18.03935199813304
2022-06-05 21:00:00,18.18129703992104
2022-06-05 22:00:00,18.15555545730925
2022-06-05 23:00:00,17.853889123374096
2022-06-06 00:00:00,17.38139058267325
2022-06-06 01:00:00,17.328396693362656
2022-06-06 02:00:00,17.194105764131017
2022-06-06 03:00:00,17.280401805857544
2022-06-06 04:00:00,17.341945041787998
2022-06-06 05:00:00,17.20182194378329
2022-06-06 06:00:00,17.288951152477402
2022-06-06 07:00:00,17.756388624276838
2022-06-06 08:00:00,18.0359572631668
2022-06-06 09:00:00,18.373580860268763
2022-06-06 10:00:00,18.63330215241593
2022-06-06 11:00:00,18.3719145263336
2022-06-06 12:00:00,18.372008069085812
2022-06-06 13:00:00,20.19525015079485
2022-06-06 14:00:00,22.44111187482041
2022-06-06 15:00:00,23.173736470116893
2022-06-06 16:00:00,23.46793577700012
2022-06-06 17:00:00,22.672436473604925
2022-06-06 18:00:00,22.436050805919017
2022-06-06 19:00:00,21.54444454269074
2022-06-06 20:00:00,20.324013181580703
2022-06-06 21:00:00,19.426668292331577
2022-06-06 22:00:00,18.45058793116007
2022-06-06 23:00:00,17.550587931160067
2022-06-07 00:00:00,16.72234684764554
2022-06-07 01:00:00,16.130896194265397
2022-06-07 02:00:00,15.6779023049548
2022-06-07 03:00:00,15.064198346681328
2022-06-07 04:00:00,14.787284818542236
2022-06-07 05:00:00,15.74894560716727
2022-06-07 06:00:00,14.763365179713745
2022-06-07 07:00:00,15.86253201274616
2022-06-07 08:00:00,16.92308647186091
2022-06-07 09:00:00,18.10589423586898
2022-06-07 10:00:00,18.893856611530676
2022-06-07 11:00:00,19.372592083453057
2022-06-07 12:00:00,21.029813874697474
2022-06-07 13:00:00,20.789690776692765
2022-06-07 14:00:00,22.77034173515065
2022-06-07 15:00:00,22.76561552801615
2022-06-07 16:00:00,22.132468985448348
2022-06-07 17:00:00,21.57092574951789
2022-06-07 18:00:00,20.8779023049548
2022-06-07 19:00:00,20.337623597101963
2022-06-07 20:00:00,18.6779023049548
2022-06-07 21:00:00,17.51885856992709
2022-06-07 22:00:00,17.2640427368332
2022-06-07 23:00:00,17.4
2022-06-08 00:00:00,16.593272597163434
2022-06-08 01:00:00,16.195678555313965
2022-06-08 02:00:00,15.984474097943234
2022-06-08 03:00:00,16.06753101455165
2022-06-08 04:00:00,16.149661221440272
2022-06-08 05:00:00,15.594938931098596
2022-06-08 06:00:00,15.773518793172853
2022-06-08 07:00:00,16.641945041788
2022-06-08 08:00:00,18.64558892935458
2022-06-08 09:00:00,19.84120541757263
2022-06-08 10:00:00,21.283890083576
2022-06-08 11:00:00,22.505154611653616
2022-06-08 12:00:00,23.135030553447
2022-06-08 13:00:00,24.47265415054897
2022-06-08 14:00:00,24.529875941793385
2022-06-08 15:00:00,24.65697263864408
2022-06-08 16:00:00,24.905800693116767
2022-06-08 17:00:00,24.045985858217392
2022-06-08 18:00:00,22.276570832786533
2022-06-08 19:00:00,21.3331465425678
2022-06-08 20:00:00,20.28447409794324
2022-06-08 21:00:00,19.698178056216708
2022-06-08 22:00:00,19.245861724025566
2022-06-08 23:00:00,18.57848631932204
2022-06-09 00:00:00,18.228825097881767
2022-06-09 01:00:00,18.29370100168255
2022-06-09 02:00:00,18.20740495995602
2022-06-09 03:00:00,18.004905459053273
2022-06-09 04:00:00,17.930647041665058
2022-06-09 05:00:00,17.738363221317332
2022-06-09 06:00:00,17.681141430072913
2022-06-09 07:00:00,18.10672740283657
2022-06-09 08:00:00,19.462376402898037
2022-06-09 09:00:00,20.73679043013438
2022-06-09 10:00:00,21.909538123435564
2022-06-09 11:00:00,24.24361137572316
2022-06-09 12:00:00,24.76759308164757
2022-06-09 13:00:00,24.36503151364891
2022-06-09 14:00:00,24.138363221317327
2022-06-09 15:00:00,24.788857609725184
2022-06-09 16:00:00,24.503239125118117
2022-06-09 17:00:00,23.93462579099853
2022-06-09 18:00:00,23.05863897257924
2022-06-09 19:00:00,22.243268680370605
2022-06-09 20:00:00,21.09194112499517
2022-06-09 21:00:00,20.04061356961973
2022-06-09 22:00:00,18.926232054226805
2022-06-09 23:00:00,18.30996652795468
2022-06-10 00:00:00,18.30996652795468
2022-06-10 01:00:00,18.09385661153068
2022-06-10 02:00:00,17.652744736710257
2022-06-10 03:00:00,17.313454805673132
2022-06-10 04:00:00,16.874164874636
2022-06-10 05:00:00,16.451911569742673
2022-06-10 06:00:00,16.935708110566456
2022-06-10 07:00:00,17.90157279118295
2022-06-10 08:00:00,20.376080361171507
2022-06-10 09:00:00,22.623024404765
2022-06-10 10:00:00,23.99228382034773
2022-06-10 11:00:00,26.37555841390018
2022-06-10 12:00:00,25.917776250359164
2022-06-10 13:00:00,27.264969446553
2022-06-10 14:00:00,26.62465926304386
2022-06-10 15:00:00,27.022159762141115
2022-06-10 16:00:00,26.073331707668423
2022-06-10 17:00:00,24.864377598600097
2022-06-10 18:00:00,23.914350039736625
2022-06-10 19:00:00,22.610955304770386
2022-06-10 20:00:00,22.190368333812224
2022-06-10 21:00:00,21.562960417265277
2022-06-10 22:00:00,20.72376402898037
2022-06-10 23:00:00,20.252838279462477
2022-06-11 00:00:00,19.101572791182942
2022-06-11 01:00:00,18.180152653257203
2022-06-11 02:00:00,18.335708110566458
2022-06-11 03:00:00,17.78870199987706
2022-06-11 04:00:00,17.178486319322037
2022-06-11 05:00:00,16.76743747179944
2022-06-11 06:00:00,17.20240595815053
2022-06-11 07:00:00,19.42574158261178
2022-06-11 08:00:00,20.87351879317285
2022-06-11 09:00:00,22.50083316696758
2022-06-11 10:00:00,24.81287079130589
2022-06-11 11:00:00,26.40157279118295
2022-06-11 12:00:00,27.95623301442871
2022-06-11 13:00:00,29.457128248492204
2022-06-11 14:00:00,29.257805805611657
2022-06-11 15:00:00,29.44832974927201
2022-06-11 16:00:00,29.182558611407728
2022-06-11 17:00:00,27.41752709775882
2022-06-11 18:00:00,26.82018220850969
2022-06-11 19:00:00,25.626909611346264
2022-06-11 20:00:00,22.948953072881206
2022-06-11 21:00:00,22.26771810005608
2022-06-11 22:00:00,22.220618446614463
2022-06-11 23:00:00,22.28814946116612
2022-06-12 00:00:00,21.77012405820661
2022-06-12 01:00:00,21.33515557185552
2022-06-12 02:00:00,20.730834127169484
2022-06-12 03:00:00,20.52228478054963
2022-06-12 04:00:00,20.059908377651592
2022-06-12 05:00:00,19.659908377651597
2022-06-12 06:00:00,19.62145161358205
2022-06-12 07:00:00,20.673612335925068
2022-06-12 08:00:00,22.103581820470666
2022-06-12 09:00:00,23.502748653503083
2022-06-12 10:00:00,25.177995847707013
2022-06-12 11:00:00,26.5368839728866
2022-06-12 12:00:00,28.084661183447665
2022-06-12 13:00:00,28.438456764069542
2022-06-12 14:00:00,28.673580860268764
2022-06-12 15:00:00,29.67941302904184
2022-06-12 16:00:00,28.40058401436724
2022-06-12 17:00:00,24.706726518619877
2022-06-12 18:00:00,23.73077117585688
2022-06-12 19:00:00,23.16509358074482
2022-06-12 20:00:00,22.45462874758946
2022-06-12 21:00:00,21.4750601086995
2022-06-12 22:00:00,21.00845580386764
2022-06-12 23:00:00,20.699906457247785
2022-06-13 00:00:00,20.31793186020729
2022-06-13 01:00:00,19.941018332068204
2022-06-13 02:00:00,19.80339473496624
2022-06-13 03:00:00,19.86228286014582
2022-06-13 04:00:00,19.48197459704049
2022-06-13 05:00:00,19.558054958212
2022-06-13 06:00:00,19.918765027174874
2022-06-13 07:00:00,21.059043735027707
2022-06-13 08:00:00,22.34882805447269
2022-06-13 09:00:00,23.91725430308784
2022-06-13 10:00:00,24.8299694845456
2022-06-13 11:00:00,26.08213020688862
2022-06-13 12:00:00,27.34882805447269
2022-06-13 13:00:00,28.260865678811
2022-06-13 14:00:00,28.566175900312743
2022-06-13 15:00:00,28.16950856818307
2022-06-13 16:00:00,27.575247194203925
2022-06-13 17:00:00,27.334290929231635
2022-06-13 18:00:00,26.76237640289804
2022-06-13 19:00:00,25.623919638828493
2022-06-13 20:00:00,24.49145065338014
2022-06-13 21:00:00,23.392283820347725
2022-06-13 22:00:00,22.300000000000004
2022-06-13 23:00:00,21.38447409794324
2022-06-14 00:00:00,20.748672444624564
2022-06-14 01:00:00,20.1529938893106
2022-06-14 02:00:00,19.86669784758407
2022-06-14 03:00:00,19.51370395827347
2022-06-14 04:00:00,18.9308961942654
2022-06-14 05:00:00,18.582223749640832
2022-06-14 06:00:00,18.8940122213788
2022-06-14 07:00:00,19.64783927765698
2022-06-14 08:00:00,21.615525902056763
2022-06-14 09:00:00,22.507038622532814
2022-06-14 10:00:00,22.816265526272133
2022-06-14 11:00:00,23.932780205144603
2022-06-14 12:00:00,23.272070136181725
2022-06-14 13:00:00,22.79342820701156
2022-06-14 14:00:00,22.814630667993267
2022-06-14 15:00:00,21.13512409619922
2022-06-14 16:00:00,17.55737740109255
2022-06-14 17:00:00,17.80864288937207
2022-06-14 18:00:00,17.83438447198385
2022-06-14 19:00:00,17.359137277779922
2022-06-14 20:00:00,17.226574749579363
2022-06-14 21:00:00,16.942684666003366
2022-06-14 22:00:00,16.653733513525964
2022-06-14 23:00:00,16.50339473496624
2022-06-15 00:00:00,15.680308263105328
2022-06-15 01:00:00,15.260710068962874
2022-06-15 02:00:00,15.027407916546943
2022-06-15 03:00:00,14.8889511524774
2022-06-15 04:00:00,15.002655110750872
2022-06-15 05:00:00,15.002655110750872
2022-06-15 06:00:00,15.269352958334943
2022-06-15 07:00:00,15.593272597163434
2022-06-15 08:00:00,16.03172936123298
2022-06-15 09:00:00,16.56851979136736
2022-06-15 10:00:00,17.535217638951433
2022-06-15 11:00:00,18.102748653503085
2022-06-15 12:00:00,20.07376794577319
2022-06-15 13:00:00,20.6719460019899
2022-06-15 14:00:00,23.333520713576657
2022-06-15 15:00:00,24.52669976798788
2022-06-15 16:00:00,24.310737627826345
2022-06-15 17:00:00,22.98953516684464
2022-06-15 18:00:00,22.582807764008077
2022-06-15 19:00:00,21.43836322131733
2022-06-15 20:00:00,20.41444358248884
2022-06-15 21:00:00,20.342684666003365
2022-06-15 22:00:00,20.3050610689014
2022-06-15 23:00:00,19.86154323593045
2022-06-16 00:00:00,19.30240595815053
2022-06-16 01:00:00,18.78280776400808
2022-06-16 02:00:00,18.40672740283657
2022-06-16 03:00:00,17.907560569804147
2022-06-16 04:00:00,17.54435099993853
2022-06-16 05:00:00,17.272592083453056
2022-06-16 06:00:00,17.34867244462456
2022-06-16 07:00:00,17.511048847522602
2022-06-16 08:00:00,18.26669784758407
2022-06-16 09:00:00,19.203488277718453
2022-06-16 10:00:00,20.958304110812342
2022-06-16 11:00:00,21.72500195839641
2022-06-16 12:00:00,23.19753197475356
2022-06-16 13:00:00,23.665031513648906
2022-06-16 14:00:00,24.23240691835243
2022-06-16 15:00:00,24.1470061106894
2022-06-16 16:00:00,24.05604592892428
2022-06-16 17:00:00,23.651973636838587
2022-06-16 18:00:00,22.98761968030913
2022-06-16 19:00:00,21.96370004148064
2022-06-16 20:00:00,20.554317527893208
2022-06-16 21:00:00,20.09542940271362
2022-06-16 22:00:00,19.314287972640717
2022-06-16 23:00:00,18.624597195947945
2022-06-17 00:00:00,18.2331465425678
2022-06-17 01:00:00,17.071603306637346
2022-06-17 02:00:00,16.569936972702184
2022-06-17 03:00:00,16.683640930975656
2022-06-17 04:00:00,17.10864288937207
2022-06-17 05:00:00,17.04277820875558
2022-06-17 06:00:00,17.355649000061472
2022-06-17 07:00:00,18.790617486412565
2022-06-17 08:00:00,20.04783927765698
2022-06-17 09:00:00,20.915370292208635
2022-06-17 10:00:00,21.654566680493552
2022-06-17 11:00:00,22.484629707791363
2022-06-17 12:00:00,23.360710068962877
2022-06-17 13:00:00,23.9110488475226
2022-06-17 14:00:00,24.75888812517958
2022-06-17 15:00:00,25.501572791182944
2022-06-17 16:00:00,25.179319486289614
2022-06-17 17:00:00,25.844288932842616
2022-06-17 18:00:00,25.43496848635109
2022-06-17 19:00:00,24.65024523580751
2022-06-17 20:00:00,23.670676596917552
2022-06-17 21:00:00,22.787868832909474
2022-06-17 22:00:00,22.39135711062793
2022-06-17 23:00:00,21.929813874697476
2022-06-18 00:00:00,21.81876502717488
2022-06-18 01:00:00,21.953733513525968
2022-06-18 02:00:00,21.748672444624564
2022-06-18 03:00:00,21.487962375661688
2022-06-18 04:00:00,21.206727402836563
2022-06-18 05:00:00,21.15623301442871
2022-06-18 06:00:00,21.350338778559728
2022-06-18 07:00:00,22.12043136111004
2022-06-18 08:00:00,23.416203459176216
2022-06-18 09:00:00,24.71364189117756
2022-06-18 10:00:00,24.830584974569145
2022-06-18 11:00:00,25.79561648821805
2022-06-18 12:00:00,26.46398066973729
2022-06-18 13:00:00,25.88092375312887
2022-06-18 14:00:00,25.49046187656444
2022-06-18 15:00:00,26.38441203084732
2022-06-18 16:00:00,26.84262259890745
2022-06-18 17:00:00,27.019536127046543
2022-06-18 18:00:00,26.019442584294325
2022-06-18 19:00:00,24.372342930852717
2022-06-18 20:00:00,23.08438055519102
2022-06-18 21:00:00,22.516109916424
2022-06-18 22:00:00,21.96660430483185
2022-06-18 23:00:00,21.65722179124442
2022-06-19 00:00:00,21.93413531938351
2022-06-19 01:00:00,21.87175891648548
2022-06-19 02:00:00,21.84783927765698
2022-06-19 03:00:00,21.748672444624564
2022-06-19 04:00:00,21.586296041726527
2022-06-19 05:00:00,21.438456764069542
2022-06-19 06:00:00,21.29219027759551
2022-06-19 07:00:00,21.701572791182947
2022-06-19 08:00:00,22.440707112371943
2022-06-19 09:00:00,23.404072292085694
2022-06-19 10:00:00,23.82043136111004
2022-06-19 11:00:00,24.598178056216707
2022-06-19 12:00:00,24.843455765875035
2022-06-19 13:00:00,24.84262259890745
2022-06-19 14:00:00,25.203332667870324
2022-06-19 15:00:00,25.641695889187652
2022-06-19 16:00:00,25.865709070768364
2022-06-19 17:00:00,25.835646043470547
2022-06-19 18:00:00,25.55697263864408
2022-06-19 19:00:00,24.110861762018168
2022-06-19 20:00:00,23.13295945706337
2022-06-19 21:00:00,22.85181802699046
2022-06-19 22:00:00,22.351818026990465
2022-06-19 23:00:00,22.30830019401952
2022-06-20 00:00:00,22.116109916424
2022-06-20 01:00:00,21.805894235868983
2022-06-20 02:00:00,22.006727402836567
2022-06-20 03:00:00,21.70839373677173
2022-06-20 04:00:00,21.734968486351093
2022-06-20 05:00:00,21.81188201449018
2022-06-20 06:00:00,22.08879554262927
2022-06-20 07:00:00,22.724752805796072
2022-06-20 08:00:00,23.89061748641256
2022-06-20 09:00:00,24.840278707852832
2022-06-20 10:00:00,26.25747094384476
2022-06-20 11:00:00,27.45830411081234
2022-06-20 12:00:00,28.3589816679318
2022-06-20 13:00:00,28.791450653380146
2022-06-20 14:00:00,29.10348827771845
2022-06-20 15:00:00,29.42391963882849
2022-06-20 16:00:00,29.081047887320693
2022-06-20 17:00:00,28.62184854244486
2022-06-20 18:00:00,27.592774291962755
2022-06-20 19:00:00,26.044101847338187
2022-06-20 20:00:00,24.805489473420515
2022-06-20 21:00:00,23.72690961134626
2022-06-20 22:00:00,22.72027575126191
2022-06-20 23:00:00,22.066542237735945
2022-06-21 00:00:00,21.637467987253835
2022-06-21 01:00:00,21.2331465425678
2022-06-21 02:00:00,20.79901122318429
2022-06-21 03:00:00,20.61944258429433
2022-06-21 04:00:00,20.23746798725384
2022-06-21 05:00:00,19.843517832970942
2022-06-21 06:00:00,19.76660430483185
2022-06-21 07:00:00,20.03487494359888
2022-06-21 08:00:00,20.356139471676496
2022-06-21 09:00:00,22.20397874933348
2022-06-21 10:00:00,24.324721330139774
2022-06-21 11:00:00,26.198146580560405
2022-06-21 12:00:00,27.594658302841957
2022-06-21 13:00:00,28.518577941670447
2022-06-21 14:00:00,29.164595275544137
2022-06-21 15:00:00,29.393763068778465
2022-06-21 16:00:00,28.583360302719008
2022-06-21 17:00:00,27.45922298694648
2022-06-21 18:00:00,26.04400830458597
2022-06-21 19:00:00,24.532219832848003
2022-06-21 20:00:00,23.21262163870555
2022-06-21 21:00:00,22.591201500779803
2022-06-21 22:00:00,22.11860941732675
2022-06-21 23:00:00,21.60922690373931
2022-06-22 00:00:00,21.149505611592144
2022-06-22 01:00:00,20.83330215241593
2022-06-22 02:00:00,20.916943083391583
2022-06-22 03:00:00,21.0640427368332
2022-06-22 04:00:00,21.28796237566169
2022-06-22 05:00:00,21.2691038057346
2022-06-22 06:00:00,21.21527674945642
2022-06-22 07:00:00,21.99817805621671
2022-06-22 08:00:00,23.256326557180927
2022-06-22 09:00:00,23.83413531938351
2022-06-22 10:00:00,25.189784319444986
2022-06-22 11:00:00,26.094845388346386
2022-06-22 12:00:00,27.698333666064837
2022-06-22 13:00:00,29.351171945527305
2022-06-22 14:00:00,28.996262569681207
2022-06-22 15:00:00,29.18320469287088
2022-06-22 16:00:00,28.536354192029613
2022-06-22 17:00:00,27.110519066665617
2022-06-22 18:00:00,25.80805104141917
2022-06-22 19:00:00,24.78172544444015
2022-06-22 20:00:00,23.98761968030913
2022-06-22 21:00:00,23.215121139608293
2022-06-22 22:00:00,22.452744736710255
2022-06-22 23:00:00,21.844350999938527
2022-06-23 00:00:00,21.538363221317333
2022-06-23 01:00:00,21.277653152354457
2022-06-23 02:00:00,21.242684666003367
2022-06-23 03:00:00,21.04435099993853
2022-06-23 04:00:00,20.65539984746113
2022-06-23 05:00:00,20.9110488475226
2022-06-23 06:00:00,21.233302152415927
2022-06-23 07:00:00,22.52126452807762
2022-06-23 08:00:00,23.44336222312282
2022-06-23 09:00:00,25.655337780365212
2022-06-23 10:00:00,27.46064800186696
2022-06-23 11:00:00,28.58024619600942
2022-06-23 12:00:00,28.235646043470545
2022-06-23 13:00:00,24.9
2022-06-23 14:00:00,25.418765027174874
2022-06-23 15:00:00,24.770925749517893
2022-06-23 16:00:00,24.86154323593045
2022-06-23 17:00:00,24.93762359710196
2022-06-23 18:00:00,24.894845388346383
2022-06-23 19:00:00,24.424659263043857
2022-06-23 20:00:00,23.91876502717487
2022-06-23 21:00:00,23.753733513525965
2022-06-23 22:00:00,23.743517832970944
2022-06-23 23:00:00,23.657221791244417
2022-06-24 00:00:00,23.46743747179944
2022-06-24 01:00:00,23.56743747179944
2022-06-24 02:00:00,23.542684666003368
2022-06-24 03:00:00,23.19484538834638
2022-06-24 04:00:00,22.595678555313963
2022-06-24 05:00:00,21.816943083391585
2022-06-24 06:00:00,20.2691038057346
2022-06-24 07:00:00,20.22475280579608
2022-06-24 08:00:00,23.359384209279106
2022-06-24 09:00:00,23.625409089371722
2022-06-24 16:00:00,24.562359748111724
2022-06-24 17:00:00,25.493701001682545
2022-06-24 18:00:00,25.02110891822949
2022-06-24 19:00:00,24.44941206883993
2022-06-24 20:00:00,23.252900346558384
2022-06-24 21:00:00,23.32898070772989
2022-06-24 22:00:00,23.06743747179944
2022-06-24 23:00:00,22.65456668049355
2022-06-25 00:00:00,21.905894235868985
2022-06-25 01:00:00,21.413703958273477
2022-06-25 02:00:00,21.36154323593045
2022-06-25 03:00:00,21.279568638889963
2022-06-25 04:00:00,21.15398266612631
2022-06-25 05:00:00,21.22824108351453
2022-06-25 06:00:00,21.45648216702905
2022-06-25 07:00:00,22.76669784758407
2022-06-25 08:00:00,24.564969446552997
2022-06-25 09:00:00,26.3820060726968
2022-06-25 10:00:00,27.97752901816263
2022-06-25 11:00:00,28.74762160071294
2022-06-25 12:00:00,29.817558573415127
2022-06-25 13:00:00,30.832251308504304
2022-06-25 14:00:00,31.39879354624025
2022-06-25 15:00:00,31.474780364659544
2022-06-25 16:00:00,30.815798696727747
2022-06-25 17:00:00,29.893701001682544
2022-06-25 18:00:00,28.96462675120044
2022-06-25 19:00:00,27.38953516684464
2022-06-25 20:00:00,26.12465926304386
2022-06-25 21:00:00,25.65879458242737
2022-06-25 22:00:00,25.28694212318968
2022-06-25 23:00:00,24.676819985386874
2022-06-26 00:00:00,24.44857890187235
2022-06-26 01:00:00,24.24774573490477
2022-06-26 02:00:00,24.38114143007291
2022-06-26 03:00:00,24.566604304831856
2022-06-26 04:00:00,24.688857609725183
2022-06-26 05:00:00,24.27691352813909
2022-06-26 06:00:00,24.32126452807762
2022-06-26 07:00:00,24.88280776400807
2022-06-26 08:00:00,25.13496848635109
2022-06-26 09:00:00,25.59901122318429
2022-06-26 10:00:00,26.21271518145776
2022-06-26 11:00:00,26.87857986207425
2022-06-26 12:00:00,27.00166633393516
2022-06-26 13:00:00,27.558794582427367
2022-06-26 14:00:00,28.09558501256175
2022-06-26 15:00:00,28.679163876441493
2022-06-26 16:00:00,29.502250348302404
2022-06-26 17:00:00,29.722868794916867
2022-06-26 18:00:00,29.06894819588647
2022-06-26 19:00:00,27.95530630470892
2022-06-26 20:00:00,27.010122137802803
2022-06-26 21:00:00,26.28536933200673
2022-06-26 22:00:00,26.077559609602243
2022-06-26 23:00:00,26.779319486289623
2022-06-27 00:00:00,26.03305299981558
2022-06-27 01:00:00,25.47243647360492
2022-06-27 02:00:00,25.83157375138485
2022-06-27 03:00:00,25.988795542629276
2022-06-27 04:00:00,25.89311698731531
2022-06-27 05:00:00,25.49395015428289
2022-06-27 06:00:00,25.74178943193987
2022-06-27 07:00:00,26.253827056278183
2022-06-27 08:00:00,26.869197348486814
2022-06-27 09:00:00,27.82641913973124
2022-06-27 10:00:00,27.947683667808853
2022-06-27 11:00:00,28.49984439015187
2022-06-27 12:00:00,28.8750915843558
2022-06-27 13:00:00,29.24768366780885
2022-06-27 14:00:00,28.917776250359164
2022-06-27 15:00:00,29.022930862012775
2022-06-27 16:00:00,28.794689778498253
2022-06-27 17:00:00,28.69552294546584
2022-06-27 18:00:00,28.11345480567313
2022-06-27 19:00:00,27.64169588918766
2022-06-27 20:00:00,27.56296041726528
2022-06-27 21:00:00,27.51079969492226
2022-06-27 22:00:00,27.613454805673133
2022-06-27 23:00:00,27.680152653257203
2022-06-28 00:00:00,27.54086272222008
2022-06-28 01:00:00,27.41345480567313
2022-06-28 02:00:00,27.199750847399656
2022-06-28 03:00:00,26.89975084739966
2022-06-28 04:00:00,27.100739624215365
2022-06-28 05:00:00,26.985369332006734
2022-06-28 06:00:00,27.252067179590803
2022-06-28 07:00:00,27.255399847461128
2022-06-28 08:00:00,27.646850500841275
2022-06-28 09:00:00,28.08796237566169
2022-06-28 10:00:00,29.054411070645425
2022-06-28 11:00:00,29.804905459053277
2022-06-28 12:00:00,29.946694890993143
2022-06-28 13:00:00,29.84586172402556
2022-06-28 14:00:00,29.86786587631855
2022-06-28 15:00:00,29.43638566768591
2022-06-28 16:00:00,29.10996652795468
2022-06-28 17:00:00,29.580985820224782
2022-06-28 18:00:00,28.708300194019515
2022-06-28 19:00:00,28.23305299981559
2022-06-28 20:00:00,27.567343929047222
2022-06-28 21:00:00,27.38854639002893
2022-06-28 22:00:00,27.613454805673133
2022-06-28 23:00:00,27.51428797264072
2022-06-29 00:00:00,27.29302344456309
2022-06-29 01:00:00,26.86827063876702
2022-06-29 02:00:00,24.81086176201817
2022-06-29 03:00:00,24.388117985509812
2022-06-29 04:00:00,24.44617294372182
2022-06-29 05:00:00,24.427407916546947
2022-06-29 06:00:00,24.55049438840785
2022-06-29 07:00:00,25.26842624861515
2022-06-29 08:00:00,25.56061652621066
2022-06-29 09:00:00,25.941851499035785
2022-06-29 10:00:00,25.999073290280204
2022-06-29 11:00:00,26.216943083391584
2022-06-29 12:00:00,26.03570811056646
2022-06-29 13:00:00,27.0331465425678
2022-06-29 14:00:00,26.7050610689014
2022-06-29 15:00:00,27.208393736771725
2022-06-29 16:00:00,28.367281861951312
2022-06-29 17:00:00,26.194502692993822
2022-06-29 18:00:00,25.772498540700845
2022-06-29 19:00:00,24.049412068839928
2022-06-29 20:00:00,24.11021568055502
2022-06-29 21:00:00,23.99567855531396
2022-06-29 22:00:00,24.147839277656985
2022-06-29 23:00:00,24.36154323593045
2022-06-30 00:00:00,22.84493501430577
2022-06-30 01:00:00,22.01802540295951
2022-06-30 02:00:00,21.82225330489333
2022-06-30 03:00:00,21.7889511524774
2022-06-30 04:00:00,21.854815833093888
2022-06-30 05:00:00,21.85648216702905
2022-06-30 06:00:00,22.31213116709052
2022-06-30 07:00:00,23.15407620887852
2022-06-30 08:00:00,23.851359031031738
2022-06-30 09:00:00,23.63855030682176
2022-06-30 10:00:00,23.95225426509523
2022-06-30 11:00:00,25.882877664689644
2022-06-30 12:00:00,27.249170749825247
2022-06-30 13:00:00,26.294327078066942
2022-06-30 14:00:00,28.56246994565025
2022-06-30 17:00:00,27.970770139669764
2022-06-30 18:00:00,27.374998041603583
2022-06-30 19:00:00,27.00830019401951
2022-06-30 20:00:00,26.119504651390244
2022-06-30 21:00:00,26.073331707668423
2022-06-30 22:00:00,25.657128248492207
2022-06-30 23:00:00,25.309288970835222
2022-07-01 00:00:00,24.81271518145776
2022-07-01 01:00:00,24.36919734848681
2022-07-01 02:00:00,23.69228382034773
2022-07-01 03:00:00,23.691450653380144
2022-07-01 04:00:00,23.85564900006147
2022-07-01 05:00:00,24.030000960201903
2022-07-01 06:00:00,24.40441498743825
2022-07-01 07:00:00,25.31969173689467
2022-07-01 08:00:00,26.60682094558878
2022-07-01 09:00:00,27.879413029041835
2022-07-01 10:00:00,29.19138858628423
2022-07-01 11:00:00,30.500771099871667
2022-07-01 12:00:00,31.038394696973636
2022-07-01 13:00:00,31.512653114361854
2022-07-01 14:00:00,31.963085435673797
2022-07-01 15:00:00,31.637405920157924
2022-07-01 16:00:00,32.163980669737285
2022-07-01 17:00:00,31.844133322994487
2022-07-01 18:00:00,31.39379454443476
2022-07-01 19:00:00,29.37317609782029
2022-07-01 20:00:00,27.60147924843073
2022-07-01 21:00:00,26.82018220850969
2022-07-01 22:00:00,26.15681702879595
2022-07-01 23:00:00,25.911726404642053
2022-07-02 00:00:00,25.48962870959685
2022-07-02 01:00:00,24.84178943193987
2022-07-02 02:00:00,23.957221791244415
2022-07-02 03:00:00,23.396511722281545
2022-07-02 04:00:00,23.157221791244417
2022-07-02 05:00:00,23.100833166967583
2022-07-02 06:00:00,23.3640427368332
2022-07-02 07:00:00,24.391450653380147
2022-07-02 08:00:00,26.12469073870016
2022-07-02 09:00:00,27.20407229208569
2022-07-02 10:00:00,28.79552294546584
2022-07-02 11:00:00,29.994689778498252
2022-07-02 12:00:00,30.420182208509694
2022-07-02 13:00:00,30.584380555191025
2022-07-02 14:00:00,30.43462579099854
2022-07-02 15:00:00,30.98089227747257
2022-07-02 16:00:00,30.720182208509694
2022-07-02 17:00:00,30.2552127619567
2022-07-02 18:00:00,29.36891672023017
2022-07-02 19:00:00,28.08163190168793
2022-07-02 20:00:00,26.76468881829635
2022-07-02 21:00:00,26.129564722097136
2022-07-02 22:00:00,25.1912015007798
2022-07-02 23:00:00,24.66811502891889
2022-07-03 00:00:00,24.41428797264071
2022-07-03 01:00:00,23.95107840277509
2022-07-03 02:00:00,23.71262163870555
2022-07-03 03:00:00,23.21444358248884
2022-07-03 04:00:00,22.72549243001144
2022-07-03 05:00:00,22.592190277595517
2022-07-03 06:00:00,22.640862722220074
2022-07-03 07:00:00,23.97259208345305
2022-07-03 08:00:00,25.29046187656444
2022-07-03 09:00:00,26.360554459114745
2022-07-03 10:00:00,27.786046889126183
2022-07-03 11:00:00,29.279319486289623
2022-07-03 12:00:00,30.68431848809511
2022-07-03 13:00:00,31.931324598784503
2022-07-03 14:00:00,32.22616998713089
2022-07-03 15:00:00,32.495460878369926
2022-07-03 16:00:00,32.16104493072977
2022-07-03 17:00:00,31.02159938984452
2022-07-03 18:00:00,30.26703270935097
2022-07-03 19:00:00,29.16885465313426
2022-07-03 20:00:00,27.69635611243342
2022-07-03 21:00:00,26.931480208632635
2022-07-03 22:00:00,26.168948195886472
2022-07-03 23:00:00,25.58255861140773
2022-07-04 00:00:00,25.330647041665053
2022-07-04 01:00:00,25.072592083453053
2022-07-04 02:00:00,24.883796540823784
2022-07-04 03:00:00,24.73330215241593
2022-07-04 04:00:00,24.71370395827347
2022-07-04 05:00:00,24.358888125179583
2022-07-04 06:00:00,24.647839277656985
2022-07-04 07:00:00,25.43496848635109
2022-07-04 08:00:00,26.90499900180549
2022-07-04 09:00:00,28.146110876625904
2022-07-04 10:00:00,28.959721292147165
2022-07-04 11:00:00,29.682963373856204
2022-07-04 12:00:00,31.194689778498255
2022-07-04 13:00:00,31.59302344456309
2022-07-04 14:00:00,32.199011223184286
2022-07-04 15:00:00,31.866199542383388
2022-07-04 16:00:00,30.94502855705798
2022-07-04 17:00:00,29.39635611243342
2022-07-04 18:00:00,28.776664375538747
2022-07-04 19:00:00,27.86570907076836
2022-07-04 20:00:00,27.014537125241056
2022-07-04 21:00:00,26.46487590380078
2022-07-04 22:00:00,26.130740584417268
2022-07-04 23:00:00,25.78796237566169
2022-07-05 00:00:00,25.92126452807762
2022-07-05 01:00:00,25.088889085381485
2022-07-05 02:00:00,24.96586468061649
2022-07-05 03:00:00,24.45466022324576
2022-07-05 04:00:00,24.406820945588777
2022-07-05 05:00:00,24.23074058441727
2022-07-05 06:00:00,24.37691352813909
2022-07-05 07:00:00,24.70166633393516
2022-07-05 08:00:00,25.349505611592143
2022-07-05 09:00:00,26.09302344456309
2022-07-05 10:00:00,26.514381515392927
2022-07-05 11:00:00,27.34002955525249
2022-07-05 12:00:00,29.132219832848
2022-07-05 13:00:00,30.0192869744462
2022-07-05 14:00:00,31.212559571609635
2022-07-05 15:00:00,31.332990932719675
2022-07-05 16:00:00,31.86545991816802
2022-07-05 17:00:00,31.3501516930553
2022-07-05 18:00:00,29.80746702705193
2022-07-05 19:00:00,28.47333170766842
2022-07-05 20:00:00,27.683640930975656
2022-07-05 21:00:00,26.880246196009416
2022-07-05 22:00:00,26.258732515331456
2022-07-05 23:00:00,26.255399847461128
2022-07-06 00:00:00,25.751911569742678
2022-07-06 01:00:00,25.358888125179583
2022-07-06 02:00:00,25.433302152415926
2022-07-06 03:00:00,25.191450653380144
2022-07-06 04:00:00,24.417931860207293
2022-07-06 05:00:00,24.68030826310533
2022-07-06 06:00:00,24.90589423586898
2022-07-06 07:00:00,26.54527770965832
2022-07-06 08:00:00,27.353827056278178
2022-07-06 09:00:00,28.709320446491525
2022-07-06 10:00:00,29.70932044649152
2022-07-06 11:00:00,31.32743939220325
2022-07-06 12:00:00,31.395522945465835
2022-07-06 13:00:00,32.61620345917621
2022-07-06 14:00:00,32.71370395827347
2022-07-06 15:00:00,33.21713016889601
2022-07-06 16:00:00,33.736728363038466
2022-07-06 17:00:00,33.26487590380078
2022-07-06 18:00:00,32.66737540470353
2022-07-06 19:00:00,31.79385661153067
2022-07-06 20:00:00,31.17848631932204
2022-07-06 21:00:00,29.60481191630106
2022-07-06 22:00:00,28.68786883290948
2022-07-06 23:00:00,28.307560569804146
2022-07-07 00:00:00,28.434135319383508
2022-07-07 01:00:00,28.270770139669764
2022-07-07 02:00:00,27.46305396001749
2022-07-07 03:00:00,27.34851683477644
2022-07-07 04:00:00,27.3280854736664
2022-07-07 05:00:00,27.06222079304991
2022-07-07 06:00:00,27.409382513587435
2022-07-07 07:00:00,27.78114143007291
2022-07-07 08:00:00,28.68462970779137
2022-07-07 09:00:00,29.671852459237684
2022-07-07 10:00:00,30.83756153000605
2022-07-07 11:00:00,31.427991930914185
2022-07-07 12:00:00,32.1031770580222
2022-07-07 13:00:00,31.657992891116088
2022-07-07 14:00:00,31.114381515392928
2022-07-07 15:00:00,30.93830115422142
2022-07-07 16:00:00,31.67660230844284
2022-07-07 17:00:00,30.339040778436782
2022-07-07 18:00:00,29.2492564589918
2022-07-07 19:00:00,28.384380555191026
2022-07-07 20:00:00,27.753733513525965
2022-07-07 21:00:00,27.08879554262927
2022-07-07 22:00:00,26.44268466600337
2022-07-07 23:00:00,26.24351783297095
2022-07-08 00:00:00,26.071758916485475
2022-07-08 01:00:00,26.157221791244417
2022-07-08 02:00:00,26.058054958212
2022-07-08 03:00:00,25.50854934661985
2022-07-08 04:00:00,25.082807764008077
2022-07-08 05:00:00,24.929813874697476
2022-07-08 06:00:00,25.03413531938351
2022-07-08 07:00:00,25.40083316696758
2022-07-08 08:00:00,26.71530822511272
2022-07-08 09:00:00,26.954660223245764
2022-07-08 10:00:00,28.00342621062254
2022-07-08 11:00:00,28.578579862074253
2022-07-08 12:00:00,28.850214644367902
2022-07-08 13:00:00,30.006758878492864
2022-07-08 14:00:00,30.266729323240373
2022-07-08 15:00:00,31.09904269884059
2022-07-08 16:00:00,30.0
2022-07-08 17:00:00,28.541446736587314
2022-07-08 18:00:00,27.869165872830514
2022-07-08 19:00:00,27.88712920869411
2022-07-08 20:00:00,26.426325596979023
2022-07-08 21:00:00,25.199906457247785
2022-07-08 22:00:00,24.716943083391584
2022-07-08 23:00:00,24.317776250359167
2022-07-09 00:00:00,24.2691038057346
2022-07-09 01:00:00,24.021264528077616
2022-07-09 02:00:00,23.61959819414245
2022-07-09 03:00:00,23.68629604172653
2022-07-09 04:00:00,23.558054958212
2022-07-09 05:00:00,23.458054958212003
2022-07-09 06:00:00,23.40083316696758
2022-07-09 07:00:00,23.7
2022-07-09 08:00:00,24.35731533399663
2022-07-09 09:00:00,25.22234684764554
2022-07-09 10:00:00,26.239227863941213
2022-07-09 11:00:00,27.175185127108016
2022-07-09 12:00:00,28.48972225234907
2022-07-09 13:00:00,29.22286879491687
2022-07-09 14:00:00,29.65475376599797
2022-07-09 15:00:00,30.198271598968923
2022-07-09 16:00:00,29.40499900180549
2022-07-09 17:00:00,29.640707112371945
2022-07-09 18:00:00,29.11086176201817
2022-07-09 19:00:00,27.282558611407733
2022-07-09 20:00:00,26.58870199987706
2022-07-09 21:00:00,26.218609417326743
2022-07-09 22:00:00,25.63240691835243
2022-07-09 23:00:00,24.87169684938956
2022-07-10 00:00:00,24.251171945527307
2022-07-10 01:00:00,24.082901306760288
2022-07-10 02:00:00,23.843517832970942
2022-07-10 03:00:00,23.41287079130589
2022-07-10 04:00:00,23.30265511075087
2022-07-10 05:00:00,23.075247194203925
2022-07-10 06:00:00,23.15132755537544
2022-07-10 07:00:00,24.33580165331868
2022-07-10 08:00:00,25.72219123779741
2022-07-10 09:00:00,27.211819947394268
2022-07-10 10:00:00,28.492961377467186
2022-07-10 11:00:00,29.85882605808367
2022-07-10 12:00:00,30.410893237674472
2022-07-10 13:00:00,32.02360841913224
2022-07-10 14:00:00,32.637374444501624
2022-07-10 15:00:00,33.45450461339764
2022-07-10 16:00:00,33.13324008532001
2022-07-10 17:00:00,32.360554459114745
2022-07-10 18:00:00,30.638114068716988
2022-07-10 19:00:00,29.3110488475226
2022-07-10 20:00:00,28.18697359884598
2022-07-10 21:00:00,27.01768270760695
2022-07-10 22:00:00,26.36487590380078
2022-07-10 23:00:00,26.87681998538688
2022-07-11 00:00:00,25.8059877786212
2022-07-11 01:00:00,25.08132851557734
2022-07-11 02:00:00,23.329229860330237
2022-07-11 03:00:00,22.537623597101963
2022-07-11 04:00:00,22.512037624338312
2022-07-11 05:00:00,22.55564900006147
2022-07-11 06:00:00,22.641945041788
2022-07-11 07:00:00,23.04460015253887
2022-07-11 08:00:00,23.15830411081234
2022-07-11 09:00:00,23.35830411081234
2022-07-11 10:00:00,23.67873547192238
2022-07-11 11:00:00,24.161543235930456
2022-07-11 12:00:00,24.746912567937187
2022-07-11 13:00:00,25.88188105428828
2022-07-11 14:00:00,27.191107958027587
2022-07-11 15:00:00,28.152838279462472
2022-07-11 16:00:00,28.81604784932809
2022-07-11 17:00:00,28.99728282215321
2022-07-11 18:00:00,28.65888812517958
2022-07-11 19:00:00,27.605894235868984
2022-07-11 20:00:00,26.482807764008072
2022-07-11 21:00:00,25.986046889126182
2022-07-11 22:00:00,25.16743747179944
2022-07-11 23:00:00,24.653639970773757
2022-07-12 00:00:00,24.35357790367784
2022-07-12 01:00:00,23.92632559697902
2022-07-12 02:00:00,23.883640930975652
2022-07-12 03:00:00,23.927469983642855
2022-07-12 04:00:00,23.503550344814364
2022-07-12 05:00:00,23.564198346681323
2022-07-12 06:00:00,23.58978431944498
2022-07-12 07:00:00,24.32052490386225
2022-07-12 08:00:00,25.381079362977
2022-07-12 09:00:00,25.5170366261438
2022-07-12 10:00:00,26.557159724148505
2022-07-12 11:00:00,27.04601733387369
2022-07-12 12:00:00,27.38953516684464
2022-07-12 13:00:00,28.270770139669764
2022-07-12 14:00:00,28.86305396001749
2022-07-12 15:00:00,28.866542237735946
2022-07-12 16:00:00,29.028085473666398
2022-07-12 17:00:00,28.71188201449018
2022-07-12 18:00:00,28.24002955525249
2022-07-12 19:00:00,27.92043136111004
2022-07-12 20:00:00,27.17666437553875
2022-07-12 21:00:00,27.45623301442871
2022-07-12 22:00:00,26.405738626020856
2022-07-12 23:00:00,26.342684666003365
2022-07-13 00:00:00,26.352067179590804
2022-07-13 01:00:00,25.99135711062793
2022-07-13 02:00:00,25.939196388284916
2022-07-13 03:00:00,26.06071006896287
2022-07-13 04:00:00,25.885462874758943
2022-07-13 05:00:00,25.583796540823784
2022-07-13 06:00:00,25.1359572631668
2022-07-13 07:00:00,25.09916683303242
2022-07-13 08:00:00,25.07175891648547
2022-07-13 09:00:00,24.7829633738562
2022-07-13 10:00:00,23.97092574951789
2022-07-13 11:00:00,23.80265511075087
2022-07-13 12:00:00,24.217192235991924
2022-07-13 13:00:00,24.102655110750877
2022-07-13 14:00:00,24.15398266612631
2022-07-13 15:00:00,24.306976555436904
2022-07-13 16:00:00,24.20348827771845
2022-07-13 17:00:00,24.36586468061649
2022-07-13 18:00:00,24.161543235930456
2022-07-13 19:00:00,24.615525902056763
2022-07-13 20:00:00,25.230063027297817
2022-07-13 21:00:00,25.298333666064835
2022-07-13 22:00:00,25.413703958273477
2022-07-13 23:00:00,25.441111874820415
2022-07-14 00:00:00,25.280401805857544
2022-07-14 01:00:00,24.73762359710196
2022-07-14 02:00:00,24.50854934661985
2022-07-14 03:00:00,24.118765027174877
2022-07-14 04:00:00,23.68796237566169
2022-07-14 05:00:00,23.11021568055502
2022-07-14 06:00:00,23.024752805796076
2022-07-14 07:00:00,22.96320956986562
2022-07-14 08:00:00,23.468364181519235
2022-07-14 09:00:00,24.04361137572316
2022-07-14 10:00:00,24.619785279646884
2022-07-14 11:00:00,25.582807764008077
2022-07-14 12:00:00,25.5700305154544
2022-07-14 13:00:00,25.967531014551653
2022-07-14 14:00:00,27.04345576587503
2022-07-14 15:00:00,27.814381515392924
2022-07-14 16:00:00,28.54768366780885
2022-07-14 17:00:00,27.09459623574604
2022-07-14 18:00:00,26.38354738822344
2022-07-14 19:00:00,25.774258417388214
2022-07-14 20:00:00,24.416943083391587
2022-07-14 21:00:00,23.61271518145776
2022-07-14 22:00:00,23.169936972702185
2022-07-14 23:00:00,22.510122137802803
2022-07-15 00:00:00,22.119504651390244
2022-07-15 01:00:00,21.551234012623222
2022-07-15 02:00:00,21.534041776631295
2022-07-15 03:00:00,21.420337818357822
2022-07-15 04:00:00,21.168177096014805
2022-07-15 05:00:00,21.358794582427368
2022-07-15 06:00:00,21.648578901872348
2022-07-15 07:00:00,21.876819985386877
2022-07-15 08:00:00,22.682807764008075
2022-07-15 09:00:00,23.762376402898035
2022-07-15 10:00:00,24.84867244462456
2022-07-15 11:00:00,26.3031770580222
2022-07-15 12:00:00,27.26836418151923
2022-07-15 13:00:00,27.96222079304991
2022-07-15 14:00:00,28.924597195947943
2022-07-15 15:00:00,29.966542237735943
2022-07-15 16:00:00,28.786880056093764
2022-07-15 17:00:00,28.49459623574604
2022-07-15 18:00:00,27.14916291623959
2022-07-15 19:00:00,26.26968782010184
2022-07-15 20:00:00,25.476664375538743
2022-07-15 21:00:00,24.369781362854056
2022-07-15 22:00:00,23.211788471737968
2022-07-15 23:00:00,22.85191156974268
2022-07-16 00:00:00,22.420337818357822
2022-07-16 01:00:00,22.185462874758947
2022-07-16 02:00:00,21.8829633738562
2022-07-16 03:00:00,21.807716179652274
2022-07-16 04:00:00,21.738456764069547
2022-07-16 05:00:00,21.97608036117151
2022-07-16 06:00:00,22.26669784758407
2022-07-16 07:00:00,23.28722275144632
2022-07-16 08:00:00,24.447839277656986
2022-07-16 09:00:00,26.155586932965555
2022-07-16 10:00:00,26.79395015428289
2022-07-16 11:00:00,28.038456764069544
2022-07-16 12:00:00,28.131635818480763
2022-07-16 13:00:00,26.940247232196533
2022-07-16 14:00:00,27.81734784584005
2022-07-16 15:00:00,27.97358086026876
2022-07-16 16:00:00,28.352098655247104
2022-07-16 17:00:00,27.97941302904184
2022-07-16 18:00:00,26.97592475132338
2022-07-16 19:00:00,26.03580165331867
2022-07-16 20:00:00,24.73064704166505
2022-07-16 21:00:00,23.993023444563093
2022-07-16 22:00:00,23.54002955525249
2022-07-16 23:00:00,22.83330215241593
2022-07-17 00:00:00,22.475247194203927
2022-07-17 01:00:00,22.24435099993853
2022-07-17 02:00:00,21.8470061106894
2022-07-17 03:00:00,21.50938251358744
2022-07-17 04:00:00,21.64617294372182
2022-07-17 05:00:00,21.696511722281542
2022-07-17 06:00:00,21.52043136111004
2022-07-17 07:00:00,22.34783927765698
2022-07-17 08:00:00,24.17867340482647
2022-07-17 09:00:00,24.7059877786212
2022-07-17 10:00:00,26.023180014613125
2022-07-17 11:00:00,27.290711029164772
2022-07-17 12:00:00,28.47685146104317
2022-07-17 13:00:00,28.16472029395265
2022-07-17 14:00:00,28.594689778498257
2022-07-17 15:00:00,27.831231056032298
2022-07-17 16:00:00,28.89302344456309
2022-07-17 17:00:00,27.58172544444015
2022-07-17 18:00:00,28.57592475132338
2022-07-17 19:00:00,27.187868832909476
2022-07-17 20:00:00,26.04259112325115
2022-07-17 21:00:00,25.277559609602243
2022-07-17 22:00:00,24.48271422125586
2022-07-17 23:00:00,24.029720331945256
2022-07-18 00:00:00,23.904072292085694
2022-07-18 01:00:00,23.82907425048211
2022-07-18 02:00:00,23.493023444563093
2022-07-18 03:00:00,23.338456764069544
2022-07-18 04:00:00,23.19160626322827
2022-07-18 05:00:00,23.234228862135723
2022-07-18 06:00:00,23.411882014490185
2022-07-18 07:00:00,22.834135319383517
2022-07-18 08:00:00,22.92126452807762
2022-07-18 09:00:00,23.031635818480765
2022-07-18 10:00:00,23.517192235991924
2022-07-18 11:00:00,24.20854934661985
2022-07-18 12:00:00,23.99228382034773
2022-07-18 13:00:00,25.13148020863264
2022-07-18 14:00:00,25.50083316696758
2022-07-18 15:00:00,26.111882014490185
2022-07-18 16:00:00,25.966697847584072
2022-07-18 17:00:00,26.13413531938351
2022-07-18 18:00:00,26.254566680493543
2022-07-18 19:00:00,25.51444358248884
2022-07-18 20:00:00,24.212037624338308
2022-07-18 21:00:00,23.566759914679984
2022-07-18 22:00:00,22.933302152415926
2022-07-18 23:00:00,22.47342525042064
2022-07-19 00:00:00,22.28030826310533
2022-07-19 01:00:00,21.994012221378803
2022-07-19 02:00:00,21.59916683303242
2022-07-19 03:00:00,21.394845388346383
2022-07-19 04:00:00,21.13413531938351
2022-07-19 05:00:00,20.95638862427684
2022-07-19 06:00:00,20.98114143007291
2022-07-19 07:00:00,21.68197459704049
2022-07-19 08:00:00,22.671758916485476
2022-07-19 09:00:00,24.406820945588777
2022-07-19 10:00:00,26.201759876687376
2022-07-19 11:00:00,27.53259400385686
2022-07-19 12:00:00,28.40151072408704
2022-07-19 13:00:00,29.260492392018836
2022-07-19 14:00:00,28.798606460735822
2022-07-19 15:00:00,29.631324598784516
2022-07-19 16:00:00,28.97150976388513
2022-07-19 17:00:00,28.08447409794324
2022-07-19 18:00:00,27.416943083391583
2022-07-19 19:00:00,26.49725134649692
2022-07-19 20:00:00,25.564782361048564
2022-07-19 21:00:00,24.88536933200673
2022-07-19 22:00:00,24.20231241539832
2022-07-19 23:00:00,24.02465926304386
2022-07-20 00:00:00,23.715276749456415
2022-07-20 01:00:00,23.595678555313963
2022-07-20 02:00:00,23.448672444624563
2022-07-20 03:00:00,23.3470061106894
2022-07-20 04:00:00,23.22898070772989
2022-07-20 05:00:00,23.07092574951789
2022-07-20 06:00:00,22.889690776692767
2022-07-20 07:00:00,23.592190277595517
2022-07-20 08:00:00,24.47848631932204
2022-07-20 09:00:00,26.29478332125047
2022-07-20 10:00:00,27.5700305154544
2022-07-20 11:00:00,28.49228382034773
2022-07-20 12:00:00,29.793116987315308
2022-07-20 13:00:00,30.280184128913504
2022-07-20 14:00:00,30.2662930851356
2022-07-20 15:00:00,29.947434515208517
2022-07-20 16:00:00,30.17400926478788
2022-07-20 17:00:00,29.72616998713089
2022-07-20 18:00:00,28.49277429196275
2022-07-20 19:00:00,27.692774291962756
2022-07-20 20:00:00,26.953484360925625
2022-07-20 21:00:00,26.600490471615025
2022-07-20 22:00:00,25.189535166844635
2022-07-20 23:00:00,25.458888125179584
2022-07-21 00:00:00,24.605216678749528
2022-07-21 01:00:00,24.10688301268469
2022-07-21 02:00:00,23.42814754076231
2022-07-21 03:00:00,22.72043136111004
2022-07-21 04:00:00,22.345433319506448
2022-07-21 05:00:00,21.924013181580705
2022-07-21 06:00:00,21.69577209806618
2022-07-21 07:00:00,21.490617486412564
2022-07-21 08:00:00,21.413703958273477
2022-07-21 09:00:00,21.52391963882849
2022-07-21 10:00:00,21.774414027236347
2022-07-21 11:00:00,22.237623597101965
2022-07-21 12:00:00,22.614537125241057
2022-07-21 13:00:00,23.26669784758407
2022-07-21 14:00:00,23.77691352813909
2022-07-21 15:00:00,25.00848727952394
2022-07-21 16:00:00,25.173425250420635
2022-07-21 17:00:00,25.71969173689467
2022-07-21 18:00:00,25.568364181519232
2022-07-21 19:00:00,24.87342525042064
2022-07-21 20:00:00,24.25722179124442
2022-07-21 21:00:00,23.343517832970942
2022-07-21 22:00:00,23.381974597040493
2022-07-21 23:00:00,23.389690776692767
2022-07-22 00:00:00,23.29484538834638
2022-07-22 01:00:00,22.74002955525249
2022-07-22 02:00:00,22.63919638828491
2022-07-22 03:00:00,22.643517832970947
2022-07-22 04:00:00,22.148578901872348
2022-07-22 05:00:00,22.316943083391585
2022-07-22 06:00:00,22.645184166906112
2022-07-22 07:00:00,23.34867244462456
2022-07-22 08:00:00,24.115370292208635
2022-07-22 09:00:00,24.540123098004702
2022-07-22 10:00:00,26.04959915434436
2022-07-22 11:00:00,27.13756153000605
2022-07-22 12:00:00,27.49796037927267
2022-07-22 13:00:00,26.988857609725187
2022-07-22 14:00:00,27.96237640289804
2022-07-22 15:00:00,28.39036833381222
2022-07-22 16:00:00,27.483702998071568
2022-07-22 17:00:00,27.40839373677173
2022-07-22 18:00:00,27.51604784932809
2022-07-22 19:00:00,26.111882014490185
2022-07-22 20:00:00,25.137467987253835
2022-07-22 21:00:00,24.46472029395265
2022-07-22 22:00:00,24.06222079304991
2022-07-22 23:00:00,23.448516834776434
2022-07-23 00:00:00,22.47425841738822
2022-07-23 01:00:00,22.27691352813909
2022-07-23 02:00:00,21.860710068962877
2022-07-23 03:00:00,21.537623597101963
2022-07-23 04:00:00,21.37092574951789
2022-07-23 05:00:00,21.284629707791368
2022-07-23 06:00:00,21.317931860207292
2022-07-23 07:00:00,21.859721292147164
2022-07-23 08:00:00,22.758888125179585
2022-07-23 09:00:00,24.33413531938351
2022-07-23 10:00:00,24.915370292208635
2022-07-23 11:00:00,25.716943083391584
2022-07-23 12:00:00,27.452098655247102
2022-07-23 13:00:00,27.66064800186696
2022-07-23 14:00:00,27.307560569804146
2022-07-23 15:00:00,26.46394919408099
2022-07-23 16:00:00,26.153733513525964
2022-07-23 17:00:00,25.47848631932204
2022-07-23 18:00:00,25.796511722281547
2022-07-23 19:00:00,24.92814754076231
2022-07-23 20:00:00,23.618765027174877
2022-07-23 21:00:00,23.23679043013438
2022-07-23 22:00:00,23.028241083514526
2022-07-23 23:00:00,22.62391963882849
2022-07-24 00:00:00,22.84027870785284
2022-07-24 01:00:00,23.14460015253887
2022-07-24 02:00:00,22.84027870785284
2022-07-24 03:00:00,23.20614338846932
2022-07-24 04:00:00,23.11552590205676
2022-07-24 05:00:00,22.953982666126308
2022-07-24 06:00:00,23.00614338846933
2022-07-24 07:00:00,23.761636778682668
2022-07-24 08:00:00,24.236790430134384
2022-07-24 09:00:00,24.771758916485474
2022-07-24 10:00:00,25.801666333935163
2022-07-24 11:00:00,25.394751845594165
2022-07-24 12:00:00,25.438456764069542
2022-07-24 13:00:00,26.64620441937812
2022-07-24 14:00:00,26.859814834899375
2022-07-24 15:00:00,28.03490641925518
2022-07-24 16:00:00,27.959814834899376
2022-07-24 17:00:00,27.843611375723164
2022-07-24 18:00:00,27.568364181519232
2022-07-24 19:00:00,26.424597195947943
2022-07-24 20:00:00,25.590368333812226
2022-07-24 21:00:00,25.322837319260564
2022-07-24 22:00:00,24.940029555252494
2022-07-24 23:00:00,24.577653152354458
2022-07-25 00:00:00,24.37765315235446
2022-07-25 01:00:00,24.116943083391583
2022-07-25 02:00:00,23.82043136111004
2022-07-25 03:00:00,23.87342525042064
2022-07-25 04:00:00,23.896511722281545
2022-07-25 05:00:00,23.40672740283657
2022-07-25 06:00:00,22.96394919408099
2022-07-25 07:00:00,23.97608036117151
2022-07-25 08:00:00,25.06753101455165
2022-07-25 09:00:00,25.87169684938956
2022-07-25 10:00:00,26.433979709535382
2022-07-25 11:00:00,26.915214682360507
2022-07-25 12:00:00,28.15873251533145
2022-07-25 13:00:00,28.81762064051104
2022-07-25 14:00:00,29.492034667747383
2022-07-25 15:00:00,29.645028557057984
2022-07-25 16:00:00,29.54086272222008
2022-07-25 17:00:00,29.274998041603585
2022-07-25 18:00:00,28.786046889126187
2022-07-25 19:00:00,27.267188319199096
2022-07-25 20:00:00,26.189286014244296
2022-07-25 21:00:00,25.21006007070689
2022-07-25 22:00:00,24.512621638705543
2022-07-25 23:00:00,23.632219832848
2022-07-26 00:00:00,23.55962774939495
2022-07-26 01:00:00,22.911788471737967
2022-07-26 02:00:00,22.752900346558384
2022-07-26 03:00:00,22.42814754076231
2022-07-26 04:00:00,22.226481206827145
2022-07-26 05:00:00,21.952900346558383
2022-07-26 06:00:00,21.99234588744364
2022-07-26 07:00:00,23.31188201449018
2022-07-26 08:00:00,24.81271518145776
2022-07-26 09:00:00,26.323764028980364
2022-07-26 10:00:00,28.17070807257385
2022-07-26 11:00:00,29.674935974507672
2022-07-26 12:00:00,31.04601733387369
2022-07-26 13:00:00,32.35200511249489
2022-07-26 14:00:00,32.49302344456309
2022-07-26 15:00:00,32.825336820163315
2022-07-26 16:00:00,31.0303043463125
2022-07-26 17:00:00,30.955150694860784
2022-07-26 18:00:00,30.13987394540436
2022-07-26 19:00:00,28.51006007070689
2022-07-26 20:00:00,27.453671446430054
2022-07-26 21:00:00,26.40499900180549
2022-07-26 22:00:00,25.772592083453056
2022-07-26 23:00:00,25.601572791182942
2022-07-27 00:00:00,25.094845388346386
2022-07-27 01:00:00,24.596511722281548
2022-07-27 02:00:00,24.62981387469748
2022-07-27 03:00:00,24.34857890187235
2022-07-27 04:00:00,24.27691352813909
2022-07-27 05:00:00,24.22824108351453
2022-07-27 06:00:00,24.128241083514524
2022-07-27 07:00:00,24.8829633738562
2022-07-27 08:00:00,25.78629604172653
2022-07-27 09:00:00,27.01786979311138
2022-07-27 10:00:00,27.952160722343017
2022-07-27 11:00:00,28.64361137572316
2022-07-27 12:00:00,30.07873547192238
2022-07-27 13:00:00,29.965615528016144
2022-07-27 14:00:00,30.253827056278183
2022-07-27 15:00:00,30.1170366261438
2022-07-27 16:00:00,30.281079362977
2022-07-27 17:00:00,30.628085473666395
2022-07-27 18:00:00,29.5640427368332
2022-07-27 19:00:00,29.288795542629277
2022-07-27 20:00:00,28.34361137572316
2022-07-27 21:00:00,27.882068139792707
2022-07-27 22:00:00,26.592128210499595
2022-07-27 23:00:00,26.398271598968925
2022-07-28 00:00:00,26.77608036117151
2022-07-28 01:00:00,26.413703958273477
2022-07-28 02:00:00,25.960710068962875
2022-07-28 03:00:00,25.650494388407854
2022-07-28 04:00:00,25.15216072234302
2022-07-28 05:00:00,24.736883972886595
2022-07-28 06:00:00,24.51802540295951
2022-07-28 07:00:00,25.128241083514524
2022-07-28 08:00:00,26.190617486412563
2022-07-28 09:00:00,27.286296041726523
2022-07-28 10:00:00,28.387962375661694
2022-07-28 11:00:00,30.099011223184288
2022-07-28 12:00:00,31.08879554262927
2022-07-28 13:00:00,32.08447409794324
2022-07-28 14:00:00,32.51876502717487
2022-07-28 15:00:00,32.59660526503376
2022-07-28 16:00:00,32.325585972763655
2022-07-28 17:00:00,33.06481383670487
2022-07-28 18:00:00,32.23839469697363
2022-07-28 19:00:00,29.99135711062793
2022-07-28 20:00:00,26.90712433169938
2022-07-28 21:00:00,26.518515874574533
2022-07-28 22:00:00,26.04601733387369
2022-07-28 23:00:00,25.501572791182944
2022-07-29 00:00:00,25.76302248436119
2022-07-29 01:00:00,25.581047887320697
2022-07-29 02:00:00,25.37938155338553
2022-07-29 03:00:00,25.64076917946786
2022-07-29 04:00:00,25.773331707668422
2022-07-29 05:00:00,25.340862722220077
2022-07-29 06:00:00,24.99740695634504
2022-07-29 07:00:00,26.511882014490183
2022-07-29 08:00:00,27.849505611592143
2022-07-29 09:00:00,29.179413029041832
2022-07-29 10:00:00,30.58879554262927
2022-07-29 11:00:00,31.713548348425345
2022-07-29 12:00:00,32.7220976950452
2022-07-29 13:00:00,32.86212725029769
2022-07-29 14:00:00,33.72101537547728
2022-07-29 15:00:00,33.93555250071833
2022-07-29 16:00:00,33.69089028108355
2022-07-29 17:00:00,31.724348043347604
2022-07-29 18:00:00,31.483391778375317
2022-07-29 19:00:00,30.25166241714233
2022-07-29 20:00:00,29.64061356961973
2022-07-29 21:00:00,28.46894819588648
2022-07-29 22:00:00,27.96472029395265
2022-07-29 23:00:00,27.13231337560022
2022-07-30 00:00:00,27.45348436092562
2022-07-30 01:00:00,27.28761968030913
2022-07-30 02:00:00,28.07931948628962
2022-07-30 03:00:00,27.9
2022-07-30 04:00:00,27.585462874758942
2022-07-30 05:00:00,27.2940122213788
2022-07-30 06:00:00,26.9359572631668
2022-07-30 07:00:00,27.832406918352437
2022-07-30 08:00:00,28.6700305154544
2022-07-30 09:00:00,29.92459719594794
2022-07-30 10:00:00,31.15956568229904
2022-07-30 11:00:00,32.646017333873694
2022-07-30 12:00:00,33.36555346092024
2022-07-30 13:00:00,33.23148020863263
2022-07-30 14:00:00,33.029813874697474
2022-07-30 15:00:00,32.06394919408098
2022-07-30 16:00:00,31.00157279118295
2022-07-30 17:00:00,31.12558597276365
2022-07-30 18:00:00,30.124659263043856
2022-07-30 19:00:00,29.79219027759551
2022-07-30 20:00:00,29.44435099993853
2022-07-30 21:00:00,29.16743747179944
2022-07-30 22:00:00,28.843517832970942
2022-07-30 23:00:00,28.72898070772989
2022-07-31 00:00:00,28.11527674945642
2022-07-31 01:00:00,27.893856611530676
2022-07-31 02:00:00,27.55040084565564
2022-07-31 03:00:00,27.629813874697472
2022-07-31 04:00:00,27.62043136111004
2022-07-31 05:00:00,27.415276749456417
2022-07-31 06:00:00,26.82142013792575
2022-07-31 07:00:00,27.16154323593045
2022-07-31 08:00:00,26.16768662439978
2022-07-31 09:00:00,26.49558501256175
2022-07-31 10:00:00,25.96577113786428
2022-07-31 11:00:00,26.750245235807512
2022-07-31 12:00:00,26.20166633393516
2022-07-31 13:00:00,26.990617486412564
2022-07-31 14:00:00,26.72475280579608
2022-07-31 15:00:00,26.91885856992709
2022-07-31 16:00:00,26.641945041788
2022-07-31 17:00:00,26.694105764131017
2022-07-31 18:00:00,26.265864680616488
2022-07-31 19:00:00,26.42151368067796
2022-07-31 20:00:00,25.716359069024342
2022-07-31 21:00:00,25.46586468061649
2022-07-31 22:00:00,25.46586468061649
2022-07-31 23:00:00,25.69243943019585
2022-08-01 00:00:00,25.92151368067796
2022-08-01 01:00:00,26.058304110812344
2022-08-01 02:00:00,25.66851979136737
2022-08-01 03:00:00,25.26419834668133
2022-08-01 04:00:00,24.885462874758943
2022-08-01 05:00:00,24.94617294372182
2022-08-01 06:00:00,24.96071006896287
2022-08-01 07:00:00,25.227407916546944
2022-08-01 08:00:00,26.51129800012294
2022-08-01 09:00:00,27.02151368067796
2022-08-01 10:00:00,28.014630667993263
2022-08-01 11:00:00,29.337717139854178
2022-08-01 12:00:00,29.32990741744969
2022-08-01 13:00:00,30.410893237674472
2022-08-01 14:00:00,31.831324598784512
2022-08-01 15:00:00,30.99478332125047
2022-08-01 16:00:00,31.58879554262927
2022-08-01 17:00:00,31.046850500841277
2022-08-01 18:00:00,30.13413531938351
2022-08-01 19:00:00,29.36138762608233
2022-08-01 20:00:00,29.224752805796072
2022-08-01 21:00:00,28.83845676406954
2022-08-01 22:00:00,27.338456764069544
2022-08-01 23:00:00,26.691357110627926
2022-08-02 00:00:00,26.164875903800777
2022-08-02 01:00:00,26.38290130676029
2022-08-02 02:00:00,26.193116987315307
2022-08-02 03:00:00,26.083734473727876
2022-08-02 04:00:00,25.92990741744969
2022-08-02 05:00:00,26.005154611653616
2022-08-02 06:00:00,25.76320956986562
2022-08-02 07:00:00,25.595678555313967
2022-08-02 08:00:00,26.359876901995293
2022-08-02 09:00:00,27.20963166618777
2022-08-02 10:00:00,28.13756153000605
2022-08-02 11:00:00,28.36487590380078
2022-08-02 12:00:00,29.69635611243342
2022-08-02 13:00:00,28.786880056093764
2022-08-02 14:00:00,28.4760182940756
2022-08-02 15:00:00,29.324597195947945
2022-08-02 16:00:00,28.68953516684464
2022-08-02 17:00:00,28.116943083391583
2022-08-02 18:00:00,27.55373351352597
2022-08-02 19:00:00,26.906633860084348
2022-08-02 20:00:00,26.551234012623222
2022-08-02 21:00:00,26.53836322131733
2022-08-02 22:00:00,26.452900346558387
2022-08-02 23:00:00,25.97608036117151
2022-08-03 00:00:00,25.947839277656986
2022-08-03 01:00:00,26.136790430134383
2022-08-03 02:00:00,26.185462874758947
2022-08-03 03:00:00,26.01876502717488
2022-08-03 04:00:00,26.17092574951789
2022-08-03 05:00:00,26.124752805796074
2022-08-03 06:00:00,26.01801339499051
2022-08-03 08:00:00,26.652160722343016
2022-08-03 09:00:00,27.19228382034773
2022-08-03 10:00:00,27.510215680555017
2022-08-03 11:00:00,28.493272597163436
2022-08-03 12:00:00,29.672685626205272
2022-08-03 13:00:00,30.04280968441188
2022-08-03 14:00:00,31.337655072758267
2022-08-03 15:00:00,31.95975276780346
2022-08-03 16:00:00,31.30086464262388
2022-08-03 17:00:00,30.815308225112723
2022-08-03 18:00:00,30.07086368242198
2022-08-03 19:00:00,28.88447409794324
2022-08-03 20:00:00,27.624659263043856
2022-08-03 21:00:00,27.100739624215365
2022-08-03 22:00:00,26.519504651390243
2022-08-03 23:00:00,25.92225330489333
2022-08-04 00:00:00,25.653733513525967
2022-08-04 01:00:00,25.52465926304386
2022-08-04 02:00:00,25.55373351352596
2022-08-04 03:00:00,25.60672740283656
2022-08-04 04:00:00,25.586296041726527
2022-08-04 05:00:00,25.5110488475226
2022-08-04 06:00:00,25.69651172228155
2022-08-04 07:00:00,26.248672444624567
2022-08-04 08:00:00,27.430740584417272
2022-08-04 09:00:00,28.33074058441727
2022-08-04 10:00:00,29.34345576587503
2022-08-04 11:00:00,29.635646043470544
2022-08-04 12:00:00,30.127836321066056
2022-08-04 13:00:00,29.87625961309028
2022-08-04 14:00:00,30.886046889126185
2022-08-04 15:00:00,31.90907129389118
2022-08-04 16:00:00,31.05697263864408
2022-08-04 17:00:00,30.249162916239584
2022-08-04 18:00:00,29.643268680370603
2022-08-04 19:00:00,28.37657083278653
2022-08-04 20:00:00,27.485213722158605
2022-08-04 21:00:00,26.81178847173797
2022-08-04 22:00:00,26.579475096137745
2022-08-04 23:00:00,26.07848631932204
2022-08-05 00:00:00,26.06743747179944
2022-08-05 01:00:00,25.88114143007291
2022-08-05 02:00:00,25.575986818419292
2022-08-05 03:00:00,25.539196388284907
2022-08-05 04:00:00,25.654566680493545
2022-08-05 05:00:00,25.71370395827347
2022-08-05 06:00:00,25.90432144468604
2022-08-05 07:00:00,26.40515461165361
2022-08-05 08:00:00,27.236728363038463
2022-08-05 09:00:00,27.967531014551653
2022-08-05 10:00:00,29.28123497282512
2022-08-05 11:00:00,29.944506609786657
2022-08-05 12:00:00,31.10947605633965
2022-08-05 13:00:00,31.36503151364891
2022-08-05 14:00:00,31.81287079130589
2022-08-05 15:00:00,32.0350620291033
2022-08-05 16:00:00,32.16904173863869
2022-08-05 17:00:00,31.92036929401413
2022-08-05 18:00:00,30.86138762608233
2022-08-05 19:00:00,29.326325596979014
2022-08-05 20:00:00,27.84857890187235
2022-08-05 21:00:00,27.3101221378028
2022-08-05 22:00:00,26.810122137802804
2022-08-05 23:00:00,26.648578901872348
2022-08-06 00:00:00,26.47333170766842
2022-08-06 01:00:00,26.52549243001144
2022-08-06 02:00:00,26.319598194142458
2022-08-06 03:00:00,26.271758916485474
2022-08-06 04:00:00,26.08796237566169
2022-08-06 05:00:00,25.896511722281545
2022-08-06 06:00:00,25.743517832970948
2022-08-06 07:00:00,26.40166633393516
2022-08-06 08:00:00,27.71620345917622
2022-08-06 09:00:00,28.942622598907448
2022-08-06 10:00:00,29.86487590380078
2022-08-06 11:00:00,31.00160426683925
2022-08-06 12:00:00,31.665647003672447
2022-08-06 13:00:00,32.49728282215321
2022-08-06 14:00:00,33.233084475471884
2022-08-06 15:00:00,33.51604784932809
2022-08-06 16:00:00,33.72188001810116
2022-08-06 17:00:00,32.878579862074254
2022-08-06 18:00:00,31.671603306637344
2022-08-06 19:00:00,30.49292990181088
2022-08-06 20:00:00,29.550151693055295
2022-08-06 21:00:00,28.644163914434092
2022-08-06 22:00:00,27.7612005405779
2022-08-06 23:00:00,27.335708110566458
2022-08-07 00:00:00,26.77598681841929
2022-08-07 01:00:00,26.557221791244416
2022-08-07 02:00:00,26.449505611592144
2022-08-07 03:00:00,26.3170366261438
2022-08-07 04:00:00,26.353827056278178
2022-08-07 05:00:00,26.14867244462456
2022-08-07 06:00:00,26.3640427368332
2022-08-07 07:00:00,27.19228382034773
2022-08-07 08:00:00,28.402499500902746
2022-08-07 09:00:00,29.77336318332472
2022-08-07 10:00:00,30.37253001635714
2022-08-07 11:00:00,30.49561648821805
2022-08-07 12:00:00,30.467281861951317
2022-08-07 13:00:00,31.91688101629567
2022-08-07 14:00:00,32.50833166967581
2022-08-07 15:00:00,31.611726404642056
2022-08-07 16:00:00,30.62882509788177
2022-08-07 17:00:00,30.127991930914185
2022-08-07 18:00:00,29.807560569804146
2022-08-07 19:00:00,28.797344889249125
2022-08-07 20:00:00,28.10323912511811
2022-08-07 21:00:00,28.039196388284918
2022-08-07 22:00:00,27.90157279118295
2022-08-07 23:00:00,27.54857890187235
2022-08-08 00:00:00,27.77432048448413
2022-08-08 01:00:00,27.52549243001144
2022-08-08 02:00:00,27.33836322131733
2022-08-08 03:00:00,27.552900346558385
2022-08-08 04:00:00,27.530647041665052
2022-08-08 05:00:00,27.316943083391585
2022-08-08 06:00:00,27.533302152415928
2022-08-08 07:00:00,27.44601733387369
2022-08-08 08:00:00,27.87342525042064
2022-08-08 09:00:00,28.42725230669882
2022-08-08 10:00:00,28.29734488924913
2022-08-08 11:00:00,28.822930862012782
2022-08-08 12:00:00,28.23064704166505
2022-08-08 13:00:00,27.849505611592143
2022-08-08 14:00:00,27.299906457247783
2022-08-08 15:00:00,26.57092574951789
2022-08-08 16:00:00,26.65049438840785
2022-08-08 17:00:00,26.779568638889963
2022-08-08 18:00:00,26.636790430134383
2022-08-08 19:00:00,26.661543235930456
2022-08-08 20:00:00,26.65132755537544
2022-08-08 21:00:00,26.69916683303242
2022-08-08 22:00:00,26.761543235930453
2022-08-08 23:00:00,26.899166833032417
2022-08-09 00:00:00,26.81287079130589
2022-08-09 01:00:00,26.374414027236345
2022-08-09 02:00:00,26.216359069024342
2022-08-09 03:00:00,26.10265511075087
2022-08-09 04:00:00,25.92657474957937
2022-08-09 05:00:00,25.75216072234302
2022-08-09 06:00:00,25.430740584417272
2022-08-09 07:00:00,25.60009354275221
2022-08-09 08:00:00,25.91885856992709
2022-08-09 09:00:00,26.35481583309389
2022-08-09 10:00:00,26.727407916546944
2022-08-09 11:00:00,26.899166833032417
2022-08-09 12:00:00,26.951327555375435
2022-08-09 13:00:00,26.913703958273477
2022-08-09 14:00:00,27.35648216702905
2022-08-09 15:00:00,28.2479328204092
2022-08-09 16:00:00,28.36237640289804
2022-08-09 17:00:00,27.9470061106894
2022-08-09 18:00:00,27.47598681841929
2022-08-09 19:00:00,27.1940122213788
2022-08-09 20:00:00,26.995678555313965
2022-08-09 21:00:00,27.07009258255031
2022-08-09 22:00:00,27.104227901933815
2022-08-09 23:00:00,26.899906457247788
2022-08-10 00:00:00,26.494845388346384
2022-08-10 01:00:00,23.98181898719236
2022-08-10 02:00:00,22.458888125179584
2022-08-10 03:00:00,22.005894235868983
2022-08-10 04:00:00,22.038456764069544
2022-08-10 05:00:00,21.99916683303242
2022-08-10 06:00:00,21.985462874758944
2022-08-10 07:00:00,22.12308647186091
2022-08-10 08:00:00,22.28629604172653
2022-08-10 09:00:00,22.33928993103713
2022-08-10 10:00:00,22.438456764069542
2022-08-10 11:00:00,22.562376402898035
2022-08-10 12:00:00,22.92391963882849
2022-08-10 13:00:00,23.5949389310986
2022-08-10 14:00:00,24.056482167029053
2022-08-10 15:00:00,24.70515461165361
2022-08-10 16:00:00,24.61453712524105
2022-08-10 17:00:00,24.282901306760287
2022-08-10 18:00:00,24.191450653380144
2022-08-10 19:00:00,23.97608036117151
2022-08-10 20:00:00,23.93762359710196
2022-08-10 21:00:00,23.91453712524105
2022-08-10 22:00:00,23.938456764069542
2022-08-10 23:00:00,24.06237640289804
2022-08-11 00:00:00,24.438456764069542
2022-08-11 01:00:00,24.55132755537544
2022-08-11 02:00:00,24.690617486412563
2022-08-11 03:00:00,24.827407916546942
2022-08-11 04:00:00,25.15481583309389
2022-08-11 05:00:00,24.75049438840785
2022-08-11 06:00:00,23.99567855531396
2022-08-11 07:00:00,23.61021568055502
2022-08-11 08:00:00,23.48629604172653
2022-08-11 09:00:00,23.533302152415928
2022-08-11 10:00:00,23.925585972763656
2022-08-11 11:00:00,24.2
2022-08-11 12:00:00,25.551421098127648
2022-08-11 13:00:00,25.0
2022-08-11 14:00:00,25.129074250482105
2022-08-11 15:00:00,25.16071006896287
2022-08-11 16:00:00,24.760710068962872
2022-08-11 17:00:00,24.485462874758944
2022-08-11 18:00:00,24.42308647186091
2022-08-11 19:00:00,24.49916683303242
2022-08-11 20:00:00,24.461543235930453
2022-08-11 21:00:00,24.4
2022-08-11 22:00:00,24.376080361171507
2022-08-11 23:00:00,24.16320956986561
2022-08-12 00:00:00,23.97342525042064
2022-08-12 01:00:00,23.54435099993853
2022-08-12 02:00:00,22.83919638828491
2022-08-12 03:00:00,22.54941206883993
2022-08-12 04:00:00,22.299906457247783
2022-08-12 05:00:00,22.08536933200673
2022-08-12 06:00:00,21.77166537373326
2022-08-12 07:00:00,22.162282860145822
2022-08-12 08:00:00,23.36154323593045
2022-08-12 09:00:00,24.951327555375435
2022-08-12 10:00:00,25.90333266787033
2022-08-12 11:00:00,27.079319486289624
2022-08-12 12:00:00,28.271603306637346
2022-08-12 13:00:00,29.05956568229904
2022-08-12 14:00:00,29.75357790367784
2022-08-12 15:00:00,30.268792586038348
2022-08-12 16:00:00,30.244935014305767
2022-08-12 17:00:00,29.531231056032293
2022-08-12 18:00:00,29.00067755711945
2022-08-12 19:00:00,27.745768181273352
2022-08-12 20:00:00,26.238207611469207
2022-08-12 21:00:00,25.312466028857425
2022-08-12 22:00:00,23.96805296182298
2022-08-12 23:00:00,23.11537029220864
2022-08-13 00:00:00,22.788795542629277
2022-08-13 01:00:00,22.63330215241593
2022-08-13 02:00:00,22.872592083453057
2022-08-13 03:00:00,22.976819985386875
2022-08-13 04:00:00,23.08712920869411
2022-08-13 05:00:00,23.2110488475226
2022-08-13 06:00:00,23.225585972763653
2022-08-13 07:00:00,23.702499500902743
2022-08-13 08:00:00,24.639289931037126
2022-08-13 09:00:00,25.667531014551653
2022-08-13 10:00:00,26.0220976950452
2022-08-13 11:00:00,26.164875903800777
2022-08-13 12:00:00,25.90839373677173
2022-08-13 13:00:00,25.17857986207425
2022-08-13 14:00:00,24.43339569516814
2022-08-13 15:00:00,24.5949389310986
2022-08-13 16:00:00,24.979662181642176
2022-08-13 17:00:00,25.741945041788
2022-08-13 18:00:00,26.386389584478746
2022-08-13 19:00:00,25.939289931037123
2022-08-13 20:00:00,25.586296041726527
2022-08-13 21:00:00,25.30083316696758
2022-08-13 22:00:00,24.73330215241593
2022-08-13 23:00:00,24.647839277656985
2022-08-14 00:00:00,24.662376402898037
2022-08-14 01:00:00,24.662376402898037
2022-08-14 02:00:00,24.801666333935163
2022-08-14 03:00:00,24.62475280579607
2022-08-14 04:00:00,24.263209569865616
2022-08-14 05:00:00,24.0
2022-08-14 06:00:00,24.36237640289804
2022-08-14 07:00:00,24.690617486412563
2022-08-14 08:00:00,25.139289931037126
2022-08-14 09:00:00,25.74277820875558
2022-08-14 10:00:00,25.83580165331868
2022-08-14 11:00:00,26.216203459176217
2022-08-14 12:00:00,27.155493390213344
2022-08-14 13:00:00,27.279319486289623
2022-08-14 14:00:00,26.83404177663129
2022-08-14 15:00:00,27.014973363345824
2022-08-14 16:00:00,26.756918405133824
2022-08-14 17:00:00,26.224262334181045
2022-08-14 18:00:00,26.288211528262032
2022-08-14 23:00:00,25.64361137572316
2022-08-15 00:00:00,25.39061748641256
2022-08-15 01:00:00,25.27608036117151
2022-08-15 02:00:00,25.41287079130589
2022-08-15 03:00:00,25.341111874820417
2022-08-15 04:00:00,25.83271813804869
2022-08-15 05:00:00,26.08561848460707
2022-08-15 06:00:00,26.478735471922377
2022-08-15 07:00:00,27.11370395827347
2022-08-15 08:00:00,27.88040180585754
2022-08-15 09:00:00,28.54518416690611
2022-08-15 10:00:00,28.655399847461126
2022-08-15 11:00:00,29.93746798725384
2022-08-15 12:00:00,30.06894819588647
2022-08-15 13:00:00,29.952744736710255
2022-08-15 14:00:00,30.32110891822949
2022-08-15 15:00:00,28.969843429949968
2022-08-15 16:00:00,28.8801526532572
2022-08-15 17:00:00,28.47848631932204
2022-08-15 18:00:00,28.23064704166505
2022-08-15 19:00:00,27.82465926304386
2022-08-15 20:00:00,26.82814754076231
2022-08-15 21:00:00,26.65555545730925
2022-08-15 22:00:00,26.499906457247786
2022-08-15 23:00:00,25.99391867862659
2022-08-16 00:00:00,25.23070910876097
2022-08-16 01:00:00,24.397251346496915
2022-08-16 02:00:00,24.76743747179944
2022-08-16 03:00:00,24.920431361110037
2022-08-16 04:00:00,25.1
2022-08-16 05:00:00,25.13330215241593
2022-08-16 06:00:00,24.805894235868983
2022-08-16 07:00:00,24.26743747179944
2022-08-16 08:00:00,24.29567855531396
2022-08-16 09:00:00,25.36154323593045
2022-08-16 10:00:00,27.28555641751116
2022-08-16 11:00:00,28.164969446552995
2022-08-16 12:00:00,28.53240691835244
2022-08-16 13:00:00,28.267959419070763
2022-08-16 14:00:00,29.353484360925624
2022-08-16 15:00:00,29.760554459114744
2022-08-16 16:00:00,28.25416191804508
2022-08-16 17:00:00,28.192836359058663
2022-08-16 18:00:00,27.21252809595333
2022-08-16 19:00:00,25.90058401436724
2022-08-16 20:00:00,25.00657179298844
2022-08-16 21:00:00,24.26305396001749
2022-08-16 22:00:00,23.284474097943235
2022-08-16 23:00:00,22.88953516684464
2022-08-17 00:00:00,22.643517832970947
2022-08-17 01:00:00,22.046172943721817
2022-08-17 02:00:00,21.501572791182948
2022-08-17 03:00:00,21.48197459704049
2022-08-17 04:00:00,21.801666333935167
2022-08-17 05:00:00,21.814537125241053
2022-08-17 06:00:00,21.9
2022-08-17 07:00:00,22.537623597101963
2022-08-17 08:00:00,23.451327555375435
2022-08-17 09:00:00,24.20083316696758
2022-08-17 10:00:00,25.44518416690611
2022-08-17 11:00:00,26.6691038057346
2022-08-17 12:00:00,27.78364093097565
2022-08-17 13:00:00,28.706571792988434
2022-08-17 14:00:00,29.215954306575878
2022-08-17 15:00:00,29.61762064051104
2022-08-17 16:00:00,28.921942085197077
2022-08-17 17:00:00,28.38697359884598
2022-08-17 18:00:00,26.76728186195131
2022-08-17 19:00:00,25.368948195886475
2022-08-17 20:00:00,23.93148020863264
2022-08-17 21:00:00,22.684380555191023
2022-08-17 22:00:00,22.48188105428828
2022-08-17 23:00:00,21.853733513525967
2022-08-18 00:00:00,21.5940122213788
2022-08-18 01:00:00,21.002561567998654
2022-08-18 02:00:00,20.78197459704049
2022-08-18 03:00:00,20.52731437379473
2022-08-18 04:00:00,20.479475096137747
2022-08-18 05:00:00,20.532468985448347
2022-08-18 06:00:00,20.22814754076231
2022-08-18 07:00:00,20.62033781835782
2022-08-18 08:00:00,22.689628709596853
2022-08-18 09:00:00,24.64178943193987
2022-08-18 10:00:00,26.006727402836564
2022-08-18 11:00:00,27.54320661327469
2022-08-18 12:00:00,28.190368333812224
2022-08-18 13:00:00,29.2921282104996
2022-08-18 14:00:00,29.42891864063398
2022-08-18 15:00:00,29.15623301442871
2022-08-18 16:00:00,28.22956472209713
2022-08-18 17:00:00,28.15873251533145
2022-08-18 18:00:00,27.06222079304991
2022-08-18 19:00:00,26.309226903739308
2022-08-18 20:00:00,25.165553460920236
2022-08-18 21:00:00,23.924597195947943
2022-08-18 22:00:00,23.279381553385534
2022-08-18 23:00:00,22.534041776631295
2022-08-19 00:00:00,22.2940122213788
2022-08-19 01:00:00,21.588024442757604
2022-08-19 02:00:00,21.37947509613775
2022-08-19 03:00:00,21.402561567998656
2022-08-19 04:00:00,21.68796237566169
2022-08-19 05:00:00,21.616203459176216
2022-08-19 06:00:00,21.760554459114747
2022-08-19 07:00:00,22.280152653257204
2022-08-19 08:00:00,23.25789934836387
2022-08-19 09:00:00,25.202343891054618
2022-08-19 10:00:00,26.58962870959685
2022-08-19 11:00:00,27.408487279523943
2022-08-19 12:00:00,28.479506571794047
2022-08-19 13:00:00,28.402499500902746
2022-08-19 14:00:00,28.406820945588777
2022-08-19 15:00:00,28.402499500902746
2022-08-19 16:00:00,28.307560569804146
2022-08-19 17:00:00,28.23064704166505
2022-08-19 18:00:00,28.205894235868985
2022-08-19 19:00:00,27.852900346558386
2022-08-19 20:00:00,27.36061652621066
2022-08-19 21:00:00,27.46144969317824
2022-08-19 22:00:00,27.179319486289614
2022-08-19 23:00:00,27.04002955525249
2022-08-20 00:00:00,26.815370292208637
2022-08-20 01:00:00,26.59833366606484
2022-08-20 02:00:00,26.57092574951789
2022-08-20 03:00:00,26.57175891648547
2022-08-20 04:00:00,26.28629604172653
2022-08-20 05:00:00,25.97092574951789
2022-08-20 06:00:00,25.80938251358744
2022-08-20 07:00:00,25.885462874758943
2022-08-20 08:00:00,26.137623597101964
2022-08-20 09:00:00,26.99395015428289
2022-08-20 10:00:00,28.01870296007896
2022-08-20 11:00:00,27.638207611469205
2022-08-20 12:00:00,28.892190277595518
2022-08-20 13:00:00,28.726325596979024
2022-08-20 14:00:00,29.262960417265276
2022-08-20 15:00:00,29.208300194019515
2022-08-20 16:00:00,29.245861724025566
2022-08-20 17:00:00,29.16305396001749
2022-08-20 18:00:00,28.78854639002893
2022-08-20 19:00:00,27.139134321189
2022-08-20 20:00:00,25.743362223122816
2022-08-20 21:00:00,24.60996652795468
2022-08-20 22:00:00,24.110955304770386
2022-08-20 23:00:00,23.90928897083522
2022-08-21 00:00:00,23.390523943660348
2022-08-21 01:00:00,22.83836322131733
2022-08-21 02:00:00,22.486202498974315
2022-08-21 03:00:00,22.386202498974317
2022-08-21 04:00:00,22.4101221378028
2022-08-21 05:00:00,22.234874943598875
2022-08-21 06:00:00,21.876726442634663
2022-08-21 07:00:00,22.407467027051933
2022-08-21 08:00:00,24.03654127753404
2022-08-21 09:00:00,25.727991930914182
2022-08-21 10:00:00,27.03055349891284
2022-08-21 11:00:00,28.5271587639466
2022-08-21 12:00:00,30.154411070645416
2022-08-21 13:00:00,30.429658264849348
2022-08-21 14:00:00,31.3022503483024
2022-08-21 15:00:00,32.18515165506269
2022-08-21 16:00:00,31.98447409794324
2022-08-21 17:00:00,30.981569834592023
2022-08-21 18:00:00,29.179163876441493
2022-08-21 19:00:00,27.60573862602086
2022-08-21 20:00:00,26.850089625959384
2022-08-21 21:00:00,26.14851683477644
2022-08-21 22:00:00,25.057066181396287
2022-08-21 23:00:00,24.41527674945642
2022-08-22 00:00:00,24.219598194142456
2022-08-22 01:00:00,24.01444358248884
2022-08-22 02:00:00,23.729813874697477
2022-08-22 03:00:00,23.814537125241053
2022-08-22 04:00:00,23.510215680555014
2022-08-22 05:00:00,23.685462874758947
2022-08-22 06:00:00,23.563209569865617
2022-08-22 07:00:00,24.09046187656444
2022-08-22 08:00:00,25.157221791244417
2022-08-22 09:00:00,26.967531014551653
2022-08-22 10:00:00,28.664969446552995
2022-08-22 11:00:00,29.260554459114744
2022-08-22 12:00:00,30.33830115422142
2022-08-22 13:00:00,31.18290130676029
2022-08-22 14:00:00,30.725430362915528
2022-08-22 15:00:00,29.431480208632635
2022-08-22 16:00:00,29.705738626020853
2022-08-22 17:00:00,28.54086272222008
2022-08-22 18:00:00,27.77681998538688
2022-08-22 19:00:00,26.49135711062793
2022-08-22 20:00:00,26.034041776631295
2022-08-22 21:00:00,25.661294083330112
2022-08-22 22:00:00,25.76743747179944
2022-08-22 23:00:00,25.365615528016143
2022-08-23 00:00:00,23.99641817952933
2022-08-23 01:00:00,23.834719333750748
2022-08-23 02:00:00,24.096262569681205
2022-08-23 03:00:00,23.845090624153897
2022-08-23 04:00:00,23.621170985325406
2022-08-23 05:00:00,23.35216072234301
2022-08-23 06:00:00,23.52657474957936
2022-08-23 07:00:00,23.31370395827347
2022-08-23 08:00:00,23.37691352813909
2022-08-23 09:00:00,23.641945041788
2022-08-23 10:00:00,23.828241083514524
2022-08-23 11:00:00,23.958888125179584
2022-08-23 12:00:00,24.202499500902743
2022-08-23 13:00:00,24.42043136111004
2022-08-23 14:00:00,25.128241083514524
2022-08-23 15:00:00,25.027407916546945
2022-08-23 16:00:00,26.51811894571172
2022-08-23 17:00:00,26.694689778498255
2022-08-23 18:00:00,25.94675695808906
2022-08-23 19:00:00,24.51793186020729
2022-08-23 20:00:00,23.13836322131733
2022-08-23 21:00:00,22.459876901995287
2022-08-23 22:00:00,21.37765315235446
2022-08-23 23:00:00,21.66858185846328
2022-08-24 00:00:00,20.753733513525965
2022-08-24 01:00:00,20.827158763946603
2022-08-24 02:00:00,20.72549243001144
2022-08-24 03:00:00,20.68271422125586
2022-08-24 04:00:00,20.662282860145822
2022-08-24 05:00:00,20.840862722220077
2022-08-24 06:00:00,21.398084513464493
2022-08-24 07:00:00,22.984629707791367
2022-08-24 08:00:00,24.245277709658325
2022-08-24 09:00:00,24.812808724209976
2022-08-24 10:00:00,24.591450653380143
2022-08-24 11:00:00,25.56753101455165
2022-08-24 12:00:00,25.702499500902743
2022-08-24 13:00:00,25.82391963882849
2022-08-24 14:00:00,26.317869793111377
2022-08-24 15:00:00,26.140123098004707
2022-08-24 16:00:00,26.521358070829837
2022-08-24 17:00:00,26.229907417449688
2022-08-24 18:00:00,25.81188201449018
2022-08-24 19:00:00,24.423919638828487
2022-08-24 20:00:00,23.765771137864277
2022-08-24 21:00:00,23.297500499097254
2022-08-24 22:00:00,22.14518416690611
2022-08-24 23:00:00,21.608549346619853
2022-08-25 00:00:00,20.79135711062793
2022-08-25 01:00:00,20.95978335924308
2022-08-25 02:00:00,20.19234588744364
2022-08-25 03:00:00,20.193179054411218
2022-08-25 04:00:00,20.02731437379473
2022-08-25 05:00:00,20.141851499035784
2022-08-25 06:00:00,20.193179054411218
2022-08-25 07:00:00,20.635124096199217
2022-08-25 08:00:00,21.640029555252497
2022-08-25 09:00:00,22.40166633393516
2022-08-25 10:00:00,22.911882014490185
2022-08-25 11:00:00,23.57857986207425
2022-08-25 12:00:00,24.719691736894667
2022-08-25 13:00:00,24.97243647360493
2022-08-25 14:00:00,24.11512113960829
2022-08-25 15:00:00,23.866542237735946
2022-08-25 16:00:00,23.291295043532017
2022-08-25 17:00:00,22.2861404318784
2022-08-25 18:00:00,21.216359069024342
2022-08-25 19:00:00,20.78536933200673
2022-08-25 20:00:00,20.194845388346383
2022-08-25 21:00:00,19.75388912337409
2022-08-25 22:00:00,19.36925941558273
2022-08-25 23:00:00,19.000739624215367
2022-08-26 00:00:00,18.65040084565564
2022-08-26 01:00:00,18.45040084565564
2022-08-26 02:00:00,17.97432048448413
2022-08-26 03:00:00,17.699073290280204
2022-08-26 04:00:00,17.30413435918161
2022-08-26 05:00:00,17.281047887320696
2022-08-26 06:00:00,17.032375442696132
2022-08-26 07:00:00,17.781881054288277
2022-08-26 08:00:00,19.484474097943234
2022-08-26 09:00:00,21.755493390213346
2022-08-26 10:00:00,23.782901306760287
2022-08-26 11:00:00,24.599844390151876
2022-08-26 12:00:00,25.38712920869411
2022-08-26 13:00:00,27.02286879491687
2022-08-26 14:00:00,26.843362223122824
2022-08-26 15:00:00,27.101417181334824
2022-08-26 16:00:00,26.52783632106605
2022-08-26 17:00:00,26.38771322306135
2022-08-26 18:00:00,25.277653152354457
2022-08-26 19:00:00,24.21012213780281
2022-08-26 20:00:00,23.245090624153896
2022-08-26 21:00:00,22.06651076207964
2022-08-26 22:00:00,21.463116027113404
2022-08-26 23:00:00,21.189690776692768
2022-08-27 00:00:00,20.643517832970947
2022-08-27 01:00:00,20.289690776692765
2022-08-27 02:00:00,20.231635818480765
2022-08-27 03:00:00,19.9520671795908
2022-08-27 04:00:00,20.75132755537544
2022-08-27 05:00:00,21.300677557119453
2022-08-27 06:00:00,20.73756153000605
2022-08-27 07:00:00,20.34777721056107
2022-08-27 08:00:00,20.721358070829837
2022-08-27 09:00:00,21.04876598737678
2022-08-27 10:00:00,21.95466022324576
2022-08-27 11:00:00,23.529751807601563
2022-08-27 12:00:00,23.71006007070689
2022-08-27 13:00:00,24.191201500779805
2022-08-27 14:00:00,23.912621638705545
2022-08-27 15:00:00,24.404905459053275
2022-08-27 16:00:00,24.262220793049902
2022-08-27 17:00:00,23.809226903739308
2022-08-27 18:00:00,23.299844390151872
2022-08-27 19:00:00,21.695678555313968
2022-08-27 20:00:00,20.443268680370608
2022-08-27 21:00:00,19.49888620477577
2022-08-27 22:00:00,18.642497580498937
2022-08-27 23:00:00,17.57848631932204
2022-08-28 00:00:00,17.23330215241593
2022-08-28 01:00:00,16.433302152415926
2022-08-28 02:00:00,15.883796540823784
2022-08-28 03:00:00,15.634290929231636
2022-08-28 04:00:00,15.22407524867662
2022-08-28 05:00:00,14.861698845778584
2022-08-28 06:00:00,14.979568638889962
2022-08-28 07:00:00,16.79660526503376
2022-08-28 08:00:00,19.04277820875558
2022-08-28 09:00:00,20.699011223184293
2022-08-28 10:00:00,22.94502855705798
2022-08-28 11:00:00,24.57317609782029
2022-08-28 12:00:00,25.701572791182947
2022-08-28 13:00:00,26.8691038057346
2022-08-28 14:00:00,27.63231337560022
2022-08-28 15:00:00,27.87410280754009
2022-08-28 16:00:00,27.90839373677173
2022-08-28 17:00:00,27.8801526532572
2022-08-28 18:00:00,26.844288932842616
2022-08-28 19:00:00,24.24675695808906
2022-08-28 20:00:00,22.60589423586898
2022-08-28 21:00:00,21.79194112499517
2022-08-28 22:00:00,20.76743747179944
2022-08-28 23:00:00,21.041945041788
2022-08-29 00:00:00,20.74774573490477
2022-08-29 01:00:00,21.318609417326748
2022-08-29 02:00:00,22.165031513648906
2022-08-29 03:00:00,22.01203762433831
2022-08-29 04:00:00,21.751327555375436
2022-08-29 05:00:00,21.335957263166804
2022-08-29 06:00:00,21.141111874820417
2022-08-29 07:00:00,20.91994088949501
2022-08-29 08:00:00,20.443766985571287
2022-08-29 09:00:00,20.71287079130589
2022-08-29 10:00:00,21.013703958273474
2022-08-29 11:00:00,20.772592083453056
2022-08-29 12:00:00,20.741945041788
2022-08-29 13:00:00,21.01885856992709
2022-08-29 14:00:00,21.003488277718454
2022-08-29 15:00:00,20.09750049909725
2022-08-29 16:00:00,19.87092574951789
2022-08-29 17:00:00,19.582130206888618
2022-08-29 18:00:00,19.70604984571711
2022-08-29 19:00:00,19.90688301268469
2022-08-29 20:00:00,20.222253304893325
2022-08-29 21:00:00,20.12407524867661
2022-08-29 22:00:00,20.1779023049548
2022-08-29 23:00:00,19.93355130501627
2022-08-30 00:00:00,19.02416879142883
2022-08-30 01:00:00,18.711204457370727
2022-08-30 02:00:00,18.212037624338308
2022-08-30 03:00:00,18.226574749579363
2022-08-30 04:00:00,18.076235971019635
2022-08-30 05:00:00,18.040278707852835
2022-08-30 06:00:00,18.07873547192238
2022-08-30 07:00:00,18.1779023049548
2022-08-30 08:00:00,18.45564900006147
2022-08-30 09:00:00,18.64027870785284
2022-08-30 10:00:00,18.75821056806013
2022-08-30 11:00:00,18.949661221440277
2022-08-30 12:00:00,19.311204457370728
2022-08-30 13:00:00,19.6359572631668
2022-08-30 14:00:00,19.641111874820417
2022-08-30 15:00:00,19.965031513648903
2022-08-30 16:00:00,20.003488277718454
2022-08-30 17:00:00,19.926574749579363
2022-08-30 18:00:00,19.850494388407853
2022-08-30 19:00:00,20.00265511075087
2022-08-30 20:00:00,19.8889511524774
2022-08-30 21:00:00,19.926574749579363
2022-08-30 22:00:00,20.02657474957936
2022-08-30 23:00:00,20.064198346681323
2022-08-31 00:00:00,20.041111874820416
2022-08-31 01:00:00,20.027407916546945
2022-08-31 02:00:00,19.81370395827347
2022-08-31 03:00:00,19.637623597101964
2022-08-31 04:00:00,19.76419834668133
2022-08-31 05:00:00,19.74111187482041
2022-08-31 06:00:00,19.58978431944498
2022-08-31 07:00:00,19.70182194378329
2022-08-31 08:00:00,20.00614338846933
2022-08-31 09:00:00,20.45481583309389
2022-08-31 10:00:00,21.079568638889963
2022-08-31 11:00:00,21.58123497282513
2022-08-31 12:00:00,21.640123098004707
2022-08-31 13:00:00,22.27268562620527
2022-08-31 14:00:00,22.38290130676029
2022-08-31 15:00:00,22.68796237566169
2022-08-31 16:00:00,22.56320956986562
2022-08-31 17:00:00,22.792283820347727
2022-08-31 18:00:00,22.548672444624565
2022-08-31 19:00:00,21.80416583483791
2022-08-31 20:00:00,20.97092574951789
2022-08-31 21:00:00,20.60166633393516
2022-08-31 22:00:00,20.64799488750511
2022-08-31 23:00:00,20.51287079130589
2022-09-01 00:00:00,20.226574749579363
2022-09-01 01:00:00,19.802655110750877
2022-09-01 02:00:00,19.441945041788
2022-09-01 03:00:00,19.01453712524105
2022-09-01 04:00:00,18.538456764069544
2022-09-01 05:00:00,18.285462874758945
2022-09-01 06:00:00,17.961543235930453
2022-09-01 07:00:00,18.17092574951789
2022-09-01 08:00:00,19.23679043013438
2022-09-01 09:00:00,21.045277709658325
2022-09-01 10:00:00,23.189473099748728
2022-09-01 11:00:00,24.66472029395265
2022-09-01 12:00:00,25.824503653195727
2022-09-01 13:00:00,27.19021272396409
2022-09-01 14:00:00,27.867281861951312
2022-09-01 15:00:00,28.35873251533145
2022-09-01 16:00:00,28.66363797438473
2022-09-01 17:00:00,27.662127250297694
2022-09-01 18:00:00,26.35357790367784
2022-09-01 19:00:00,25.161387626082327
2022-09-01 20:00:00,24.172436473604925
2022-09-01 21:00:00,23.11181994739427
2022-09-01 22:00:00,21.71428797264071
2022-09-01 23:00:00,21.25972129214716
2022-09-02 00:00:00,20.601728401031075
2022-09-02 01:00:00,20.53496848635109
2022-09-02 02:00:00,19.807716179652274
2022-09-02 03:00:00,19.565031513648908
2022-09-02 04:00:00,18.985462874758944
2022-09-02 05:00:00,19.468364181519235
2022-09-02 06:00:00,20.427407916546944
2022-09-02 07:00:00,20.91453712524105
2022-09-02 08:00:00,22.332406918352437
2022-09-02 09:00:00,23.710153613459106
2022-09-02 10:00:00,25.227252306698816
2022-09-02 11:00:00,26.386973598845984
2022-09-02 12:00:00,27.17759108525854
2022-09-02 13:00:00,27.73490641925518
2022-09-02 14:00:00,27.404072292085694
2022-09-02 15:00:00,27.766635780488155
2022-09-02 16:00:00,27.6760182940756
2022-09-02 17:00:00,26.92891864063398
2022-09-02 18:00:00,26.57675791829097
2022-09-02 19:00:00,25.64262259890745
2022-09-02 20:00:00,25.000926709719792
2022-09-02 21:00:00,24.72391963882849
2022-09-02 22:00:00,23.69234588744364
2022-09-02 23:00:00,23.24203858454021
2022-09-03 00:00:00,22.546266486474032
2022-09-03 01:00:00,21.72824108351453
2022-09-03 02:00:00,21.07092574951789
2022-09-03 03:00:00,20.383796540823784
2022-09-03 04:00:00,20.161543235930456
2022-09-03 05:00:00,19.985462874758944
2022-09-03 06:00:00,19.92308647186091
2022-09-03 07:00:00,20.46586468061649
2022-09-03 08:00:00,21.969936972702182
2022-09-03 09:00:00,22.85216072234301
2022-09-03 10:00:00,24.210153613459106
2022-09-03 11:00:00,25.422930862012784
2022-09-03 12:00:00,27.1170366261438
2022-09-03 13:00:00,27.753827056278183
2022-09-03 14:00:00,27.89061748641256
2022-09-03 15:00:00,28.05799289111609
2022-09-03 16:00:00,27.083734473727876
2022-09-03 17:00:00,26.76669784758407
2022-09-03 18:00:00,25.706727402836563
2022-09-03 19:00:00,24.939289931037127
2022-09-03 20:00:00,24.15888812517958
2022-09-03 21:00:00,23.924752805796075
2022-09-03 22:00:00,23.476080361171505
2022-09-03 23:00:00,22.93762359710196
2022-09-04 00:00:00,22.562376402898035
2022-09-04 01:00:00,22.27691352813909
2022-09-04 02:00:00,22.101666333935164
2022-09-04 03:00:00,22.050338778559727
2022-09-04 04:00:00,22.116203459176216
2022-09-04 05:00:00,22.012715181457764
2022-09-04 06:00:00,22.34012309800471
2022-09-04 07:00:00,22.493272597163436
2022-09-04 08:00:00,22.183890083576
2022-09-04 09:00:00,22.426668292331577
2022-09-04 10:00:00,23.007809722404488
2022-09-04 11:00:00,23.75648216702905
2022-09-04 12:00:00,24.386296041726524
2022-09-04 13:00:00,25.20083316696758
2022-09-04 14:00:00,25.37342525042064
2022-09-04 15:00:00,26.44361137572316
2022-09-04 16:00:00,25.931480208632635
2022-09-04 17:00:00,24.796511722281544
2022-09-04 18:00:00,24.147839277656985
2022-09-04 19:00:00,24.19916683303242
2022-09-04 20:00:00,24.037623597101963
2022-09-04 21:00:00,23.632468985448345
2022-09-04 22:00:00,23.128147540762317
2022-09-04 23:00:00,22.97009258255031
2022-09-05 00:00:00,22.99916683303242
2022-09-05 01:00:00,22.9470061106894
2022-09-05 02:00:00,22.74783927765698
2022-09-05 03:00:00,22.549505611592146
2022-09-05 04:00:00,22.28629604172653
2022-09-05 05:00:00,21.89219027759551
2022-09-05 06:00:00,21.816109916424
2022-09-05 07:00:00,21.63330215241593
2022-09-05 08:00:00,21.519598194142453
2022-09-05 09:00:00,21.354566680493548
2022-09-05 10:00:00,21.41527674945642
2022-09-05 11:00:00,21.177653152354456
2022-09-05 12:00:00,21.124659263043856
2022-09-05 13:00:00,21.07681998538688
2022-09-05 14:00:00,20.374164874636005
2022-09-05 15:00:00,19.940029555252494
2022-09-05 16:00:00,19.37765315235445
2022-09-05 17:00:00,18.863116027113403
2022-09-05 18:00:00,18.432468985448345
2022-09-05 19:00:00,18.26925941558273
2022-09-05 20:00:00,18.12657474957936
2022-09-05 21:00:00,17.988951152477398
2022-09-05 22:00:00,17.92574158261178
2022-09-05 23:00:00,17.96419834668133
2022-09-06 00:00:00,17.81203762433831
2022-09-06 01:00:00,17.66742052249762
2022-09-06 02:00:00,17.70182194378329
2022-09-06 03:00:00,17.516359069024343
2022-09-06 04:00:00,17.843766985571285
2022-09-06 05:00:00,17.597500499097258
2022-09-06 06:00:00,17.74882805447269
2022-09-06 07:00:00,18.01552590205677
2022-09-06 08:00:00,18.376080361171507
2022-09-06 09:00:00,19.401915486535504
2022-09-06 10:00:00,20.83605080591901
2022-09-06 11:00:00,22.62567951551587
2022-09-06 12:00:00,23.595772098066178
2022-09-06 13:00:00,24.4691038057346
2022-09-06 14:00:00,24.427991930914185
2022-09-06 15:00:00,25.14095626497229
2022-09-06 16:00:00,25.30682094558878
2022-09-06 17:00:00,25.07774669510667
2022-09-06 18:00:00,23.691357110627926
2022-09-06 19:00:00,20.812528095953336
2022-09-06 20:00:00,19.49632463677712
2022-09-06 21:00:00,19.22888716497768
2022-09-06 22:00:00,18.012715181457764
2022-09-06 23:00:00,17.536479210438127
2022-09-07 00:00:00,17.971852459237688
2022-09-07 01:00:00,17.974258417388217
2022-09-07 02:00:00,17.664969446552995
2022-09-07 03:00:00,17.76753101455165
2022-09-07 04:00:00,17.01793186020729
2022-09-07 05:00:00,16.788024442757603
2022-09-07 06:00:00,16.6880244427576
2022-09-07 07:00:00,17.189690776692768
2022-09-07 08:00:00,18.75972129214716
2022-09-07 09:00:00,20.99817805621671
2022-09-07 10:00:00,22.779568638889963
2022-09-07 11:00:00,24.797189279401
2022-09-07 12:00:00,26.110893237674475
2022-09-07 13:00:00,26.826169987130896
2022-09-07 14:00:00,27.210737627826347
2022-09-07 15:00:00,27.2501831687116
2022-09-07 16:00:00,27.071603306637343
2022-09-07 17:00:00,26.01345480567313
2022-09-07 18:00:00,25.1022503483024
2022-09-07 19:00:00,23.0243480433476
2022-09-07 20:00:00,22.25697263864408
2022-09-07 21:00:00,21.359472139546824
2022-09-07 22:00:00,20.485649960263373
2022-09-07 23:00:00,18.422408914741453
2022-09-08 00:00:00,17.36759308164757
2022-09-08 01:00:00,17.061543235930454
2022-09-08 02:00:00,16.234290929231637
2022-09-08 03:00:00,15.92574158261178
2022-09-08 04:00:00,15.705154611653615
2022-09-08 05:00:00,15.384723250543578
2022-09-08 06:00:00,14.95904373502771
2022-09-08 07:00:00,15.793428207011562
2022-09-08 08:00:00,17.880401805857545
2022-09-08 09:00:00,20.01188201449018
2022-09-08 10:00:00,22.546694890993145
2022-09-08 11:00:00,24.19959523755153
2022-09-08 12:00:00,25.597835360864156
2022-09-08 13:00:00,26.85175595989455
2022-09-08 14:00:00,27.53388616678317
2022-09-08 15:00:00,27.67400926478788
2022-09-08 16:00:00,27.66802148616668
2022-09-08 17:00:00,26.453390818173407
2022-09-08 18:00:00,24.765366375415805
2022-09-08 19:00:00,23.44999608320717
2022-09-08 20:00:00,22.49616902692899
2022-09-08 21:00:00,19.96046091636253
2022-09-08 22:00:00,19.590368333812226
2022-09-08 23:00:00,19.590368333812226
2022-09-09 00:00:00,18.38370299807157
2022-09-09 01:00:00,17.82132659517353
2022-09-09 02:00:00,17.487868832909477
2022-09-09 03:00:00,17.448672444624563
2022-09-09 04:00:00,17.338456764069544
2022-09-09 05:00:00,17.25466022324576
2022-09-09 06:00:00,16.877808762202584
2022-09-09 07:00:00,17.351327555375434
2022-09-09 08:00:00,19.35107840277509
2022-09-09 09:00:00,20.652900346558383
2022-09-09 10:00:00,23.45434900354951
2022-09-09 11:00:00,25.02027575126191
2022-09-09 12:00:00,26.403916682237565
2022-09-09 13:00:00,27.66462675120044
2022-09-09 14:00:00,28.19370100168255
2022-09-09 15:00:00,28.407311417203804
2022-09-09 16:00:00,29.039967488156577
2022-09-09 17:00:00,28.30573862602085
2022-09-09 18:00:00,26.92965826484935
2022-09-09 19:00:00,25.360554459114745
2022-09-09 20:00:00,22.630647041665057
2022-09-09 21:00:00,21.15888812517958
2022-09-09 22:00:00,21.06536637541581
2022-09-09 23:00:00,20.93567663491016
2022-09-10 00:00:00,22.085307264910817
2022-09-10 01:00:00,21.17293477880561
2022-09-10 02:00:00,20.91129800012294
2022-09-10 03:00:00,20.55058793116007
2022-09-10 04:00:00,20.1507435410082
2022-09-10 05:00:00,20.05574254281368
2022-09-10 06:00:00,18.58935591492587
2022-09-10 07:00:00,19.45589815266181
2022-09-10 08:00:00,19.69243943019585
2022-09-10 09:00:00,20.77617390392372
2022-09-10 10:00:00,22.37175891648548
2022-09-10 11:00:00,23.56046091636253
2022-09-10 12:00:00,25.13404177663129
2022-09-10 13:00:00,24.68629604172653
2022-09-10 14:00:00,26.039289931037125
2022-09-10 15:00:00,26.74435099993853
2022-09-10 16:00:00,26.51944258429433
2022-09-10 17:00:00,26.03496848635109
2022-09-10 18:00:00,24.778486319322035
2022-09-10 19:00:00,23.512777248553675
2022-09-10 20:00:00,23.17092574951789
2022-09-10 21:00:00,22.423180014613123
2022-09-10 22:00:00,22.15132755537544
2022-09-10 23:00:00,22.45564900006147
2022-09-11 00:00:00,21.83256252820056
2022-09-11 01:00:00,21.29768758460168
2022-09-11 02:00:00,21.479662181642176
2022-09-11 03:00:00,21.039445540885254
2022-09-11 04:00:00,20.784785317639493
2022-09-11 05:00:00,21.131729361232978
2022-09-11 06:00:00,20.706143388469325
2022-09-11 07:00:00,20.70265511075087
2022-09-11 08:00:00,21.279475096137745
2022-09-11 09:00:00,22.565615528016146
2022-09-11 10:00:00,23.809133360987097
2022-09-11 11:00:00,25.451911569742677
2022-09-11 12:00:00,25.524752805796076
2022-09-11 13:00:00,25.354566680493548
2022-09-11 14:00:00,25.358888125179583
2022-09-11 15:00:00,26.08447409794324
2022-09-11 16:00:00,25.83580165331868
2022-09-11 17:00:00,24.662127250297694
2022-09-11 18:00:00,23.85357790367784
2022-09-11 19:00:00,23.46811502891889
2022-09-11 20:00:00,22.874998041603583
2022-09-11 21:00:00,22.05197363683859
2022-09-11 22:00:00,21.199906457247785
2022-09-11 23:00:00,20.737374444501626
2022-09-12 00:00:00,20.59219027759551
2022-09-12 01:00:00,20.18197459704049
2022-09-12 02:00:00,19.83148020863264
2022-09-12 03:00:00,19.58364093097565
2022-09-12 04:00:00,19.48114143007291
2022-09-12 05:00:00,19.94252905615524
2022-09-12 06:00:00,19.37515365145171
2022-09-12 07:00:00,19.80240595815053
2022-09-12 08:00:00,20.701572791182947
2022-09-12 09:00:00,22.08953516684464
2022-09-12 10:00:00,23.290368333812214
2022-09-12 11:00:00,24.80573862602085
2022-09-12 12:00:00,25.792034667747387
2022-09-12 13:00:00,27.04925645899181
2022-09-12 14:00:00,27.24160234643544
2022-09-12 15:00:00,27.280985820224785
2022-09-12 16:00:00,27.135552500718333
2022-09-12 17:00:00,26.333886166783167
2022-09-12 18:00:00,25.30564508326864
2022-09-12 19:00:00,24.653484360925624
2022-09-12 20:00:00,23.928731555129552
2022-09-12 21:00:00,23.14509062415389
2022-09-12 22:00:00,22.371665373733254
2022-09-12 23:00:00,22.074320484484133
2022-09-13 00:00:00,22.19234588744364
2022-09-13 01:00:00,22.039289931037125
2022-09-13 02:00:00,21.883796540823784
2022-09-13 03:00:00,22.200833166967584
2022-09-13 04:00:00,22.55132755537544
2022-09-13 05:00:00,22.48629604172653
2022-09-13 06:00:00,22.47608036117151
2022-09-13 07:00:00,22.460710068962875
2022-09-13 08:00:00,22.86237640289804
2022-09-13 09:00:00,23.18629604172653
2022-09-13 10:00:00,23.42549243001144
2022-09-13 11:00:00,24.915954306575877
2022-09-13 12:00:00,25.24685050084127
2022-09-13 13:00:00,26.617776250359164
2022-09-13 14:00:00,26.907560569804147
2022-09-13 15:00:00,26.94095626497229
2022-09-13 16:00:00,26.725585972763653
2022-09-13 17:00:00,26.425585972763656
2022-09-13 18:00:00,25.711882014490183
2022-09-13 19:00:00,25.188795542629272
2022-09-13 20:00:00,24.75200511249489
2022-09-13 21:00:00,23.904321444686037
2022-09-13 22:00:00,23.91453712524105
2022-09-13 23:00:00,23.675247194203926
2022-09-14 00:00:00,23.15564900006147
2022-09-14 01:00:00,23.12475280579607
2022-09-14 02:00:00,23.189784319444986
2022-09-14 03:00:00,22.282130206888617
2022-09-14 04:00:00,22.226481206827145
2022-09-14 05:00:00,21.630802651513186
2022-09-14 06:00:00,21.85388912337409
2022-09-14 07:00:00,21.807716179652274
2022-09-14 08:00:00,22.368270638767022
2022-09-14 09:00:00,23.345184166906108
2022-09-14 10:00:00,24.24601733387369
2022-09-14 11:00:00,25.469936972702182
2022-09-14 12:00:00,26.43580165331868
2022-09-14 13:00:00,27.08364093097565
2022-09-14 14:00:00,28.062220793049907
2022-09-14 15:00:00,27.752005112494885
2022-09-14 16:00:00,27.33839469697363
2022-09-14 17:00:00,26.430740584417272
2022-09-14 18:00:00,25.478579862074252
2022-09-14 19:00:00,24.35216072234301
2022-09-14 20:00:00,23.558054958212
2022-09-14 21:00:00,22.948672444624563
2022-09-14 22:00:00,22.48114143007291
2022-09-14 23:00:00,22.058888125179585
2022-09-15 00:00:00,22.273269640572508
2022-09-15 01:00:00,22.339134321189
2022-09-15 02:00:00,22.18697359884598
2022-09-15 03:00:00,22.102499500902745
2022-09-15 04:00:00,22.114381515392928
2022-09-15 05:00:00,22.064875903800782
2022-09-15 06:00:00,22.438456764069542
2022-09-15 07:00:00,22.5529938893106
2022-09-15 08:00:00,23.381234972825126
2022-09-15 09:00:00,24.53172936123298
2022-09-15 10:00:00,26.215370292208632
2022-09-15 11:00:00,26.393856611530676
2022-09-15 12:00:00,28.26570907076836
2022-09-15 13:00:00,28.41595430657588
2022-09-15 14:00:00,28.374102807540087
2022-09-15 15:00:00,28.350338778559728
2022-09-15 16:00:00,28.556326557180924
2022-09-15 17:00:00,27.68697359884598
2022-09-15 18:00:00,27.04851683477644
2022-09-15 19:00:00,26.434812876502964
2022-09-15 20:00:00,25.931573751384853
2022-09-15 21:00:00,25.938456764069542
2022-09-15 22:00:00,25.48629604172653
2022-09-15 23:00:00,25.072592083453053
2022-09-16 00:00:00,24.762376402898035
2022-09-16 01:00:00,24.36237640289804
2022-09-16 02:00:00,23.799166833032416
2022-09-16 03:00:00,23.37524719420393
2022-09-16 04:00:00,23.0470061106894
2022-09-16 05:00:00,22.88462970779136
2022-09-16 06:00:00,22.675247194203926
2022-09-16 07:00:00,22.961543235930456
2022-09-16 08:00:00,23.566604304831856
2022-09-16 09:00:00,25.32558597276365
2022-09-16 10:00:00,26.751849502646763
2022-09-16 11:00:00,26.859472139546824
2022-09-16 12:00:00,28.671603306637344
2022-09-16 13:00:00,30.36237640289804
2022-09-16 14:00:00,30.125492430011438
2022-09-16 15:00:00,29.758576905483327
2022-09-16 16:00:00,28.88953516684464
2022-09-16 17:00:00,27.530615566008755
2022-09-16 18:00:00,26.792252344691423
2022-09-16 19:00:00,25.459043735027716
2022-09-16 20:00:00,24.434135319383508
2022-09-16 21:00:00,24.448672444624563
2022-09-16 22:00:00,24.31188201449018
2022-09-16 23:00:00,24.147839277656985
2022-09-17 00:00:00,23.88197459704049
2022-09-17 01:00:00,23.89135711062793
2022-09-17 02:00:00,23.76743747179944
2022-09-17 03:00:00,23.586296041726527
2022-09-17 04:00:00,23.706727402836563
2022-09-17 05:00:00,23.696511722281542
2022-09-17 06:00:00,23.596511722281544
2022-09-17 07:00:00,23.948672444624563
2022-09-17 08:00:00,24.69817805621671
2022-09-17 09:00:00,26.37342525042064
2022-09-17 10:00:00,27.374998041603583
2022-09-17 11:00:00,28.19302344456309
2022-09-17 12:00:00,28.538207611469204
2022-09-17 13:00:00,28.49277429196275
2022-09-17 14:00:00,28.63894723568457
2022-09-17 15:00:00,28.384380555191026
2022-09-17 16:00:00,28.469936972702182
2022-09-17 17:00:00,27.47740399975412
2022-09-17 18:00:00,25.85947213954682
2022-09-17 19:00:00,24.715860763823663
2022-09-17 20:00:00,23.74759012505664
2022-09-17 21:00:00,23.375831208571164
2022-09-17 22:00:00,23.13148020863264
2022-09-17 23:00:00,22.82126452807762
2022-09-18 00:00:00,22.78280776400808
2022-09-18 01:00:00,22.82549243001144
2022-09-18 02:00:00,22.6691038057346
2022-09-18 03:00:00,23.00922690373931
2022-09-18 04:00:00,22.611882014490185
2022-09-18 05:00:00,22.912715181457763
2022-09-18 06:00:00,22.902499500902746
2022-09-18 07:00:00,22.815370292208637
2022-09-18 08:00:00,23.74095626497229
2022-09-18 09:00:00,24.27175891648547
2022-09-18 10:00:00,25.356972638644077
2022-09-18 11:00:00,26.66567759511206
2022-09-18 12:00:00,27.62283731926057
2022-09-18 13:00:00,28.012621638705543
2022-09-18 14:00:00,29.57749754250633
2022-09-18 15:00:00,29.70323912511811
2022-09-18 16:00:00,29.988795542629276
2022-09-18 17:00:00,30.683640930975656
2022-09-18 18:00:00,29.837467987253834
2022-09-18 19:00:00,28.32907425048211
2022-09-18 20:00:00,27.91453712524105
2022-09-18 21:00:00,27.00265511075087
2022-09-18 22:00:00,26.52043136111004
2022-09-18 23:00:00,26.052160722343014
2022-09-19 00:00:00,25.70348827771845
2022-09-19 01:00:00,25.5470061106894
2022-09-19 02:00:00,24.9170366261438
2022-09-19 03:00:00,24.564782361048564
2022-09-19 04:00:00,24.34675695808906
2022-09-19 05:00:00,24.108300194019517
2022-09-19 06:00:00,23.74842329202422
2022-09-19 07:00:00,24.14169588918766
2022-09-19 08:00:00,24.611788471737967
2022-09-19 09:00:00,25.185213722158604
2022-09-19 10:00:00,25.164533208448223
2022-09-19 11:00:00,26.6750915843558
2022-09-19 12:00:00,28.019442584294328
2022-09-19 13:00:00,28.28422494534289
2022-09-19 14:00:00,27.892680749210538
2022-09-19 15:00:00,27.06178455494514
2022-09-19 16:00:00,25.94502855705798
2022-09-19 17:00:00,25.46296041726528
2022-09-19 18:00:00,24.123024404765
2022-09-19 19:00:00,22.954753765997975
2022-09-19 20:00:00,21.997594041849467
2022-09-19 21:00:00,20.98555641751116
2022-09-19 22:00:00,20.63438447198385
2022-09-19 23:00:00,20.4728412360534
2022-09-20 00:00:00,19.91561944480898
2022-09-20 01:00:00,19.41734784584005
2022-09-20 02:00:00,18.59102224886103
2022-09-20 03:00:00,18.26950856818307
2022-09-20 04:00:00,18.06435395652945
2022-09-20 05:00:00,17.229479012930575
2022-09-20 06:00:00,17.016608221624686
2022-09-20 07:00:00,16.913213486658446
2022-09-20 08:00:00,18.335217638951438
2022-09-20 09:00:00,19.847839277656984
2022-09-20 10:00:00,21.547839277656983
2022-09-20 11:00:00,22.35638862427684
2022-09-20 12:00:00,22.506727402836564
2022-09-20 13:00:00,23.38364093097565
2022-09-20 14:00:00,22.8170366261438
2022-09-20 15:00:00,22.539289931037125
2022-09-20 16:00:00,22.911882014490185
2022-09-20 17:00:00,22.57425841738822
2022-09-20 18:00:00,21.15675496170004
2022-09-20 19:00:00,20.115214682360502
2022-09-20 20:00:00,19.445923791121476
2022-09-20 21:00:00,18.816016373671783
2022-09-20 22:00:00,17.72151368067796
2022-09-20 23:00:00,15.587962375661691
2022-09-21 00:00:00,15.550494388407856
2022-09-21 01:00:00,14.488951152477402
2022-09-21 02:00:00,13.565771137864274
2022-09-21 03:00:00,13.177746695106672
2022-09-21 04:00:00,13.113703958273472
2022-09-21 05:00:00,12.274414027236343
2022-09-21 06:00:00,12.419753803990584
2022-09-21 07:00:00,12.804321444686035
2022-09-21 08:00:00,14.94518416690611
2022-09-21 09:00:00,17.862220793049907
2022-09-21 10:00:00,19.899844390151877
2022-09-21 11:00:00,21.53157375138485
2022-09-21 12:00:00,22.831480208632637
2022-09-21 13:00:00,23.207560569804148
2022-09-21 14:00:00,23.965615528016148
2022-09-21 15:00:00,24.57150976388513
2022-09-21 16:00:00,24.238456764069543
2022-09-21 17:00:00,23.93663482028625
2022-09-21 18:00:00,21.968208571671106
2022-09-21 19:00:00,20.457315333996632
2022-09-21 20:00:00,18.4612005405779
2022-09-21 21:00:00,18.298979747527987
2022-09-21 22:00:00,16.47333170766842
2022-09-21 23:00:00,17.204134359181605
2022-09-22 00:00:00,18.084629707791365
2022-09-22 01:00:00,17.640278707852836
2022-09-22 02:00:00,17.192439430195854
2022-09-22 03:00:00,16.7779023049548
2022-09-22 04:00:00,16.577069137987216
2022-09-22 05:00:00,15.224597195947943
2022-09-22 06:00:00,14.063271636961533
2022-09-22 07:00:00,14.335863720414585
2022-09-22 08:00:00,15.667437471799438
2022-09-22 09:00:00,18.15117194552731
2022-09-22 10:00:00,20.196511722281542
2022-09-22 11:00:00,21.71012213780281
2022-09-22 12:00:00,22.777497542506328
2022-09-22 13:00:00,23.307809722404485
2022-09-22 14:00:00,23.7861404318784
2022-09-22 15:00:00,24.030647041665052
2022-09-22 16:00:00,23.424597195947943
2022-09-22 17:00:00,22.83496848635109
2022-09-22 18:00:00,21.01172640464205
2022-09-22 19:00:00,20.1861404318784
2022-09-22 20:00:00,19.551327555375437
2022-09-22 21:00:00,18.807560569804146
2022-09-22 22:00:00,17.9501831687116
2022-09-22 23:00:00,16.97608036117151
2022-09-23 00:00:00,16.07425841738822
2022-09-23 01:00:00,15.606883012684692
2022-09-23 02:00:00,15.113766025369388
2022-09-23 03:00:00,14.37108135936602
2022-09-23 04:00:00,14.0719145263336
2022-09-23 05:00:00,13.878641929170165
2022-09-23 06:00:00,13.065926747712403
2022-09-23 07:00:00,13.467593081647564
2022-09-23 08:00:00,15.892190277595512
2022-09-23 09:00:00,18.585462874758942
2022-09-23 10:00:00,21.998271598968923
2022-09-23 11:00:00,23.05200511249489
2022-09-23 12:00:00,20.440457959771607
2022-09-23 13:00:00,20.372530016357143
2022-09-23 14:00:00,19.23148020863264
2022-09-23 15:00:00,19.540956264972287
2022-09-23 16:00:00,19.08870199987706
2022-09-23 17:00:00,18.340862722220077
2022-09-23 18:00:00,17.926419139731237
2022-09-23 19:00:00,16.66484442814448
2022-09-23 20:00:00,15.41867148442266
2022-09-23 21:00:00,14.44499708140168
2022-09-23 22:00:00,14.095647079657663
2022-09-23 23:00:00,14.03916491262861
2022-09-24 00:00:00,14.876048885515209
2022-09-24 01:00:00,14.962438469993948
2022-09-24 02:00:00,14.940340774948748
2022-09-24 03:00:00,13.72289938635648
2022-09-24 04:00:00,13.338861526518013
2022-09-24 05:00:00,13.027135121875958
2022-09-24 06:00:00,11.100988776815708
2022-09-24 07:00:00,11.67290330314931
2022-09-24 08:00:00,13.706976555436906
2022-09-24 09:00:00,16.352160722343015
2022-09-24 10:00:00,18.72293086201278
2022-09-24 11:00:00,19.86743747179944
2022-09-24 12:00:00,21.53830115422142
2022-09-24 13:00:00,22.727252306698816
2022-09-24 14:00:00,23.349350001744018
2022-09-24 15:00:00,23.57833070947391
2022-09-24 16:00:00,22.86296041726528
2022-09-24 17:00:00,21.770770139669764
2022-09-24 18:00:00,20.51777625035917
2022-09-24 19:00:00,19.323826096076274
2022-09-24 20:00:00,18.702468025246443
2022-09-24 21:00:00,18.108611413715767
2022-09-24 22:00:00,16.92475280579607
2022-09-24 23:00:00,16.143517832970947
2022-09-25 00:00:00,15.995678555313964
2022-09-25 01:00:00,15.672592083453054
2022-09-25 02:00:00,15.279475096137748
2022-09-25 03:00:00,15.012777248553675
2022-09-25 04:00:00,14.382130206888618
2022-09-25 05:00:00,14.42574158261178
2022-09-25 06:00:00,14.391606263228272
2022-09-25 07:00:00,14.550494388407854
2022-09-25 08:00:00,16.102499500902745
2022-09-25 09:00:00,17.78555641751116
2022-09-25 10:00:00,18.764875903800775
2022-09-25 11:00:00,20.35715972414851
2022-09-25 12:00:00,22.645028557057984
2022-09-25 13:00:00,23.387713223061347
2022-09-25 14:00:00,23.90083316696758
2022-09-25 15:00:00,23.615214682360502
2022-09-25 16:00:00,23.16644869498373
2022-09-25 17:00:00,22.175831208571168
2022-09-25 18:00:00,20.94252905615524
2022-09-25 19:00:00,19.796418179529333
2022-09-25 20:00:00,17.76468881829635
2022-09-25 21:00:00,16.65040084565564
2022-09-25 22:00:00,16.401572791182947
2022-09-25 23:00:00,16.134041776631292
2022-09-26 00:00:00,15.531635818480764
2022-09-26 01:00:00,15.498333666064838
2022-09-26 02:00:00,15.428980707729892
2022-09-26 03:00:00,15.026574749579364
2022-09-26 04:00:00,14.805987778621198
2022-09-26 05:00:00,14.862376402898036
2022-09-26 06:00:00,14.612870791305893
2022-09-26 07:00:00,14.718025402959508
2022-09-26 08:00:00,15.5889511524774
2022-09-26 09:00:00,17.519598194142453
2022-09-26 10:00:00,20.217776250359165
2022-09-26 11:00:00,21.094689778498257
2022-09-26 12:00:00,22.860554459114745
2022-09-26 13:00:00,23.147777210561067
2022-09-26 14:00:00,24.60058401436724
2022-09-26 15:00:00,24.76545991816802
2022-09-26 16:00:00,24.58114143007291
2022-09-26 17:00:00,23.18604688912618
2022-09-26 18:00:00,21.450089625959382
2022-09-26 19:00:00,20.15947213954682
2022-09-26 20:00:00,18.904165834837904
2022-09-26 21:00:00,16.846850500841274
2022-09-26 22:00:00,16.712715181457764
2022-09-26 23:00:00,15.525648039859568
2022-09-27 00:00:00,14.786202498974312
2022-09-27 01:00:00,13.664011261176896
2022-09-27 02:00:00,13.483796540823782
2022-09-27 03:00:00,13.144506609786657
2022-09-27 04:00:00,12.415370292208635
2022-09-27 05:00:00,12.010371290403146
2022-09-27 06:00:00,11.927563526395073
2022-09-27 07:00:00,12.078891081770507
2022-09-27 08:00:00,14.19061748641256
2022-09-27 09:00:00,17.743517832970948
2022-09-27 10:00:00,19.7031455823659
2022-09-27 11:00:00,21.13212629009579
2022-09-27 12:00:00,23.559814834899377
2022-09-27 13:00:00,24.5861404318784
2022-09-27 14:00:00,25.457712262859445
2022-09-27 15:00:00,26.190368333812224
2022-09-27 16:00:00,25.76453320844822
2022-09-27 17:00:00,24.74832974927201
2022-09-27 18:00:00,23.314038820040366
2022-09-27 19:00:00,21.42774277831384
2022-09-27 20:00:00,19.35092279292697
2022-09-27 21:00:00,17.916109916424006
2022-09-27 22:00:00,16.756910571548165
2022-09-27 23:00:00,17.12367048622815
2022-09-28 00:00:00,15.651973636838589
2022-09-28 01:00:00,15.163365179713743
2022-09-28 02:00:00,14.740340774948749
2022-09-28 03:00:00,15.002655110750872
2022-09-28 04:00:00,14.68379654082378
2022-09-28 05:00:00,14.160865678811
2022-09-28 06:00:00,14.007809722404488
2022-09-28 07:00:00,13.964198346681329
2022-09-28 08:00:00,15.72126452807762
2022-09-28 09:00:00,17.880985820224787
2022-09-28 10:00:00,20.016203459176214
2022-09-28 11:00:00,20.35107840277509
2022-09-28 12:00:00,21.65357790367784
2022-09-28 13:00:00,23.574935974507675
2022-09-28 14:00:00,24.81688101629567
2022-09-28 15:00:00,26.21678747354345
2022-09-28 16:00:00,25.930647041665058
2022-09-28 17:00:00,24.627096696850693
2022-09-28 18:00:00,22.21586076382366
2022-09-28 19:00:00,20.93555250071833
2022-09-28 20:00:00,19.794689778498253
2022-09-28 21:00:00,18.43049143181693
2022-09-28 22:00:00,17.567126252103183
2022-09-28 23:00:00,16.956139471676497
2022-09-29 00:00:00,15.874998041603586
2022-09-29 01:00:00,15.384380555191022
2022-09-29 02:00:00,14.75706618139629
2022-09-29 03:00:00,15.13737444450162
2022-09-29 04:00:00,15.291201500779804
2022-09-29 05:00:00,15.581974597040492
2022-09-29 06:00:00,15.53413531938351
2022-09-29 07:00:00,15.62475280579607
2022-09-29 08:00:00,15.976913528139091
2022-09-29 09:00:00,16.445277709658324
2022-09-29 10:00:00,18.248859530128996
2022-09-29 11:00:00,19.54021664075692
2022-09-29 12:00:00,20.92725230669882
2022-09-29 13:00:00,22.48456764069545
2022-09-29 14:00:00,24.085984822030277
2022-09-29 15:00:00,24.51762064051104
2022-09-29 16:00:00,24.52367048622815
2022-09-29 17:00:00,23.56894819588648
2022-09-29 18:00:00,21.389379556996516
2022-09-29 19:00:00,19.91163286188984
2022-09-29 20:00:00,19.074009264787875
2022-09-29 21:00:00,17.23490641925518
2022-09-29 22:00:00,16.318765027174873
2022-09-29 23:00:00,15.558888125179582
2022-09-30 00:00:00,15.232468985448346
2022-09-30 01:00:00,14.019660261238368
2022-09-30 02:00:00,13.70422790193382
2022-09-30 03:00:00,13.490617486412562
2022-09-30 04:00:00,13.122253304893327
2022-09-30 05:00:00,12.592439430195853
2022-09-30 06:00:00,12.85324304191094
2022-09-30 07:00:00,13.342038584540212
2022-09-30 08:00:00,13.498489275912965
2022-09-30 09:00:00,14.324752805796072
2022-09-30 10:00:00,16.9252747530674
2022-09-30 11:00:00,19.598512917983605
2022-09-30 12:00:00,22.61055054232192
2022-09-30 13:00:00,24.71570515397553
2022-09-30 14:00:00,26.11070615217005
2022-09-30 15:00:00,26.91345480567313
2022-09-30 16:00:00,26.54086272222008
2022-09-30 17:00:00,25.344039780242277
2022-09-30 18:00:00,22.34817413942388
2022-09-30 19:00:00,20.98496456955826
2022-09-30 20:00:00,18.879997043409077
2022-09-30 21:00:00,17.9833297112794
2022-09-30 22:00:00,17.037374444501623
2022-09-30 23:00:00,16.884629707791362
2022-10-01 00:00:00,15.575831208571168
2022-10-01 01:00:00,15.61966026123837
2022-10-01 02:00:00,14.80058401436724
2022-10-01 03:00:00,16.164937970896695
2022-10-01 04:00:00,15.427376440890644
2022-10-01 05:00:00,14.487930900005388
2022-10-01 06:00:00,14.845246234002024
2022-10-01 07:00:00,14.99234588744364
2022-10-01 08:00:00,15.458210568060128
2022-10-01 09:00:00,15.741945041787998
2022-10-01 10:00:00,16.753733513525965
2022-10-01 11:00:00,19.719193431693988
2022-10-01 12:00:00,22.476415222938407
2022-10-01 13:00:00,24.299501694799314
2022-10-01 14:00:00,25.50740495995602
2022-10-01 15:00:00,26.31870296007896
2022-10-01 16:00:00,25.451078402775096
2022-10-01 17:00:00,25.51512113960829
2022-10-01 18:00:00,23.451849502646763
2022-10-01 19:00:00,21.246663415336844
2022-10-01 20:00:00,20.703332667870328
2022-10-01 21:00:00,19.032468985448347
2022-10-01 22:00:00,18.033302152415928
2022-10-01 23:00:00,17.82469073870016
2022-10-02 00:00:00,17.25398266612631
2022-10-02 01:00:00,17.11645261177656
2022-10-02 02:00:00,17.505310221501745
2022-10-02 03:00:00,17.60123792941605
2022-10-02 04:00:00,17.245433319506454
2022-10-02 05:00:00,17.694845388346383
2022-10-02 06:00:00,18.269197348486816
2022-10-02 07:00:00,18.31311994390623
2022-10-02 08:00:00,18.7668534574322
2022-10-02 09:00:00,19.51370395827347
2022-10-02 10:00:00,21.80682094558878
2022-10-02 11:00:00,23.97262355910935
2022-10-02 12:00:00,24.840956264972288
2022-10-02 13:00:00,24.92052490386225
2022-10-02 14:00:00,24.25142109812765
2022-10-02 15:00:00,23.63855030682176
2022-10-02 16:00:00,23.32318001461312
2022-10-02 17:00:00,22.316881016295667
2022-10-02 18:00:00,20.6977811273539
2022-10-02 19:00:00,21.012995809714404
2022-10-02 20:00:00,19.873767945773192
2022-10-02 21:00:00,20.24302736135592
2022-10-02 22:00:00,20.7949389310986
2022-10-02 23:00:00,20.17175891648548
2022-10-03 00:00:00,19.282223749640835
2022-10-03 01:00:00,19.112964334058105
2022-10-03 02:00:00,19.578829014674596
2022-10-03 03:00:00,20.07966218164217
2022-10-03 04:00:00,20.664291889433542
2022-10-03 05:00:00,20.883890083576
2022-10-03 06:00:00,20.984723250543578
2022-10-03 07:00:00,21.17018612530252
2022-10-03 08:00:00,21.51802540295951
2022-10-03 09:00:00,22.05481583309389
2022-10-03 10:00:00,22.75747094384476
2022-10-03 11:00:00,23.462625555498377
2022-10-03 12:00:00,23.748921597224907
2022-10-03 13:00:00,23.936050805919017
2022-10-03 14:00:00,24.729907417449688
2022-10-03 15:00:00,24.62308647186091
2022-10-03 16:00:00,24.190523943660345
2022-10-03 17:00:00,24.177653152354456
2022-10-03 18:00:00,23.955555457309256
2022-10-03 19:00:00,24.15305595640651
2022-10-03 20:00:00,23.702655110750868
2022-10-03 21:00:00,22.974414027236342
2022-10-03 22:00:00,22.784629707791364
2022-10-03 23:00:00,22.958210568060125
2022-10-04 00:00:00,22.958210568060125
2022-10-04 01:00:00,22.874414027236348
2022-10-04 02:00:00,22.73679043013438
2022-10-04 03:00:00,22.06753101455165
2022-10-04 04:00:00,21.04601733387369
2022-10-04 05:00:00,20.140029555252493
2022-10-04 06:00:00,19.43836322131733
2022-10-04 07:00:00,18.63919638828491
2022-10-04 08:00:00,17.85722179124442
2022-10-04 09:00:00,18.108549346619853
2022-10-04 10:00:00,18.675247194203926
2022-10-04 11:00:00,19.524752805796076
2022-10-04 12:00:00,20.18629604172653
2022-10-04 13:00:00,19.93074058441727
2022-10-04 14:00:00,19.91114239027481
2022-10-04 15:00:00,19.601666333935164
2022-10-04 16:00:00,18.733302152415927
2022-10-04 17:00:00,18.02126452807762
2022-10-04 18:00:00,17.37848631932204
2022-10-04 19:00:00,16.57166537373326
2022-10-04 20:00:00,16.20928897083522
2022-10-04 21:00:00,15.685369332006731
2022-10-04 22:00:00,15.094751845594168
2022-10-04 23:00:00,14.221326595173531
2022-10-05 00:00:00,14.050400845655638
2022-10-05 01:00:00,13.28536933200673
2022-10-05 02:00:00,13.132468985448348
2022-10-05 03:00:00,12.907716179652272
2022-10-05 04:00:00,12.731635818480765
2022-10-05 05:00:00,12.481141430072912
2022-10-05 06:00:00,12.294012221378802
2022-10-05 07:00:00,12.199906457247785
2022-10-05 08:00:00,13.327314373794731
2022-10-05 09:00:00,14.672592083453054
2022-10-05 10:00:00,16.232468985448346
2022-10-05 11:00:00,17.576913528139087
2022-10-05 12:00:00,18.37490449885137
2022-10-05 13:00:00,19.378392776569825
2022-10-05 14:00:00,19.93320860966372
2022-10-05 15:00:00,20.77774669510667
2022-10-05 16:00:00,19.4912015007798
2022-10-05 17:00:00,18.58771322306135
2022-10-05 18:00:00,16.69891768043208
2022-10-05 19:00:00,15.62972033194526
2022-10-05 20:00:00,15.404134359181604
2022-10-05 21:00:00,14.433208609663714
2022-10-05 22:00:00,14.339196388284911
2022-10-05 23:00:00,14.278641929170169
2022-10-06 00:00:00,14.264937970896696
2022-10-06 01:00:00,14.242684666003363
2022-10-06 02:00:00,14.19135711062793
2022-10-06 03:00:00,13.87249854070084
2022-10-06 04:00:00,14.077653152354458
2022-10-06 05:00:00,14.265771137864276
2022-10-06 06:00:00,14.219598194142456
2022-10-06 07:00:00,13.755555457309256
2022-10-06 08:00:00,14.809382513587437
2022-10-06 09:00:00,16.214537125241055
2022-10-06 10:00:00,16.940862722220075
2022-10-06 11:00:00,18.01870296007896
2022-10-06 12:00:00,19.152744736710257
2022-10-06 13:00:00,19.915954306575877
2022-10-06 14:00:00,20.038207611469204
2022-10-06 15:00:00,19.31944258429433
2022-10-06 16:00:00,18.604072292085693
2022-10-06 17:00:00,17.722004152292985
2022-10-06 18:00:00,16.959627749394947
2022-10-06 19:00:00,16.534041776631298
2022-10-06 20:00:00,16.03055349891284
2022-10-06 21:00:00,15.533208609663712
2022-10-06 22:00:00,15.45040084565564
2022-10-06 23:00:00,15.364937970896694
2022-10-07 00:00:00,15.213610415521256
2022-10-07 01:00:00,15.215432359304549
2022-10-07 02:00:00,15.361543235930457
2022-10-07 03:00:00,15.077653152354458
2022-10-07 04:00:00,15.058888125179582
2022-10-07 05:00:00,14.602499500902743
2022-10-07 06:00:00,13.741789431939871
2022-10-07 07:00:00,13.258981667931796
2022-10-07 08:00:00,13.623180014613125
2022-10-07 09:00:00,14.68555641751116
2022-10-07 10:00:00,15.358148500964216
2022-10-07 11:00:00,16.07425841738822
2022-10-07 12:00:00,17.09219027759551
2022-10-07 13:00:00,16.941851499035785
2022-10-07 14:00:00,17.97333170766842
2022-10-07 15:00:00,18.006727402836564
2022-10-07 16:00:00,18.16305396001749
2022-10-07 17:00:00,17.514287972640712
2022-10-07 18:00:00,16.10564508326864
2022-10-07 19:00:00,15.174904498851369
2022-10-07 20:00:00,14.610861762018173
2022-10-07 21:00:00,14.067405996143137
2022-10-07 22:00:00,13.951911569742675
2022-10-07 23:00:00,11.375893275667078
2022-10-08 00:00:00,10.830553498912842
2022-10-08 01:00:00,10.503239125118112
2022-10-08 02:00:00,10.368916720230173
2022-10-08 03:00:00,9.909101885330797
2022-10-08 04:00:00,9.173393774764335
2022-10-08 05:00:00,9.238176135812903
2022-10-08 06:00:00,9.865521985263934
2022-10-08 07:00:00,11.235341773143258
2022-10-08 08:00:00,13.067531014551651
2022-10-08 09:00:00,14.5940122213788
2022-10-08 10:00:00,16.559043735027707
2022-10-08 11:00:00,18.19475184559417
2022-10-08 12:00:00,19.54857890187235
2022-10-08 13:00:00,20.09750049909725
2022-10-08 14:00:00,20.95024523580751
2022-10-08 15:00:00,20.78638958447874
2022-10-08 16:00:00,20.86144969317824
2022-10-08 17:00:00,19.81793186020729
2022-10-08 18:00:00,18.57009258255031
2022-10-08 19:00:00,16.95987690199529
2022-10-08 20:00:00,16.047839277656983
2022-10-08 21:00:00,16.248516834776435
2022-10-08 22:00:00,16.533551305016267
2022-10-08 23:00:00,16.07706913798722
2022-10-09 00:00:00,15.68811798550982
2022-10-09 01:00:00,15.27274769330118
2022-10-09 02:00:00,15.124075248676618
2022-10-09 03:00:00,14.9249084156442
2022-10-09 04:00:00,14.707716179652271
2022-10-09 05:00:00,15.024908415644198
2022-10-09 06:00:00,15.05398266612631
2022-10-09 07:00:00,14.86768662439978
2022-10-09 08:00:00,13.409288970835224
2022-10-09 09:00:00,13.349567678688055
2022-10-09 10:00:00,13.106049845717113
2022-10-09 11:00:00,13.18030826310533
2022-10-09 12:00:00,13.336790430134382
2022-10-09 13:00:00,13.218765027174872
2022-10-09 14:00:00,13.170925749517892
2022-10-09 15:00:00,13.260710068962872
2022-10-09 16:00:00,13.412870791305892
2022-10-09 17:00:00,13.34882805447269
2022-10-09 18:00:00,13.259876901995291
2022-10-09 19:00:00,13.1470061106894
2022-10-09 20:00:00,12.008549346619857
2022-10-09 21:00:00,11.521420137925746
2022-10-09 22:00:00,11.25904373502771
2022-10-09 23:00:00,11.450494388407854
2022-10-10 00:00:00,11.055555457309255
2022-10-10 01:00:00,10.875247194203927
2022-10-10 02:00:00,10.625648039859566
2022-10-10 03:00:00,11.15555545730926
2022-10-10 04:00:00,10.97348731751655
2022-10-10 05:00:00,11.126481206827147
2022-10-10 06:00:00,10.864104803929113
2022-10-10 07:00:00,10.388857609725184
2022-10-10 08:00:00,11.057377401092548
2022-10-10 09:00:00,11.399509528384977
2022-10-10 10:00:00,9.930218637145945
2022-10-10 11:00:00,11.5470061106894
2022-10-10 12:00:00,10.310620443003486
2022-10-10 13:00:00,10.676080361171508
2022-10-10 14:00:00,10.553087432062812
2022-10-10 15:00:00,10.736050805919014
2022-10-10 16:00:00,10.413797501025687
2022-10-10 17:00:00,9.9249084156442
2022-10-10 18:00:00,9.887191275790022
2022-10-10 19:00:00,9.660865678811
2022-10-10 20:00:00,9.149661221440272
2022-10-10 21:00:00,9.269259415582727
2022-10-10 22:00:00,9.313610415521255
2022-10-10 23:00:00,9.47009258255031
2022-10-11 00:00:00,10.034290929231636
2022-10-11 01:00:00,10.1668534574322
2022-10-11 02:00:00,9.879568638889962
2022-10-11 03:00:00,9.830896194265398
2022-10-11 04:00:00,10.074663179836689
2022-10-11 05:00:00,10.263552265218175
2022-10-11 06:00:00,9.90623693122154
2022-10-11 07:00:00,9.460959221563217
2022-10-11 08:00:00,9.746422096322162
2022-10-11 09:00:00,10.659970444747508
2022-10-11 10:00:00,12.125835125363997
2022-10-11 11:00:00,13.566791390336284
2022-10-11 12:00:00,14.46487590380078
2022-10-11 13:00:00,15.297344889249128
2022-10-11 14:00:00,15.116109916424
2022-10-11 15:00:00,15.316943083391584
2022-10-11 16:00:00,15.331480208632636
2022-10-11 17:00:00,15.029813874697474
2022-10-11 18:00:00,12.942529056155236
2022-10-11 19:00:00,11.884629707791364
2022-10-11 20:00:00,10.978641929170166
2022-10-11 21:00:00,10.108455803867642
2022-10-11 22:00:00,9.282652154159946
2022-10-11 23:00:00,9.176913528139089
2022-10-12 00:00:00,8.294845388346383
2022-10-12 01:00:00,7.33777920695009
2022-10-12 02:00:00,6.753211566254639
2022-10-12 03:00:00,6.623981705924404
2022-10-12 04:00:00,6.38395215067191
2022-10-12 05:00:00,5.965031513648908
2022-10-12 06:00:00,5.260710068962874
2022-10-12 07:00:00,5.360710068962874
2022-10-12 08:00:00,7.075340736956141
2022-10-12 09:00:00,10.106236931221538
2022-10-12 10:00:00,12.1640427368332
2022-10-12 11:00:00,14.727991930914182
2022-10-12 12:00:00,15.975831208571169
2022-10-12 13:00:00,17.563793584232858
2022-10-12 14:00:00,18.60746702705193
2022-10-12 15:00:00,19.483640930975653
2022-10-12 16:00:00,19.64518416690611
2022-10-12 17:00:00,19.368270638767022
2022-10-12 18:00:00,16.828980707729894
2022-10-12 19:00:00,15.4441953900904
2022-10-12 20:00:00,13.490741620604387
2022-10-12 21:00:00,11.949318526087715
2022-10-12 22:00:00,11.692991968906792
2022-10-12 23:00:00,11.212777248553678
2022-10-13 00:00:00,11.036696887382169
2022-10-13 01:00:00,10.43935199813304
2022-10-13 02:00:00,10.529042774825808
2022-10-13 03:00:00,10.570738664013463
2022-10-13 04:00:00,10.22728289813843
2022-10-13 05:00:00,9.918577941670446
2022-10-13 06:00:00,9.722066219388898
2022-10-13 07:00:00,9.903923631606537
2022-10-13 08:00:00,11.24576818127335
2022-10-13 09:00:00,14.246850500841273
2022-10-13 10:00:00,16.402156805550188
2022-10-13 11:00:00,18.438052001621077
2022-10-13 12:00:00,19.951911569742677
2022-10-13 13:00:00,21.294689778498256
2022-10-13 14:00:00,21.632219832848005
2022-10-13 15:00:00,21.70407229208569
2022-10-13 16:00:00,21.47931948628962
2022-10-13 17:00:00,20.77774669510667
2022-10-13 18:00:00,18.574935974507675
2022-10-13 19:00:00,17.330491431816927
2022-10-13 20:00:00,15.815308225112725
2022-10-13 21:00:00,14.189106762325526
2022-10-13 22:00:00,13.6779023049548
2022-10-13 23:00:00,12.270248192398435
2022-10-14 00:00:00,11.295834165162091
2022-10-14 01:00:00,11.264353956529456
2022-10-14 02:00:00,11.325835125363994
2022-10-14 03:00:00,10.653149499158726
2022-10-14 04:00:00,11.122346847645542
2022-10-14 05:00:00,10.892439430195854
2022-10-14 06:00:00,11.012037624338308
2022-10-14 07:00:00,10.62574158261178
2022-10-14 08:00:00,12.027407916546943
2022-10-14 09:00:00,13.816359069024344
2022-10-14 10:00:00,15.722004152292984
2022-10-14 11:00:00,17.454504613397635
2022-10-14 12:00:00,18.663949194080985
2022-10-14 13:00:00,19.490274791060006
2022-10-14 14:00:00,21.036447734781824
2022-10-14 15:00:00,21.772342930852712
2022-10-14 16:00:00,21.162960417265275
2022-10-14 17:00:00,19.97067659691755
2022-10-14 18:00:00,18.420182208509694
2022-10-14 19:00:00,16.67749754250633
2022-10-14 20:00:00,15.87848631932204
2022-10-14 21:00:00,15.79922890012833
2022-10-14 22:00:00,15.646079400969604
2022-10-14 23:00:00,14.912777248553676
2022-10-15 00:00:00,15.14117394191633
2022-10-15 01:00:00,14.143517832970948
2022-10-15 02:00:00,14.120431361110036
2022-10-15 03:00:00,13.590523943660347
2022-10-15 04:00:00,12.783702998071568
2022-10-15 05:00:00,12.24617294372182
2022-10-15 06:00:00,11.881234972825125
2022-10-15 07:00:00,11.679413029041836
2022-10-15 08:00:00,12.459721292147163
2022-10-15 09:00:00,15.061294083330113
2022-10-15 10:00:00,17.466355152231515
2022-10-15 11:00:00,19.864533208448226
2022-10-15 12:00:00,21.782558611407733
2022-10-15 13:00:00,22.421015375477275
2022-10-15 14:00:00,23.24999608320717
2022-10-15 15:00:00,23.131386665880427
2022-10-15 16:00:00,21.806540317332136
2022-10-15 17:00:00,20.186786513341552
2022-10-15 18:00:00,18.958545429827023
2022-10-15 19:00:00,18.28512017940639
2022-10-15 20:00:00,17.6691038057346
2022-10-15 21:00:00,16.745090624153896
2022-10-15 22:00:00,16.52972033194526
2022-10-15 23:00:00,16.263116027113405
2022-10-16 00:00:00,16.081974597040492
2022-10-16 01:00:00,15.800739624215367
2022-10-16 02:00:00,15.640029555252491
2022-10-16 03:00:00,15.388857609725186
2022-10-16 04:00:00,15.241018332068204
2022-10-16 05:00:00,15.051234012623222
2022-10-16 06:00:00,14.921264528077618
2022-10-16 07:00:00,14.841018332068202
2022-10-16 08:00:00,15.53836322131733
2022-10-16 09:00:00,16.39292990181088
2022-10-16 10:00:00,17.566604304831856
2022-10-16 11:00:00,18.88447409794324
2022-10-16 12:00:00,19.563209569865617
2022-10-16 13:00:00,20.08555641751116
2022-10-16 14:00:00,20.226419139731235
2022-10-16 15:00:00,19.306727402836565
2022-10-16 16:00:00,19.37175891648548
2022-10-16 17:00:00,18.7220976950452
2022-10-16 18:00:00,17.33919638828491
2022-10-16 19:00:00,17.142684666003365
2022-10-16 20:00:00,16.816109916424
2022-10-16 21:00:00,16.31527674945642
2022-10-16 22:00:00,15.410955304770386
2022-10-16 23:00:00,14.850245235807511
2022-10-17 00:00:00,15.267593081647563
2022-10-17 01:00:00,15.761543235930452
2022-10-17 02:00:00,15.761543235930452
2022-10-17 03:00:00,15.081974597040492
2022-10-17 04:00:00,14.481974597040493
2022-10-17 05:00:00,13.473425250420636
2022-10-17 06:00:00,12.38796237566169
2022-10-17 07:00:00,11.756326557180929
2022-10-17 08:00:00,11.924013181580705
2022-10-17 09:00:00,12.18472325054358
2022-10-17 10:00:00,12.582068139792709
2022-10-17 11:00:00,13.50083316696758
2022-10-17 12:00:00,13.936634820286256
2022-10-17 13:00:00,13.978486319322036
2022-10-17 14:00:00,14.016109916424002
2022-10-17 15:00:00,14.098178056216708
2022-10-17 16:00:00,13.974258417388215
2022-10-17 17:00:00,13.237467987253837
2022-10-17 18:00:00,11.897344889249128
2022-10-17 19:00:00,11.576913528139093
2022-10-17 20:00:00,11.12052490386225
2022-10-17 21:00:00,10.5059877786212
2022-10-17 22:00:00,10.205154611653615
2022-10-17 23:00:00,9.82833462626674
2022-10-18 00:00:00,9.284910336048007
2022-10-18 01:00:00,8.688243003918334
2022-10-18 02:00:00,7.527968288843541
2022-10-18 03:00:00,8.655345613950875
2022-10-18 04:00:00,5.325001958396415
2022-10-18 05:00:00,4.372841236053397
2022-10-18 06:00:00,3.8608036117150872
2022-10-18 07:00:00,5.207443384981289
2022-10-18 08:00:00,8.412567405195293
2022-10-18 09:00:00,9.982317292393049
2022-10-18 10:00:00,11.26512505640112
2022-10-18 11:00:00,11.971019292270109
2022-10-18 12:00:00,12.5750915843558
2022-10-18 13:00:00,13.102499500902743
2022-10-18 14:00:00,13.040862722220076
2022-10-18 15:00:00,13.041695889187658
2022-10-18 16:00:00,12.687035665941892
2022-10-18 17:00:00,12.277653152354455
2022-10-18 18:00:00,10.819598194142456
2022-10-18 19:00:00,9.223826096076277
2022-10-18 20:00:00,8.510861762018171
2022-10-18 21:00:00,7.394845388346384
2022-10-18 22:00:00,6.277808762202585
2022-10-18 23:00:00,5.310277747650932
2022-10-19 00:00:00,4.930802651513184
2022-10-19 01:00:00,4.165031513648908
2022-10-19 02:00:00,3.997656108945383
2022-10-19 03:00:00,3.323242081709037
2022-10-19 04:00:00,3.2036438875665807
2022-10-19 05:00:00,5.921433435145773
2022-10-19 09:00:00,7.850338778559728
2022-10-19 10:00:00,10.96487590380078
2022-10-19 11:00:00,13.063053960017491
2022-10-19 12:00:00,14.286140431878398
2022-10-19 13:00:00,15.111882014490185
2022-10-19 14:00:00,15.916109916424004
2022-10-19 15:00:00,16.122097695045202
2022-10-19 16:00:00,15.674998041603583
2022-10-19 17:00:00,14.817776250359165
2022-10-19 18:00:00,12.621326595173532
2022-10-19 19:00:00,11.72571010695548
2022-10-19 20:00:00,9.551078402775094
2022-10-19 21:00:00,8.03070910876097
2022-10-19 22:00:00,7.647006110689401
2022-10-19 23:00:00,6.285431399102645
2022-10-20 00:00:00,6.264198346681327
2022-10-20 01:00:00,5.450649998255981
2022-10-20 02:00:00,4.951389622471348
2022-10-20 03:00:00,4.913026401154018
2022-10-20 04:00:00,4.518181012807634
2022-10-20 05:00:00,4.168581858463274
2022-10-20 06:00:00,4.0573774010925465
2022-10-20 07:00:00,4.17450756998856
2022-10-20 08:00:00,5.901821943783291
2022-10-20 09:00:00,9.31287079130589
2022-10-20 10:00:00,12.482652154159949
2022-10-20 11:00:00,13.942435513403025
2022-10-20 12:00:00,16.144195390090402
2022-10-20 13:00:00,16.687035665941895
2022-10-20 14:00:00,17.829564722097132
2022-10-20 15:00:00,17.913299195825005
2022-10-20 16:00:00,17.897251346496915
2022-10-20 17:00:00,16.717776250359165
2022-10-20 18:00:00,14.457899348363872
2022-10-20 19:00:00,13.450338778559724
2022-10-20 20:00:00,12.362189317393607
2022-10-20 21:00:00,10.396418179529332
2022-10-20 22:00:00,10.11867148442266
2022-10-20 23:00:00,9.912932858401804
2022-10-21 00:00:00,9.652067179590802
2022-10-21 01:00:00,9.01626552627213
2022-10-21 02:00:00,8.631635818480767
2022-10-21 03:00:00,8.35040084565564
2022-10-21 04:00:00,7.72830315061044
2022-10-21 05:00:00,7.235863720414586
2022-10-21 06:00:00,6.896667332129674
2022-10-21 07:00:00,6.3359572631668
2022-10-21 08:00:00,7.892439430195854
2022-10-21 09:00:00,10.772592083453056
2022-10-21 10:00:00,12.925398887259224
2022-10-21 11:00:00,14.555244237613
2022-10-21 12:00:00,17.26462675120044
2022-10-21 13:00:00,18.33731237740571
2022-10-21 14:00:00,19.47774669510667
2022-10-21 15:00:00,19.54777721056107
2022-10-21 16:00:00,18.460398849266618
2022-10-21 17:00:00,16.827991930914184
2022-10-21 18:00:00,15.794689778498256
2022-10-21 19:00:00,14.941695889187656
2022-10-21 20:00:00,13.792345887443638
2022-10-21 21:00:00,13.017776250359166
2022-10-21 22:00:00,12.745923791121475
2022-10-21 23:00:00,11.89234588744364
2022-10-22 00:00:00,10.35222278943893
2022-10-22 01:00:00,10.424814872891986
2022-10-22 02:00:00,9.280463872953456
2022-10-22 03:00:00,9.544506609786657
2022-10-22 04:00:00,8.584785317639492
2022-10-22 05:00:00,8.543766985571288
2022-10-22 06:00:00,9.0779023049548
2022-10-22 07:00:00,9.136790430134385
2022-10-22 08:00:00,10.199906457247785
2022-10-22 09:00:00,12.246819790895415
2022-10-22 14:00:00,19.58030826310533
2022-10-22 15:00:00,19.55539984746113
2022-10-22 16:00:00,18.677653152354456
2022-10-22 17:00:00,17.916109916424006
2022-10-22 18:00:00,16.53148020863264
2022-10-22 19:00:00,15.35623301442871
2022-10-22 20:00:00,14.823826096076278
2022-10-22 21:00:00,13.631386665880424
2022-10-22 22:00:00,12.897344889249126
2022-10-22 23:00:00,12.576975595235004
2022-10-23 00:00:00,12.651327555375437
2022-10-23 01:00:00,12.638456764069543
2022-10-23 02:00:00,12.22549243001144
2022-10-23 03:00:00,12.208300194019516
2022-10-23 04:00:00,12.797562566193168
2022-10-23 05:00:00,12.479537163233662
2022-10-23 06:00:00,11.989846386540894
2022-10-23 07:00:00,11.257439468188458
2022-10-23 08:00:00,11.761760912874497
2022-10-23 09:00:00,13.652316332191145
2022-10-23 10:00:00,15.037717139854175
2022-10-23 11:00:00,15.894938931098595
2022-10-23 12:00:00,16.469197348486816
2022-10-23 13:00:00,17.24336222312282
2022-10-23 14:00:00,17.28354738822344
2022-10-23 15:00:00,17.166355152231514
2022-10-23 16:00:00,16.774164874636007
2022-10-23 17:00:00,16.708393736771725
2022-10-23 18:00:00,15.56561552801615
2022-10-23 19:00:00,14.948672444624563
2022-10-23 20:00:00,14.412715181457765
2022-10-23 21:00:00,13.992283820347726
2022-10-23 22:00:00,13.36064800186696
2022-10-23 23:00:00,12.533240085320012
2022-10-24 04:00:00,8.53271813804869
2022-10-24 05:00:00,8.073028321557826
2022-10-24 06:00:00,6.907163640941336
2022-10-24 07:00:00,7.802320248983973
2022-10-24 08:00:00,9.601362947824564
2022-10-24 09:00:00,10.993366139915649
2022-10-24 10:00:00,12.118025402959509
2022-10-24 11:00:00,12.770925749517891
2022-10-24 12:00:00,13.358888125179584
2022-10-24 13:00:00,13.916109916424002
2022-10-24 14:00:00,13.88354738822344
2022-10-24 15:00:00,13.632219832848005
2022-10-24 16:00:00,13.397251346496914
2022-10-24 17:00:00,12.88870199987706
2022-10-24 18:00:00,11.70323912511811
2022-10-24 19:00:00,10.324659263043856
2022-10-24 20:00:00,10.14614146806552
2022-10-24 21:00:00,10.584474097943238
2022-10-24 22:00:00,9.886483127230957
2022-10-24 23:00:00,8.33614434867123
2022-10-25 00:00:00,6.977224747835344
2022-10-25 01:00:00,6.356388624276839
2022-10-25 02:00:00,6.331145346865739
2022-10-25 03:00:00,5.96830906379229
2022-10-25 04:00:00,4.736946039982509
2022-10-25 05:00:00,4.595585012561751
2022-10-25 06:00:00,3.942653190347064
2022-10-25 07:00:00,2.910122137802804
2022-10-25 08:00:00,4.762282860145822
2022-10-25 09:00:00,8.349661221440272
2022-10-25 10:00:00,11.280892277472567
2022-10-25 11:00:00,13.003978749333475
2022-10-25 12:00:00,14.422004152292985
2022-10-25 13:00:00,15.416849540639369
2022-10-25 14:00:00,16.26561552801615
2022-10-25 15:00:00,16.756139471676494
2022-10-25 16:00:00,16.569936972702184
2022-10-25 17:00:00,15.67774669510667
2022-10-25 18:00:00,14.279568638889964
2022-10-25 19:00:00,13.5779023049548
2022-10-25 20:00:00,10.652962413654295
2022-10-25 21:00:00,10.454784357437587
2022-10-25 22:00:00,9.178392776569824
2022-10-25 23:00:00,8.351389622471348
2022-10-26 00:00:00,8.662314335802122
2022-10-26 01:00:00,8.994167831226928
2022-10-26 02:00:00,8.857595078036587
2022-10-26 03:00:00,7.99099077320473
2022-10-26 04:00:00,6.748640968968262
2022-10-26 05:00:00,5.908611413715769
2022-10-26 06:00:00,5.4221597621411135
2022-10-26 07:00:00,5.304383511781948
2022-10-26 08:00:00,6.82571010695548
2022-10-26 09:00:00,9.892096734843296
2022-10-26 10:00:00,12.955244237613002
2022-10-26 11:00:00,15.02950265500122
2022-10-26 12:00:00,16.610060070706893
2022-10-26 13:00:00,17.616943083391583
2022-10-26 14:00:00,17.33231337560022
2022-10-26 15:00:00,17.540029555252495
2022-10-26 16:00:00,17.629813874697476
2022-10-26 17:00:00,16.271603306637346
2022-10-26 18:00:00,14.6501831687116
2022-10-26 19:00:00,14.509226903739313
2022-10-26 20:00:00,13.822775252164655
2022-10-26 21:00:00,13.293366139915648
2022-10-26 22:00:00,11.021420137925748
2022-10-26 23:00:00,10.821420137925749
2022-10-27 00:00:00,9.659876901995291
2022-10-27 01:00:00,9.12913631757802
2022-10-27 02:00:00,8.570092582550311
2022-10-27 03:00:00,8.124752805796073
2022-10-27 04:00:00,7.369415025430856
2022-10-27 05:00:00,6.711204457370728
2022-10-27 06:00:00,6.206049845717111
2022-10-27 07:00:00,8.810170733262677
2022-10-27 08:00:00,6.798333666064837
2022-10-27 09:00:00,9.797344889249128
2022-10-27 10:00:00,12.757315333996637
2022-10-27 11:00:00,14.949505611592144
2022-10-27 12:00:00,16.51786979311138
2022-10-27 13:00:00,17.630647041665057
2022-10-27 14:00:00,18.127991930914185
2022-10-27 15:00:00,18.13496848635109
2022-10-27 16:00:00,17.301666333935163
2022-10-27 17:00:00,16.073425250420637
2022-10-27 18:00:00,14.443517832970947
2022-10-27 19:00:00,13.387035665941896
2022-10-27 20:00:00,12.029658264849347
2022-10-27 21:00:00,11.057961415459786
2022-10-27 22:00:00,11.19135711062793
2022-10-27 23:00:00,10.716943083391584
2022-10-28 00:00:00,9.542746733099278
2022-10-28 01:00:00,9.3110173718663
2022-10-28 02:00:00,9.202218872646103
2022-10-28 03:00:00,9.775737665818951
2022-10-28 04:00:00,9.252713261053955
2022-10-28 05:00:00,8.704873983396974
2022-10-28 06:00:00,8.638176135812902
2022-10-28 07:00:00,8.462095774641393
2022-10-28 08:00:00,9.151818026990462
2022-10-28 09:00:00,10.21527674945642
2022-10-28 10:00:00,11.4470061106894
2022-10-28 11:00:00,12.416943083391583
2022-10-28 12:00:00,13.346756958089058
2022-10-28 13:00:00,14.626909611346264
2022-10-28 14:00:00,15.86286687451306
2022-10-28 15:00:00,16.697002193896573
2022-10-28 16:00:00,16.74759012505664
2022-10-28 17:00:00,16.009966527954678
2022-10-28 18:00:00,14.325336820163312
2022-10-28 19:00:00,13.537374444501625
2022-10-28 20:00:00,12.769999039798098
2022-10-28 21:00:00,10.489690776692768
2022-10-28 22:00:00,10.49916683303242
2022-10-28 23:00:00,9.935030553447003
2022-10-29 00:00:00,9.9940122213788
2022-10-29 01:00:00,9.331635818480764
2022-10-29 02:00:00,8.776975595235003
2022-10-29 03:00:00,8.417744774702864
2022-10-29 04:00:00,7.674476094332258
2022-10-29 05:00:00,6.730709108760969
2022-10-29 06:00:00,5.936603344629953
2022-10-29 07:00:00,6.127866912505668
2022-10-29 08:00:00,7.014746968599436
2022-10-29 09:00:00,9.347215954047783
2022-10-29 10:00:00,12.243205729058
2022-10-29 11:00:00,15.964688818296352
2022-10-29 12:00:00,17.647590125056638
2022-10-29 13:00:00,18.805645083268644
2022-10-29 14:00:00,19.185213722158604
2022-10-29 15:00:00,19.80058401436724
2022-10-29 16:00:00,19.072342930852717
2022-10-29 17:00:00,17.651755959894547
2022-10-29 18:00:00,16.257961415459786
2022-10-29 19:00:00,14.587191275790024
2022-10-29 20:00:00,13.43231337560022
2022-10-29 21:00:00,12.721108918229492
2022-10-29 22:00:00,11.637685664197877
2022-10-29 23:00:00,10.818827094270787
2022-10-30 00:00:00,9.912037624338309
2022-10-30 01:00:00,9.558888125179582
2022-10-30 02:00:00,9.458210568060128
2022-10-30 03:00:00,9.291512720476057
2022-10-30 04:00:00,8.787440428390363
2022-10-30 05:00:00,7.782963373856202
2022-10-30 06:00:00,7.861543235930455
2022-10-30 07:00:00,7.87009258255031
2022-10-30 08:00:00,8.05138962247135
2022-10-30 09:00:00,10.305800693116767
2022-10-30 10:00:00,14.298824137679862
2022-10-30 11:00:00,16.633886166783167
2022-10-30 12:00:00,18.11163286188984
2022-10-30 13:00:00,19.085213722158603
2022-10-30 14:00:00,19.662960417265275
2022-10-30 15:00:00,20.06984342994997
2022-10-30 16:00:00,19.782807764008076
2022-10-30 17:00:00,18.089473099748727
2022-10-30 18:00:00,16.54675695808906
2022-10-30 19:00:00,15.288701999877055
2022-10-30 20:00:00,13.80864288937207
2022-10-30 21:00:00,12.997500499097256
2022-10-30 22:00:00,11.601666333935164
2022-10-30 23:00:00,11.512037624338308
2022-10-31 00:00:00,11.177840237858886
2022-10-31 01:00:00,10.414537125241054
2022-10-31 02:00:00,11.889293847829958
2022-10-31 03:00:00,11.319536127046543
2022-10-31 04:00:00,11.740061030908794
2022-10-31 05:00:00,10.152067179590803
2022-10-31 06:00:00,9.43935199813304
2022-10-31 07:00:00,9.553920599030397
2022-10-31 08:00:00,9.756388624276838
2022-10-31 09:00:00,12.645090624153896
2022-10-31 10:00:00,15.246756958089058
2022-10-31 11:00:00,17.016787473543456
2022-10-31 12:00:00,18.88962870959685
2022-10-31 13:00:00,19.434041776631297
2022-10-31 14:00:00,20.192867834714967
2022-10-31 15:00:00,19.546694890993145
2022-10-31 16:00:00,18.028731555129557
2022-10-31 17:00:00,16.607467027051932
2022-10-31 18:00:00,15.513454805673131
2022-10-31 19:00:00,14.869103805734602
2022-10-31 20:00:00,13.362376402898038
2022-10-31 21:00:00,12.94518416690611
2022-10-31 22:00:00,12.249318526087716
2022-10-31 23:00:00,10.864688818296353
2022-11-01 00:00:00,10.634968486351092
2022-11-01 01:00:00,10.117838317455078
2022-11-01 02:00:00,10.179475096137748
2022-11-01 03:00:00,9.851078402775094
2022-11-01 04:00:00,8.986296041726527
2022-11-01 05:00:00,8.426481206827148
2022-11-01 06:00:00,9.043424290218734
2022-11-01 07:00:00,9.122743776508353
2022-11-01 08:00:00,9.675737665818954
2022-11-01 09:00:00,11.05462874758946
2022-11-01 10:00:00,13.247839277656984
2022-11-01 11:00:00,14.706727402836565
2022-11-01 12:00:00,15.920369294014122
2022-11-01 13:00:00,16.72626352988311
2022-11-01 14:00:00,17.22972033194526
2022-11-01 15:00:00,17.8940122213788
2022-11-01 16:00:00,17.34675695808906
2022-11-01 17:00:00,15.726325596979024
2022-11-01 18:00:00,14.184380555191025
2022-11-01 19:00:00,13.01626552627213
2022-11-01 20:00:00,11.612528095953332
2022-11-01 21:00:00,10.37931948628962
2022-11-01 22:00:00,9.972592083453057
2022-11-01 23:00:00,9.116109916424003
2022-11-02 00:00:00,8.165771137864274
2022-11-02 01:00:00,7.126325596979022
2022-11-02 02:00:00,6.207778246748188
2022-11-02 03:00:00,6.244568676882569
2022-11-02 04:00:00,4.827220831042515
2022-11-02 05:00:00,4.515338816552333
2022-11-02 06:00:00,4.008455803867641
2022-11-02 07:00:00,3.285618484607073
2022-11-02 08:00:00,4.097500499097255
2022-11-02 09:00:00,6.589106762325526
2022-11-02 10:00:00,10.213213486658448
2022-11-02 11:00:00,12.368364181519231
2022-11-02 12:00:00,14.171603306637346
2022-11-02 13:00:00,15.300739624215367
2022-11-02 14:00:00,16.2271587639466
2022-11-02 15:00:00,16.696511722281546
2022-11-02 16:00:00,16.01188201449018
2022-11-02 17:00:00,14.208393736771727
2022-11-02 18:00:00,12.051078402775094
2022-11-02 19:00:00,10.727991930914184
2022-11-02 20:00:00,8.736634820286255
2022-11-02 21:00:00,7.630647041665055
2022-11-02 22:00:00,6.669165872830515
2022-11-02 23:00:00,6.313766025369386
2022-11-03 00:00:00,5.965093580744821
2022-11-03 01:00:00,5.095000998194511
2022-11-03 02:00:00,4.706205455565238
2022-11-03 03:00:00,4.415432359304548
2022-11-03 04:00:00,4.465771137864275
2022-11-03 05:00:00,4.11469273508918
2022-11-03 06:00:00,4.421420137925747
2022-11-03 07:00:00,4.694012221378802
2022-11-03 08:00:00,5.901666333935163
2022-11-03 09:00:00,7.630553498912842
2022-11-03 10:00:00,10.294689778498256
2022-11-03 11:00:00,11.937623597101965
2022-11-03 12:00:00,12.976080361171508
2022-11-03 13:00:00,13.752160722343016
2022-11-03 14:00:00,13.37691352813909
2022-11-03 15:00:00,12.79916683303242
2022-11-03 16:00:00,12.347839277656984
2022-11-03 17:00:00,11.875247194203926
2022-11-03 18:00:00,11.4470061106894
2022-11-03 19:00:00,10.579475096137749
2022-11-03 20:00:00,10.3470061106894
2022-11-03 21:00:00,9.670925749517892
2022-11-03 22:00:00,9.276080361171507
2022-11-03 23:00:00,8.713703958273472
2022-11-04 00:00:00,8.279568638889963
2022-11-04 01:00:00,7.456482167029051
2022-11-04 02:00:00,6.694105764131017
2022-11-04 03:00:00,6.3462664864740335
2022-11-04 04:00:00,5.694938931098598
2022-11-04 05:00:00,4.505987778621199
2022-11-04 06:00:00,4.52469073870016
2022-11-04 07:00:00,4.239539083637468
2022-11-04 08:00:00,5.183983626328212
2022-11-04 09:00:00,5.539539083637468
2022-11-04 10:00:00,6.355649000061471
2022-11-04 11:00:00,6.713703958273472
2022-11-04 12:00:00,7.661543235930455
2022-11-04 13:00:00,8.263209569865618
2022-11-04 14:00:00,8.660710068962874
2022-11-04 15:00:00,9.0889511524774
2022-11-04 16:00:00,9.023919638828492
2022-11-04 17:00:00,8.586296041726527
2022-11-04 18:00:00,7.702499500902745
2022-11-04 19:00:00,5.91505907251238
2022-11-04 20:00:00,6.698115989120796
2022-11-04 21:00:00,6.540216640756923
2022-11-04 22:00:00,6.231573751384852
2022-11-04 23:00:00,5.516297001928431
2022-11-05 00:00:00,4.68997140494941
2022-11-05 01:00:00,3.5617923885307965
2022-11-05 02:00:00,1.946266486474034
2022-11-05 03:00:00,0.3257415826117816
2022-11-05 04:00:00,0.0633651797137452
2022-11-05 05:00:00,-0.6630539600174906
2022-11-05 06:00:00,-1.0603988492666183
2022-11-05 07:00:00,-0.9732696405725096
2022-11-05 08:00:00,0.4003112196962547
2022-11-05 09:00:00,4.097344889249128
2022-11-05 10:00:00,7.218702960078961
2022-11-05 11:00:00,9.764136279585411
2022-11-05 12:00:00,10.7750915843558
2022-11-05 13:00:00,11.447839277656982
2022-11-05 14:00:00,12.440029555252494
2022-11-05 15:00:00,12.489690776692765
2022-11-05 16:00:00,11.944350999938528
2022-11-05 17:00:00,11.11021568055502
2022-11-05 18:00:00,9.269936972702183
2022-11-05 19:00:00,8.098917680432077
2022-11-05 20:00:00,6.654877900189803
2022-11-05 21:00:00,4.6658332049601885
2022-11-05 22:00:00,4.108611413715769
2022-11-05 23:00:00,3.324137315772532
2022-11-06 00:00:00,2.955711067157384
2022-11-06 01:00:00,2.784691774887277
2022-11-06 02:00:00,2.5379348167982183
2022-11-06 03:00:00,2.267842234247908
2022-11-06 04:00:00,2.2763915808677635
2022-11-06 05:00:00,2.354138275974435
2022-11-06 06:00:00,2.367842234247908
2022-11-06 07:00:00,2.4874404283903635
2022-11-06 08:00:00,3.3985828186651785
2022-11-06 09:00:00,6.5232420817090375
2022-11-06 10:00:00,10.033979709535384
2022-11-06 11:00:00,12.19030626671631
2022-11-06 12:00:00,13.12027575126191
2022-11-06 13:00:00,14.191295043532016
2022-11-06 14:00:00,14.65962774939495
2022-11-06 15:00:00,14.46567759511206
2022-11-06 16:00:00,14.142684666003364
2022-11-06 17:00:00,13.381974597040491
2022-11-06 18:00:00,11.403916682237565
2022-11-06 19:00:00,11.152900346558384
2022-11-06 20:00:00,8.620921832725063
2022-11-06 21:00:00,7.509382513587438
2022-11-06 22:00:00,6.112932858401804
2022-11-06 23:00:00,6.232468985448348
2022-11-07 00:00:00,5.133364219511842
2022-11-07 01:00:00,4.415276749456421
2022-11-07 02:00:00,4.427407916546945
2022-11-07 03:00:00,4.126574749579364
2022-11-07 04:00:00,3.170403802246565
2022-11-07 05:00:00,3.665187123497036
2022-11-07 06:00:00,3.2138595681216
2022-11-07 07:00:00,3.00703862253282
2022-11-07 08:00:00,3.4804638729534565
2022-11-07 09:00:00,6.508549346619855
2022-11-07 10:00:00,8.934625790998535
2022-11-07 11:00:00,11.372592083453055
2022-11-07 12:00:00,14.203332667870326
2022-11-07 13:00:00,15.181047887320698
2022-11-07 14:00:00,15.76827063876702
2022-11-07 15:00:00,16.9861404318784
2022-11-07 16:00:00,16.27675791829096
2022-11-07 17:00:00,14.512621638705548
2022-11-07 18:00:00,13.705894235868984
2022-11-07 19:00:00,12.758950192275496
2022-11-07 20:00:00,12.19558501256175
2022-11-07 21:00:00,11.773331707668422
2022-11-07 22:00:00,11.2050610689014
2022-11-07 23:00:00,10.85040084565564
2022-11-08 00:00:00,10.379475096137748
2022-11-08 01:00:00,10.063365179713744
2022-11-08 02:00:00,10.110371290403146
2022-11-08 03:00:00,10.232562528200562
2022-11-08 04:00:00,9.68395215067191
2022-11-08 05:00:00,9.340434317700964
2022-11-08 06:00:00,9.060126054595631
2022-11-08 07:00:00,8.885712027359286
2022-11-08 08:00:00,8.810464833155361
2022-11-08 09:00:00,11.395678555313964
2022-11-08 10:00:00,12.409320446491524
2022-11-08 11:00:00,14.443268680370604
2022-11-08 12:00:00,15.531480208632638
2022-11-08 13:00:00,16.424597195947946
2022-11-08 14:00:00,16.733146542567802
2022-11-08 15:00:00,17.10240595815053
2022-11-08 16:00:00,16.463949194080985
2022-11-08 17:00:00,15.197251346496913
2022-11-08 18:00:00,13.922837319260568
2022-11-08 19:00:00,13.045923791121478
2022-11-08 20:00:00,11.388024442757605
2022-11-08 21:00:00,9.581141430072911
2022-11-08 22:00:00,8.952160722343017
2022-11-08 23:00:00,8.187191275790022
2022-11-09 00:00:00,7.5839521506719105
2022-11-09 01:00:00,6.671019292270106
2022-11-09 02:00:00,6.853243041910941
2022-11-09 03:00:00,7.388305071014246
2022-11-09 04:00:00,6.561885931283011
2022-11-09 05:00:00,5.317192235991925
2022-11-09 06:00:00,5.007809722404488
2022-11-09 07:00:00,5.344506609786656
2022-11-09 08:00:00,6.6856184846070725
2022-11-09 09:00:00,7.447901344752895
2022-11-09 10:00:00,8.222992929108695
2022-11-09 11:00:00,9.448516834776436
2022-11-09 12:00:00,11.99792890361637
2022-11-09 13:00:00,14.8331465425678
2022-11-09 14:00:00,15.048672444624565
2022-11-09 15:00:00,15.306727402836565
2022-11-09 16:00:00,14.916109916424002
2022-11-09 17:00:00,14.033146542567804
2022-11-09 18:00:00,13.032313375600218
2022-11-09 19:00:00,12.46144969317824
2022-11-09 20:00:00,11.016421136120258
2022-11-09 21:00:00,9.783640930975654
2022-11-09 22:00:00,9.685462874758946
2022-11-09 23:00:00,9.034197386479423
2022-11-10 00:00:00,8.255711067157383
2022-11-10 01:00:00,8.033208609663713
2022-11-10 02:00:00,7.395000998194511
2022-11-10 03:00:00,6.966853457432199
2022-11-10 04:00:00,6.8488280544726905
2022-11-10 05:00:00,6.053982666126307
2022-11-10 06:00:00,5.582285816736747
2022-11-10 07:00:00,5.2205869709581645
2022-11-10 08:00:00,5.583485321127528
2022-11-10 09:00:00,8.179070333689278
2022-11-10 10:00:00,11.226169987130891
2022-11-10 11:00:00,13.732064222999878
2022-11-10 12:00:00,16.06644869498373
2022-11-10 13:00:00,17.2441953900904
2022-11-10 14:00:00,18.355244237613004
2022-11-10 15:00:00,18.19552294546584
2022-11-10 16:00:00,18.094689778498257
2022-11-10 17:00:00,16.65274473671026
2022-11-10 18:00:00,14.82367048622815
2022-11-10 19:00:00,13.639040778436788
2022-11-10 20:00:00,13.196760874881887
2022-11-10 21:00:00,11.427991930914184
2022-11-10 22:00:00,10.514537125241054
2022-11-10 23:00:00,9.81203762433831
2022-11-11 00:00:00,9.286451651574655
2022-11-11 01:00:00,9.35305595640651
2022-11-11 02:00:00,9.042933818603707
2022-11-11 03:00:00,8.76827063876702
2022-11-11 04:00:00,9.10062243939251
2022-11-11 05:00:00,7.396356112433419
2022-11-11 06:00:00,6.666355152231516
2022-11-11 07:00:00,7.334687858094448
2022-11-11 08:00:00,6.77829923381761
2022-11-11 09:00:00,9.526940202785871
2022-11-11 10:00:00,12.87212436969198
2022-11-11 11:00:00,17.39536733561771
2022-11-11 12:00:00,19.874998041603583
2022-11-11 13:00:00,21.713392738577216
2022-11-11 14:00:00,22.411726404642053
2022-11-11 15:00:00,22.032313375600214
2022-11-11 16:00:00,21.524752805796076
2022-11-11 17:00:00,19.695678555313965
2022-11-11 18:00:00,17.429813874697473
2022-11-11 19:00:00,15.718765027174875
2022-11-11 20:00:00,13.716943083391584
2022-11-11 21:00:00,13.025585972763654
2022-11-11 22:00:00,11.71663186369533
2022-11-11 23:00:00,11.547068177785311
2022-11-12 00:00:00,10.38129703992104
2022-11-12 01:00:00,9.40583216877307
2022-11-12 02:00:00,10.119847346742798
2022-11-12 03:00:00,9.31808747005542
2022-11-12 04:00:00,9.100155609848128
2022-11-12 05:00:00,8.983640930975655
2022-11-12 06:00:00,9.573518793172852
2022-11-12 07:00:00,9.831573751384852
2022-11-12 08:00:00,11.134228862135725
2022-11-12 09:00:00,12.493023444563091
2022-11-12 10:00:00,16.22975180760156
2022-11-12 11:00:00,19.43064704166505
2022-11-12 12:00:00,20.8700305154544
2022-11-12 13:00:00,22.33746798725384
2022-11-12 14:00:00,21.7801526532572
2022-11-12 15:00:00,21.513703958273474
2022-11-12 16:00:00,22.04012309800471
2022-11-12 17:00:00,21.135646043470544
2022-11-12 18:00:00,18.372654150548968
2022-11-12 19:00:00,19.235801653318678
2022-11-12 20:00:00,18.368177096014804
2022-11-12 21:00:00,17.636790430134383
2022-11-12 22:00:00,17.966020290464616
2022-11-12 23:00:00,17.862532012746165
2022-11-13 00:00:00,17.582963373856202
2022-11-13 01:00:00,15.784629707791364
2022-11-13 02:00:00,13.156388624276838
2022-11-13 03:00:00,12.141851499035784
2022-11-13 04:00:00,11.441018332068202
2022-11-13 05:00:00,10.855555457309258
2022-11-13 06:00:00,10.4940122213788
2022-11-13 07:00:00,10.27009258255031
2022-11-13 08:00:00,10.183796540823783
2022-11-13 09:00:00,9.908549346619855
2022-11-13 10:00:00,10.017931860207293
2022-11-13 11:00:00,10.28030826310533
2022-11-13 12:00:00,10.317931860207294
2022-11-13 13:00:00,10.54857890187235
2022-11-13 14:00:00,10.30422790193382
2022-11-13 15:00:00,10.513610415521258
2022-11-13 16:00:00,10.36144969317824
2022-11-13 17:00:00,10.313610415521255
2022-11-13 18:00:00,10.217931860207292
2022-11-13 19:00:00,10.041851499035785
2022-11-13 20:00:00,9.894012221378802
2022-11-13 21:00:00,9.808549346619856
2022-11-13 22:00:00,9.764198346681326
2022-11-13 23:00:00,9.65904373502771
2022-11-14 00:00:00,9.483796540823782
2022-11-14 01:00:00,9.345339776754235
2022-11-14 02:00:00,9.296667332129674
2022-11-14 03:00:00,9.321420137925744
2022-11-14 04:00:00,9.35987690199529
2022-11-14 05:00:00,9.106049845717113
2022-11-14 06:00:00,8.821420137925745
2022-11-14 07:00:00,8.519753803990582
2022-11-14 08:00:00,8.917931860207293
2022-11-14 09:00:00,9.58030826310533
2022-11-14 10:00:00,10.41120445737073
2022-11-14 11:00:00,12.82833462626674
2022-11-14 12:00:00,12.75481583309389
2022-11-14 13:00:00,13.426574749579364
2022-11-14 14:00:00,14.008549346619857
2022-11-14 15:00:00,12.648672444624562
2022-11-14 16:00:00,11.53679043013438
2022-11-14 17:00:00,10.317931860207294
2022-11-14 18:00:00,9.403394734966238
2022-11-14 19:00:00,8.440029555252494
2022-11-14 20:00:00,7.052900346558385
2022-11-14 21:00:00,7.151234012623222
2022-11-14 22:00:00,6.245339776754237
2022-11-14 23:00:00,6.15481583309389
2022-11-15 00:00:00,5.999073290280204
2022-11-15 01:00:00,5.674320484484131
2022-11-15 02:00:00,4.648828054472691
2022-11-15 03:00:00,4.229969484545602
2022-11-15 04:00:00,3.7992289001283313
2022-11-15 05:00:00,3.7804638729534568
2022-11-15 06:00:00,3.995834165162092
2022-11-15 07:00:00,4.551514640879865
2022-11-15 08:00:00,4.679568638889962
2022-11-15 09:00:00,6.635801653318673
2022-11-15 10:00:00,8.782006072696793
2022-11-15 11:00:00,9.976267446675935
2022-11-15 12:00:00,12.3138910437779
2022-11-15 13:00:00,11.590617486412562
2022-11-15 14:00:00,14.040278707852837
2022-11-15 15:00:00,12.88679434692721
2022-11-15 16:00:00,12.70200902928772
2022-11-15 17:00:00,11.794354916731358
2022-11-15 18:00:00,9.37873547192238
2022-11-15 19:00:00,9.42574158261178
2022-11-15 20:00:00,8.988889085381487
2022-11-15 21:00:00,9.152067179590803
2022-11-15 22:00:00,9.645433319506452
2022-11-15 23:00:00,8.657377401092546
2022-11-16 00:00:00,8.082807764008074
2022-11-16 01:00:00,7.3684262486151475
2022-11-16 02:00:00,6.928303150610439
2022-11-16 03:00:00,6.395000998194511
2022-11-16 04:00:00,5.620680513710379
2022-11-16 05:00:00,5.927501459299159
2022-11-16 06:00:00,5.623273557365338
2022-11-16 07:00:00,5.342349804236467
2022-11-16 08:00:00,5.35845972066047
2022-11-16 09:00:00,6.861636778682669
2022-11-16 10:00:00,9.308549346619856
2022-11-16 11:00:00,11.283734473727868
2022-11-16 12:00:00,12.591450653380145
2022-11-16 13:00:00,13.470925749517892
2022-11-16 14:00:00,13.789690776692767
2022-11-16 15:00:00,13.629813874697476
2022-11-16 16:00:00,13.081141430072911
2022-11-16 17:00:00,11.906727402836566
2022-11-16 18:00:00,10.339196388284911
2022-11-16 19:00:00,9.4691038057346
2022-11-16 20:00:00,8.142591123251151
2022-11-16 21:00:00,7.115432359304549
2022-11-16 22:00:00,6.204289969029734
2022-11-16 23:00:00,5.6905860107562605
2022-11-17 00:00:00,4.832624595296474
2022-11-17 01:00:00,4.959199344875838
2022-11-17 02:00:00,4.730063027297817
2022-11-17 03:00:00,4.767593081647566
2022-11-17 04:00:00,4.7138595681216
2022-11-17 05:00:00,5.083702998071569
2022-11-17 06:00:00,4.948828054472692
2022-11-17 07:00:00,4.895927707914307
2022-11-17 08:00:00,5.072903303149309
2022-11-17 09:00:00,7.722253304893329
2022-11-17 10:00:00,10.680985820224784
2022-11-17 11:00:00,13.078330709473912
2022-11-17 12:00:00,14.316881016295673
2022-11-17 13:00:00,14.551911569742677
2022-11-17 14:00:00,14.7271587639466
2022-11-17 15:00:00,14.943517832970947
2022-11-17 16:00:00,14.676819985386876
2022-11-17 17:00:00,13.507560569804143
2022-11-17 18:00:00,12.210060070706891
2022-11-17 19:00:00,11.40682094558878
2022-11-17 20:00:00,10.157283858340332
2022-11-17 21:00:00,9.16663578048816
2022-11-17 22:00:00,7.418920637023001
2022-11-17 23:00:00,6.783212526456543
2022-11-18 00:00:00,6.547161720537528
2022-11-18 01:00:00,5.624230858524745
2022-11-18 02:00:00,5.043089428451834
2022-11-18 03:00:00,4.890033472045323
2022-11-18 04:00:00,4.043922595419416
2022-11-18 05:00:00,3.71568151190489
2022-11-18 06:00:00,3.59259504004398
2022-11-18 07:00:00,3.4497547641924875
2022-11-18 08:00:00,3.731884971081107
2022-11-18 09:00:00,6.31287079130589
2022-11-18 10:00:00,9.146017333873692
2022-11-18 11:00:00,11.398917680432078
2022-11-18 12:00:00,13.348329749272008
2022-11-18 13:00:00,15.57567559872304
2022-11-18 14:00:00,16.521015375477276
2022-11-18 15:00:00,16.78953516684464
2022-11-18 16:00:00,16.459721292147165
2022-11-18 17:00:00,14.89817805621671
2022-11-18 18:00:00,12.841695889187658
2022-11-18 19:00:00,11.42706522119439
2022-11-18 20:00:00,10.35184950264676
2022-11-18 21:00:00,9.750370254216028
2022-11-18 22:00:00,7.737623597101964
2022-11-18 23:00:00,7.266542237735944
2022-11-19 00:00:00,7.230989737017612
2022-11-19 01:00:00,5.359137277779924
2022-11-19 02:00:00,5.753087432062813
2022-11-19 03:00:00,5.692190277595511
2022-11-19 04:00:00,7.027719136243199
2022-11-19 05:00:00,6.441882090475396
2022-11-19 06:00:00,6.062991008704888
2022-11-19 07:00:00,6.499259491567943
2022-11-19 08:00:00,7.535216754734744
2022-11-19 09:00:00,10.3160784407677
2022-11-19 10:00:00,13.350922792926966
2022-11-19 11:00:00,16.12308647186091
2022-11-19 12:00:00,16.86144969317824
2022-11-19 13:00:00,17.790523943660347
2022-11-19 14:00:00,18.38703566594189
2022-11-19 15:00:00,18.67166537373325
2022-11-19 16:00:00,18.00083316696758
2022-11-19 17:00:00,16.448672444624563
2022-11-19 18:00:00,14.651911569742676
2022-11-19 19:00:00,14.153671446430051
2022-11-19 20:00:00,12.02972033194526
2022-11-19 21:00:00,12.757681671419832
2022-11-19 22:00:00,11.381881054288275
2022-11-19 23:00:00,9.807373484299715
2022-11-20 00:00:00,8.964937970896694
2022-11-20 01:00:00,8.788795542629272
2022-11-20 02:00:00,9.054660223245763
2022-11-20 03:00:00,9.133395695168142
2022-11-20 04:00:00,9.375558413900182
2022-11-20 05:00:00,9.845650996450493
2022-11-20 06:00:00,9.69922890012833
2022-11-20 07:00:00,9.79515660804264
2022-11-20 08:00:00,8.798240123312622
2022-11-20 09:00:00,11.385182246502303
2022-11-20 10:00:00,12.650151693055298
2022-11-20 11:00:00,15.418204654878275
2022-11-20 12:00:00,15.569165872830514
2022-11-20 13:00:00,17.214443582488837
2022-11-20 14:00:00,17.32107744257319
2022-11-20 15:00:00,17.869010262982385
2022-11-20 16:00:00,17.805061068901402
2022-11-20 17:00:00,15.666355152231514
2022-11-20 18:00:00,14.414287972640713
2022-11-20 19:00:00,12.93228189994392
2022-11-20 20:00:00,11.550400845655638
2022-11-20 21:00:00,10.952900346558383
2022-11-20 22:00:00,10.699166833032418
2022-11-20 23:00:00,8.707778246748187
2022-11-21 00:00:00,8.28712920869411
2022-11-21 01:00:00,8.152993889310599
2022-11-21 02:00:00,7.154877900189803
2022-11-21 03:00:00,6.8522227894389305
2022-11-21 04:00:00,6.648983664320818
2022-11-21 05:00:00,6.620586970958165
2022-11-21 06:00:00,6.116359069024345
2022-11-21 07:00:00,6.292345887443639
2022-11-21 08:00:00,6.453055956406512
2022-11-21 09:00:00,8.286296041726528
2022-11-21 10:00:00,11.368948195886476
2022-11-21 11:00:00,13.935708110566456
2022-11-21 12:00:00,16.2750915843558
2022-11-21 13:00:00,16.84783927765698
2022-11-21 14:00:00,16.615954306575876
2022-11-21 15:00:00,16.570832206765676
2022-11-21 16:00:00,15.58271422125586
2022-11-21 17:00:00,14.900739624215367
2022-11-21 18:00:00,13.974164874636005
2022-11-21 19:00:00,12.747745734904768
2022-11-21 20:00:00,12.376819985386874
2022-11-21 21:00:00,11.104165834837907
2022-11-21 22:00:00,10.93938347378934
2022-11-21 23:00:00,9.5220976950452
2022-11-22 00:00:00,8.977808762202585
2022-11-22 01:00:00,8.94941206883993
2022-11-22 02:00:00,8.192439430195853
2022-11-22 03:00:00,7.961698845778582
2022-11-22 04:00:00,8.062376402898035
2022-11-22 05:00:00,7.743766985571289
2022-11-22 06:00:00,7.934228862135725
2022-11-22 07:00:00,8.773830012869105
2022-11-22 08:00:00,9.026730359427493
2022-11-22 09:00:00,10.481974597040493
2022-11-22 10:00:00,11.274164874636003
2022-11-22 11:00:00,12.59376306877846
2022-11-22 12:00:00,13.416943083391583
2022-11-22 13:00:00,13.910122137802803
2022-11-22 14:00:00,14.200739624215366
2022-11-22 15:00:00,13.931635818480764
2022-11-22 16:00:00,13.452067179590802
2022-11-22 17:00:00,12.715276749456422
2022-11-22 18:00:00,11.464937970896694
2022-11-22 19:00:00,10.9470061106894
2022-11-22 20:00:00,10.681974597040492
2022-11-22 21:00:00,10.643517832970948
2022-11-22 22:00:00,11.014599192336966
2022-11-22 23:00:00,10.642840275851492
2022-11-23 00:00:00,9.827563526395071
2022-11-23 01:00:00,9.364198346681324
2022-11-23 02:00:00,9.964198346681329
2022-11-23 03:00:00,9.727469983642855
2022-11-23 04:00:00,9.40521667874953
2022-11-23 05:00:00,9.448983664320815
2022-11-23 06:00:00,8.983796540823782
2022-11-23 07:00:00,10.678829014674594
2022-11-23 08:00:00,10.002810720599
2022-11-23 09:00:00,10.954815833093887
2022-11-23 10:00:00,11.799166833032418
2022-11-23 11:00:00,13.330802651513183
2022-11-23 12:00:00,14.333302152415929
2022-11-23 13:00:00,14.720431361110036
2022-11-23 14:00:00,14.39135711062793
2022-11-23 15:00:00,13.535708110566455
2022-11-23 16:00:00,12.91527674945642
2022-11-23 17:00:00,11.718765027174875
2022-11-23 18:00:00,10.458054958212
2022-11-23 19:00:00,8.814350039736624
2022-11-23 20:00:00,7.843486357314646
2022-11-23 21:00:00,6.74357990006686
2022-11-23 22:00:00,6.39897974752799
2022-11-23 23:00:00,6.079225943537406
2022-11-24 00:00:00,5.3940122213788015
2022-11-24 01:00:00,5.01808747005542
2022-11-24 02:00:00,4.847006110689401
2022-11-24 03:00:00,4.373580860268763
2022-11-24 04:00:00,4.649661221440272
2022-11-24 05:00:00,4.182223749640833
2022-11-24 06:00:00,4.175402804052054
2022-11-24 07:00:00,4.177069137987218
2022-11-24 08:00:00,4.581390582673253
2022-11-24 09:00:00,5.751327555375436
2022-11-24 10:00:00,8.097344889249129
2022-11-24 11:00:00,10.18114143007291
2022-11-24 12:00:00,12.256388624276838
2022-11-24 13:00:00,12.963949194080984
2022-11-24 14:00:00,13.416943083391583
2022-11-24 15:00:00,13.405894235868985
2022-11-24 16:00:00,13.43413531938351
2022-11-24 17:00:00,12.198178056216708
2022-11-24 18:00:00,10.575986818419294
2022-11-24 19:00:00,9.6220976950452
2022-11-24 20:00:00,8.075986818419295
2022-11-24 21:00:00,7.813610415521258
2022-11-24 22:00:00,7.141945041787999
2022-11-24 23:00:00,6.04299588569962
2022-11-25 00:00:00,5.760032511843419
2022-11-25 01:00:00,5.389846386540894
2022-11-25 02:00:00,5.044662219634784
2022-11-25 03:00:00,4.667842234247907
2022-11-25 04:00:00,4.360865678811
2022-11-25 05:00:00,4.005465831349872
2022-11-25 06:00:00,4.366853457432199
2022-11-25 07:00:00,3.9678422342479074
2022-11-25 08:00:00,4.91910772252743
2022-11-25 09:00:00,6.92068051371038
2022-11-25 10:00:00,9.910309223307234
2022-11-25 11:00:00,11.69036833381222
2022-11-25 12:00:00,13.990119181211876
2022-11-25 13:00:00,16.4331465425678
2022-11-25 14:00:00,17.76830211442332
2022-11-25 15:00:00,16.911726404642053
2022-11-25 16:00:00,15.998084513464494
2022-11-25 17:00:00,13.946974635033095
2022-11-25 18:00:00,12.170894273861592
2022-11-25 19:00:00,11.927469983642858
2022-11-25 20:00:00,11.54456867688257
2022-11-25 21:00:00,10.997562566193167
2022-11-25 22:00:00,11.452067179590802
2022-11-25 23:00:00,11.462282860145825
2022-11-26 00:00:00,12.05283827946247
2022-11-26 01:00:00,13.023981705924404
2022-11-26 02:00:00,12.584629707791365
2022-11-26 03:00:00,10.5640427368332
2022-11-26 04:00:00,9.5078717895004
2022-11-26 05:00:00,8.53070910876097
2022-11-26 06:00:00,8.272132203277641
2022-11-26 07:00:00,8.287440428390363
2022-11-26 08:00:00,7.873736470116892
2022-11-26 09:00:00,10.265031513648909
2022-11-26 10:00:00,10.985462874758944
2022-11-26 11:00:00,10.528980707729891
2022-11-26 12:00:00,10.809288970835222
2022-11-26 13:00:00,10.662282860145822
2022-11-26 14:00:00,10.333302152415929
2022-11-26 15:00:00,9.10157279118295
2022-11-26 16:00:00,7.967437471799438
2022-11-26 17:00:00,6.771758916485474
2022-11-26 18:00:00,5.381974597040492
2022-11-26 19:00:00,4.764782361048567
2022-11-26 20:00:00,3.885275789254517
2022-11-26 21:00:00,3.4417579562835696
2022-11-26 22:00:00,2.413703958273472
2022-11-26 23:00:00,2.0026551107508714
2022-11-27 00:00:00,1.023148538956823
2022-11-27 01:00:00,1.3213265951735322
2022-11-27 02:00:00,0.3317293612329798
2022-11-27 03:00:00,-0.0024995009027446
2022-11-27 04:00:00,-0.3938566115306745
2022-11-27 05:00:00,-0.5159543065758754
2022-11-27 06:00:00,-0.8279919309141845
2022-11-27 07:00:00,-0.6193490415421146
2022-11-27 08:00:00,-0.6433622231228201
2022-11-27 09:00:00,2.33935199813304
2022-11-27 10:00:00,4.934968486351091
2022-11-27 11:00:00,7.306727402836565
2022-11-27 12:00:00,8.935646043470546
2022-11-27 13:00:00,10.253733513525964
2022-11-27 14:00:00,11.522837319260567
2022-11-27 15:00:00,12.714287972640712
2022-11-27 16:00:00,12.314537125241053
2022-11-27 17:00:00,10.963365179713746
2022-11-27 18:00:00,9.802717177846784
2022-11-27 19:00:00,8.495740622409878
2022-11-27 20:00:00,6.873518793172851
2022-11-27 21:00:00,6.30864288937207
2022-11-27 22:00:00,5.389939929293108
2022-11-27 23:00:00,7.128366101923042
2022-11-28 00:00:00,7.022316256205931
2022-11-28 01:00:00,6.8549408515024055
2022-11-28 02:00:00,6.716639697280987
2022-11-28 03:00:00,5.695188083698939
2022-11-28 04:00:00,9.086514602887258
2022-11-28 05:00:00,9.732165599337751
2022-11-28 06:00:00,9.339998963812882
2022-11-28 07:00:00,10.062563488402464
2022-11-28 08:00:00,9.59580357372248
2022-11-28 09:00:00,11.995281626451153
2022-11-28 10:00:00,13.886389584478742
2022-11-28 11:00:00,13.091053724517334
2022-11-28 12:00:00,14.624511486781389
2022-11-28 13:00:00,15.821607223430174
2022-11-28 14:00:00,15.836790430134382
2022-11-28 15:00:00,16.156482167029054
2022-11-28 16:00:00,15.583890083575996
2022-11-28 17:00:00,14.459814834899378
2022-11-28 18:00:00,13.830000960201904
2022-11-28 19:00:00,13.357315333996636
2022-11-28 20:00:00,13.343611375723162
2022-11-28 21:00:00,13.42891864063398
2022-11-28 22:00:00,13.436634820286251
2022-11-28 23:00:00,13.289628709596856
2022-11-29 00:00:00,13.470092582550308
2022-11-29 01:00:00,13.60083316696758
2022-11-29 02:00:00,13.43679043013438
2022-11-29 03:00:00,13.855649000061472
2022-11-29 04:00:00,13.086202498974313
2022-11-29 05:00:00,12.21444358248884
2022-11-29 06:00:00,11.943517832970947
2022-11-29 07:00:00,11.541851499035785
2022-11-29 08:00:00,11.156388624276836
2022-11-29 09:00:00,10.333302152415929
2022-11-29 10:00:00,10.09135711062793
2022-11-29 11:00:00,10.142684666003364
2022-11-29 12:00:00,9.41444358248884
2022-11-29 13:00:00,9.100739624215368
2022-11-29 14:00:00,9.20580069311677
2022-11-29 15:00:00,7.543517832970947
2022-11-29 16:00:00,6.718765027174875
2022-11-29 17:00:00,6.133302152415928
2022-11-29 18:00:00,5.385462874758947
2022-11-29 19:00:00,4.885462874758946
2022-11-29 20:00:00,3.8760803611715087
2022-11-29 21:00:00,2.823086471860909
2022-11-29 22:00:00,1.9470061106894008
2022-11-29 23:00:00,1.4795686388899625
2022-11-30 00:00:00,0.9171922359919258
2022-11-30 01:00:00,0.2274079165469447
2022-11-30 02:00:00,-0.5110488475226004
2022-11-30 03:00:00,-0.9921902775955114
2022-11-30 04:00:00,-1.5502452358075127
2022-11-30 05:00:00,-2.463949194080985
2022-11-30 06:00:00,-3.027158763946603
2022-11-30 07:00:00,-3.566448694983729
2022-11-30 08:00:00,-4.042529056155239
2022-11-30 09:00:00,-4.056233014428711
2022-11-30 10:00:00,-3.377653152354457
2022-11-30 11:00:00,-2.669936972702184
2022-11-30 12:00:00,-2.401666333935163
2022-11-30 13:00:00,-2.67691352813909
2022-11-30 14:00:00,-2.092283820347726
2022-11-30 15:00:00,-2.086296041726528
2022-11-30 16:00:00,-2.097344889249128
2022-11-30 17:00:00,-2.7118820144901816
2022-11-30 18:00:00,-3.046017333873692
2022-11-30 19:00:00,-2.874998041603585
2022-11-30 20:00:00,-2.5800591105049877
2022-11-30 21:00:00,-2.7278983881619703
2022-11-30 22:00:00,-3.539040778436785
2022-11-30 23:00:00,-4.492034667747384
2022-12-01 00:00:00,-4.867281861951311
2022-12-01 01:00:00,-5.2716033066373456
2022-12-01 02:00:00,-5.622930862012782
2022-12-01 03:00:00,-5.686973598845982
2022-12-01 04:00:00,-5.934812876502964
2022-12-01 05:00:00,-5.921108918229492
2022-12-01 06:00:00,-6.32450365319573
2022-12-01 07:00:00,-6.562960417265276
2022-12-01 08:00:00,-6.576602308442835
2022-12-01 09:00:00,-5.133979709535383
2022-12-01 10:00:00,-3.8640427368331993
2022-12-01 11:00:00,-2.8710192922701063
2022-12-01 12:00:00,-2.280401805857544
2022-12-01 13:00:00,-1.3505879311600688
2022-12-01 14:00:00,-1.1650315136489082
2022-12-01 15:00:00,-0.943766985571289
2022-12-01 16:00:00,-1.4829013067602883
2022-12-01 17:00:00,-1.758981667931797
2022-12-01 18:00:00,-1.9683641815192343
2022-12-01 19:00:00,-2.2127151814577632
2022-12-01 20:00:00,-2.230647041665057
2022-12-01 21:00:00,-2.719442584294329
2022-12-01 22:00:00,-2.6672818619513112
2022-12-01 23:00:00,-2.844935014305769
2022-12-02 00:00:00,-3.3995952375515306
2022-12-02 01:00:00,-3.4833917783753137
2022-12-02 02:00:00,-4.287557613213222
2022-12-02 03:00:00,-3.9053959306683
2022-12-02 04:00:00,-3.8594721395468223
2022-12-02 05:00:00,-4.093607458930332
2022-12-02 06:00:00,-4.140613569619734
2022-12-02 07:00:00,-3.6425290561552384
2022-12-02 08:00:00,-3.767281861951311
2022-12-02 09:00:00,-3.05200511249489
2022-12-02 10:00:00,-1.611882014490182
2022-12-02 11:00:00,-0.7623764028980364
2022-12-02 12:00:00,-0.2496612214402728
2022-12-02 13:00:00,0.8578993483638739
2022-12-02 14:00:00,1.2391963882849124
2022-12-02 15:00:00,1.916943083391584
2022-12-02 16:00:00,1.6274079165469448
2022-12-02 17:00:00,0.9300630272978166
2022-12-02 18:00:00,0.5327181380486887
2022-12-02 19:00:00,0.3686754012154891
2022-12-02 20:00:00,-0.1269410870025628
2022-12-02 21:00:00,-0.6630539600174906
2022-12-02 22:00:00,-0.1707701396697648
2022-12-02 23:00:00,0.2240131815807056
2022-12-03 00:00:00,0.8795686388899624
2022-12-03 01:00:00,1.0633651797137451
2022-12-03 02:00:00,0.6983336660648369
2022-12-03 03:00:00,0.3537335135259662
2022-12-03 04:00:00,1.0949389310985975
2022-12-03 05:00:00,1.450338778559727
2022-12-03 06:00:00,2.128085473666399
2022-12-03 07:00:00,2.529907417449689
2022-12-03 08:00:00,2.624028087888456
2022-12-03 13:00:00,4.9207740564625935
2022-12-03 14:00:00,5.514786277841395
2022-12-03 15:00:00,6.25481583309389
2022-12-03 16:00:00,6.521513680677961
2022-12-03 17:00:00,5.022253304893328
2022-12-03 18:00:00,4.800988776815709
2022-12-03 19:00:00,5.294105764131016
2022-12-03 20:00:00,4.859137277779924
2022-12-03 21:00:00,4.6883083141946615
2022-12-03 22:00:00,4.014692735089181
2022-12-03 23:00:00,3.0693529583349437
2022-12-04 00:00:00,2.0223468476455424
2022-12-04 01:00:00,1.425835125363996
2022-12-04 02:00:00,1.1642918894335412
2022-12-04 03:00:00,0.6360508059190149
2022-12-04 04:00:00,-0.6451841669061105
2022-12-04 05:00:00,-1.3058942358689838
2022-12-04 06:00:00,-2.144350999938529
2022-12-04 07:00:00,-2.5204313611100373
2022-12-04 08:00:00,-2.734968486351092
2022-12-04 09:00:00,-2.5495056115921457
2022-12-04 10:00:00,-2.216203459176217
2022-12-04 11:00:00,-1.4299074174496893
2022-12-04 12:00:00,-0.9205249038622522
2022-12-04 13:00:00,-0.4360508059190149
2022-12-04 14:00:00,-0.4984272088170512
2022-12-04 15:00:00,-0.3317293612329798
2022-12-04 16:00:00,-0.7862960417265277
2022-12-04 17:00:00,-1.1212645280776192
2022-12-04 18:00:00,-1.3451841669061104
2022-12-04 19:00:00,-1.7366348202862547
2022-12-04 20:00:00,-2.0033326678703265
2022-12-04 21:00:00,-2.304999001805489
2022-12-04 22:00:00,-2.028147540762312
2022-12-04 23:00:00,-2.6836409309756557
2022-12-05 00:00:00,-3.035801653318673
2022-12-05 01:00:00,-2.8194425842943285
2022-12-05 02:00:00,-2.881818987192365
2022-12-05 03:00:00,-3.1955229454658376
2022-12-05 04:00:00,-3.4040722920856936
2022-12-05 05:00:00,-3.704072292085693
2022-12-05 06:00:00,-4.157066181396292
2022-12-05 07:00:00,-4.481818987192365
2022-12-05 08:00:00,-4.396356112433419
2022-12-05 09:00:00,-3.777591085258544
2022-12-05 10:00:00,-2.8853072649108187
2022-12-05 11:00:00,-1.926419139731236
2022-12-05 12:00:00,-0.5538270562781806
2022-12-05 13:00:00,-0.0342288621357244
2022-12-05 14:00:00,0.4717589164854737
2022-12-05 15:00:00,1.034041776631296
2022-12-05 16:00:00,1.4042279019338206
2022-12-05 17:00:00,0.6948453883463834
2022-12-05 18:00:00,-0.2034882777184535
2022-12-05 19:00:00,-1.6017598766873773
2022-12-05 20:00:00,-1.9154638349608497
2022-12-05 21:00:00,-2.222284780549629
2022-12-05 22:00:00,-2.812715181457764
2022-12-05 23:00:00,-3.893888087186976
2022-12-06 00:00:00,-4.263147502769705
2022-12-06 01:00:00,-4.084474097943237
2022-12-06 02:00:00,-4.333240085320015
2022-12-06 03:00:00,-4.167375404703526
2022-12-06 04:00:00,-3.5912015007798024
2022-12-06 05:00:00,-2.752744736710257
2022-12-06 06:00:00,-2.607654112556361
2022-12-06 07:00:00,-2.418702960078962
2022-12-06 08:00:00,-2.2528382794624715
2022-12-06 09:00:00,-2.00922690373931
2022-12-06 10:00:00,-1.4631160271134034
2022-12-06 11:00:00,-0.6938566115306746
2022-12-06 12:00:00,0.9959277079143068
2022-12-06 13:00:00,2.9703732108069536
2022-12-06 14:00:00,3.658148500964216
2022-12-06 15:00:00,3.923919638828491
2022-12-06 16:00:00,3.6170986932397113
2022-12-06 17:00:00,2.8095381234355647
2022-12-06 18:00:00,2.189784319444981
2022-12-06 19:00:00,2.395834165162092
2022-12-06 20:00:00,2.101728401031076
2022-12-06 21:00:00,2.130958261361311
2022-12-06 22:00:00,2.498489275912964
2022-12-06 23:00:00,2.5633651797137453
2022-12-07 00:00:00,2.4911748460589314
2022-12-07 01:00:00,2.4703417351506523
2022-12-07 02:00:00,2.232562528200561
2022-12-07 03:00:00,2.721669290526088
2022-12-07 04:00:00,2.702904263351213
2022-12-07 05:00:00,3.3670090672803257
2022-12-07 06:00:00,4.889106762325527
2022-12-07 07:00:00,4.677995847707013
2022-12-07 08:00:00,4.292439430195853
2022-12-07 09:00:00,5.164291889433541
2022-12-07 10:00:00,6.015370292208635
2022-12-07 11:00:00,6.826574749579363
2022-12-07 12:00:00,7.593272597163434
2022-12-07 13:00:00,7.772008069085816
2022-12-07 14:00:00,7.962563488402464
2022-12-07 15:00:00,7.809476056339651
2022-12-07 16:00:00,7.771019292270106
2022-12-07 17:00:00,7.204477054534163
2022-12-07 18:00:00,6.591606263228271
2022-12-07 19:00:00,4.784380555191023
2022-12-07 20:00:00,4.167593081647566
2022-12-07 21:00:00,3.870770139669765
2022-12-07 22:00:00,3.3700925825503103
2022-12-07 23:00:00,1.9365412775340405
2022-12-08 00:00:00,1.3904618765644354
2022-12-08 01:00:00,1.3060813213734126
2022-12-08 02:00:00,1.4710192922701064
2022-12-08 03:00:00,0.3506499982559817
2022-12-08 04:00:00,-0.4894730997487265
2022-12-08 05:00:00,-1.1706145298216375
2022-12-08 06:00:00,-1.1766023084428356
2022-12-08 07:00:00,-1.0458617240255648
2022-12-08 08:00:00,-1.288701999877058
2022-12-08 09:00:00,0.8941057641310163
2022-12-08 10:00:00,3.109382513587437
2022-12-08 11:00:00,6.157992891116088
2022-12-08 12:00:00,7.085307264910819
2022-12-08 13:00:00,8.584474097943236
2022-12-08 14:00:00,8.681974597040492
2022-12-08 15:00:00,8.494845388346384
2022-12-08 16:00:00,8.211048847522601
2022-12-08 17:00:00,6.895522945465838
2022-12-08 18:00:00,4.903916682237567
2022-12-08 19:00:00,5.140123098004708
2022-12-08 20:00:00,2.489013219573313
2022-12-08 21:00:00,2.161543235930455
2022-12-08 22:00:00,0.4523783992870578
2022-12-08 23:00:00,-0.0262635298831085
2022-12-09 00:00:00,-0.2545046133976349
2022-12-09 01:00:00,-0.4032391251181118
2022-12-09 02:00:00,-1.1494435444962328
2022-12-09 03:00:00,-0.7749359745076726
2022-12-09 04:00:00,-0.7040722920856934
2022-12-09 05:00:00,-0.0142879726407122
2022-12-09 06:00:00,-0.3997508473996582
2022-12-09 07:00:00,0.4661138332168316
2022-12-09 08:00:00,0.9676245573038672
2022-12-09 09:00:00,2.1573153339966344
2022-12-09 10:00:00,4.439988515441595
2022-12-09 11:00:00,5.873331707668422
2022-12-09 12:00:00,8.118796502831175
2022-12-09 13:00:00,9.277007070891305
2022-12-09 14:00:00,9.365709070768364
2022-12-09 15:00:00,9.822253304893328
2022-12-09 16:00:00,9.164937970896696
2022-12-09 17:00:00,7.7811414300729105
2022-12-09 18:00:00,6.701572791182949
2022-12-09 19:00:00,5.7656155280161485
2022-12-09 20:00:00,5.133364219511842
2022-12-09 21:00:00,4.348578901872349
2022-12-09 22:00:00,2.272592083453055
2022-12-09 23:00:00,1.5649379708966942
2022-12-10 00:00:00,0.8386123739176724
2022-12-10 01:00:00,0.192439430195853
2022-12-10 02:00:00,-0.0513275553754359
2022-12-10 03:00:00,-1.0237640289803638
2022-12-10 04:00:00,-1.5904618765644354
2022-12-10 05:00:00,-1.1709572251741935
2022-12-10 06:00:00,-2.469259415582729
2022-12-10 07:00:00,-2.956326557180925
2022-12-10 08:00:00,-3.122035627949288
2022-12-10 09:00:00,-1.86586468061649
2022-12-10 10:00:00,0.312683705801462
2022-12-10 11:00:00,2.830553498912842
2022-12-10 12:00:00,4.297344889249128
2022-12-10 13:00:00,5.1445066097866565
2022-12-10 14:00:00,5.506049845717111
2022-12-10 15:00:00,5.436790430134382
2022-12-10 16:00:00,5.022253304893328
2022-12-10 17:00:00,4.668426248615147
2022-12-10 18:00:00,3.981818987192365
2022-12-10 19:00:00,2.4204313611100376
2022-12-10 20:00:00,2.040029555252494
2022-12-10 21:00:00,0.4667599146799844
2022-12-10 22:00:00,1.045495386602365
2022-12-10 23:00:00,0.3120376243383093
2022-12-11 00:00:00,-0.1331465425678012
2022-12-11 01:00:00,-0.1134548056731307
2022-12-11 02:00:00,-0.2220041522929864
2022-12-11 03:00:00,-0.0437906276419327
2022-12-11 04:00:00,-0.2986064607358222
2022-12-11 05:00:00,-0.7182981976304925
2022-12-11 06:00:00,-1.6229308620127822
2022-12-11 07:00:00,-1.0917234480511295
2022-12-11 08:00:00,-0.8574945859154052
2022-12-11 09:00:00,0.6253752451885819
2022-12-11 10:00:00,2.585867637207415
2022-12-11 11:00:00,4.290033472045322
2022-12-11 12:00:00,5.201915486535505
2022-12-11 13:00:00,5.726574749579363
2022-12-11 14:00:00,6.273425250420637
2022-12-11 15:00:00,6.095678555313965
2022-12-11 16:00:00,5.514443582488839
2022-12-11 17:00:00,4.081974597040492
2022-12-11 18:00:00,2.682807764008074
2022-12-11 19:00:00,1.217931860207293
2022-12-11 20:00:00,0.2906795535084756
2022-12-11 21:00:00,-0.3887334755333593
2022-12-11 22:00:00,-0.9794130290418348
2022-12-11 23:00:00,-2.2613255589864147
2022-12-12 00:00:00,-2.664042736833199
2022-12-12 01:00:00,-2.858888125179583
2022-12-12 02:00:00,-3.082745696912161
2022-12-12 03:00:00,-3.941789431939872
2022-12-12 04:00:00,-4.090306266716308
2022-12-12 05:00:00,-3.819442584294329
2022-12-12 06:00:00,-2.6785798620742534
2022-12-12 07:00:00,-2.551327555375436
2022-12-12 08:00:00,-2.407654112556361
2022-12-12 09:00:00,-1.0040722920856933
2022-12-12 10:00:00,0.9564821670290526
2022-12-12 11:00:00,3.200677557119454
2022-12-12 12:00:00,4.478641929170166
2022-12-12 13:00:00,5.805894235868983
2022-12-12 14:00:00,6.905154611653616
2022-12-12 15:00:00,6.77691352813909
2022-12-12 16:00:00,6.447839277656983
2022-12-12 17:00:00,5.819598194142456
2022-12-12 18:00:00,4.974320484484131
2022-12-12 19:00:00,4.201728401031076
2022-12-12 20:00:00,3.688117985509818
2022-12-12 21:00:00,3.27841371289666
2022-12-12 22:00:00,2.33935199813304
2022-12-12 23:00:00,1.7144435824888395
2022-12-13 00:00:00,1.8991668330324185
2022-12-13 01:00:00,2.270248192398438
2022-12-13 02:00:00,1.8569999297968924
2022-12-13 03:00:00,3.3837965408237825
2022-12-13 04:00:00,3.0846297077913647
2022-12-13 05:00:00,2.6325625282005616
2022-12-13 06:00:00,2.178735471922381
2022-12-13 07:00:00,2.3846297077913645
2022-12-13 08:00:00,2.189044695229614
2022-12-13 09:00:00,1.448921597224906
2022-12-13 10:00:00,3.3951880836989394
2022-12-13 11:00:00,3.921762833278303
2022-12-13 12:00:00,3.575589889556483
2022-12-13 13:00:00,1.704383511781948
2022-12-13 14:00:00,3.098676361417392
2022-12-13 15:00:00,2.1823172923930487
2022-12-13 16:00:00,1.824168791428833
2022-12-13 17:00:00,0.4257415826117817
2022-12-13 18:00:00,1.046422096322161
2022-12-13 19:00:00,1.509631666187779
2022-12-13 20:00:00,0.039445540885254
2022-12-13 21:00:00,-0.7887955426292723
2022-12-13 22:00:00,-0.7621272502976947
2022-12-13 23:00:00,-1.7467569580890594
2022-12-14 00:00:00,-4.044350999938529
2022-12-14 01:00:00,-5.208393736771729
2022-12-14 02:00:00,-5.551911569742676
2022-12-14 03:00:00,-6.466448694983729
2022-12-14 04:00:00,-7.127991930914185
2022-12-14 05:00:00,-5.40447488217826
2022-12-14 10:00:00,-7.819442584294328
2022-12-14 11:00:00,-7.335801653318673
2022-12-14 12:00:00,-6.6341353193835095
2022-12-14 13:00:00,-6.14277820875558
2022-12-14 14:00:00,-5.416203459176217
2022-12-14 15:00:00,-5.0640427368332
2022-12-14 16:00:00,-5.140123098004708
2022-12-14 17:00:00,-5.1597212921471645
2022-12-14 18:00:00,-5.679319486289621
2022-12-14 19:00:00,-6.045184166906111
2022-12-14 20:00:00,-6.638207611469204
2022-12-14 21:00:00,-6.802250348302403
2022-12-14 22:00:00,-6.674102807540091
2022-12-14 23:00:00,-7.073114030724382
2022-12-15 00:00:00,-7.630584974569144
2022-12-15 01:00:00,-7.116881016295671
2022-12-15 02:00:00,-6.6689481958864745
2022-12-15 03:00:00,-6.550829250174752
2022-12-15 04:00:00,-6.804562763700718
2022-12-15 05:00:00,-7.020921832725064
2022-12-15 06:00:00,-6.554317527893206
2022-12-15 07:00:00,-6.617620640511039
2022-12-15 08:00:00,-6.125430362915527
2022-12-15 09:00:00,-4.811882014490182
2022-12-15 10:00:00,-3.708549346619856
2022-12-15 11:00:00,-1.9418514990357845
2022-12-15 12:00:00,-0.0254924300114399
2022-12-15 13:00:00,1.4753407369561415
2022-12-15 14:00:00,0.5222533048933281
2022-12-15 15:00:00,0.4744140272363456
2022-12-15 16:00:00,0.2735808602687641
2022-12-15 17:00:00,0.5257415826117816
2022-12-15 18:00:00,0.702655110750872
2022-12-15 19:00:00,1.419847346742798
2022-12-15 20:00:00,0.6744140272363457
2022-12-15 21:00:00,-0.3717589164854736
2022-12-15 22:00:00,-1.462282860145822
2022-12-15 23:00:00,-2.0383632213173306
2022-12-16 00:00:00,-2.770832206765678
2022-12-16 01:00:00,-3.726325596979021
2022-12-16 02:00:00,-4.619442584294329
2022-12-16 03:00:00,-5.216787473543457
2022-12-16 04:00:00,-5.830491431816929
2022-12-16 05:00:00,-6.563949194080985
2022-12-16 06:00:00,-7.026909611346261
2022-12-16 07:00:00,-7.491107958027587
2022-12-16 08:00:00,-7.172404997948625
2022-12-16 09:00:00,-6.830553498912842
2022-12-16 10:00:00,-5.663209569865618
2022-12-16 11:00:00,-5.626325596979021
2022-12-16 12:00:00,-4.953733513525966
2022-12-16 13:00:00,-4.149505611592145
2022-12-16 14:00:00,-3.793023444563093
2022-12-16 15:00:00,-3.444350999938529
2022-12-16 16:00:00,-3.326325596979021
2022-12-16 17:00:00,-3.8263255969790215
2022-12-16 18:00:00,-4.045923791121478
2022-12-16 19:00:00,-3.901572791182948
2022-12-16 20:00:00,-4.092190277595512
2022-12-16 21:00:00,-3.964782361048566
2022-12-16 22:00:00,-4.702499500902745
2022-12-16 23:00:00,-4.511726404642054
2022-12-17 00:00:00,-5.039040778436784
2022-12-17 01:00:00,-4.707560569804146
2022-12-17 02:00:00,-4.985307264910819
2022-12-17 03:00:00,-6.144257457186315
2022-12-17 04:00:00,-6.689223947148384
2022-12-17 05:00:00,-6.922837319260568
2022-12-17 06:00:00,-6.939780402652152
2022-12-17 07:00:00,-6.588546390028931
2022-12-17 08:00:00,-6.133979709535383
2022-12-17 09:00:00,-6.877591085258544
2022-12-17 10:00:00,-6.375924751323381
2022-12-17 11:00:00,-4.748578901872349
2022-12-17 12:00:00,-4.08373447372787
2022-12-17 13:00:00,-3.964875903800781
2022-12-17 14:00:00,-3.51969173689467
2022-12-17 15:00:00,-3.7154638349608495
2022-12-17 16:00:00,-3.929907417449689
2022-12-17 17:00:00,-4.74095626497229
2022-12-17 18:00:00,-5.031480208632638
2022-12-17 19:00:00,-5.647683667808855
2022-12-17 20:00:00,-5.885307264910819
2022-12-17 21:00:00,-6.524597195947946
2022-12-17 22:00:00,-7.125430362915527
2022-12-17 23:00:00,-7.878424252226126
2022-12-18 00:00:00,-8.269781362854056
2022-12-18 01:00:00,-8.721942085197075
2022-12-18 02:00:00,-8.931324598784512
2022-12-18 03:00:00,-9.315954306575875
2022-12-18 04:00:00,-10.017527097758824
2022-12-18 05:00:00,-10.746507805488717
2022-12-18 06:00:00,-10.963606498728428
2022-12-18 07:00:00,-11.048329749272009
2022-12-18 08:00:00,-11.37808155687357
2022-12-18 09:00:00,-11.471758916485474
2022-12-18 10:00:00,-9.928303150610438
2022-12-18 11:00:00,-7.476235971019635
2022-12-18 12:00:00,-7.450338778559726
2022-12-18 13:00:00,-6.880308263105329
2022-12-18 14:00:00,-6.569197348486815
2022-12-18 15:00:00,-6.578579862074253
2022-12-18 16:00:00,-6.793116987315307
2022-12-18 17:00:00,-7.147683667808855
2022-12-18 18:00:00,-7.783640930975656
2022-12-18 19:00:00,-8.388701999877059
2022-12-18 20:00:00,-8.427158763946604
2022-12-18 21:00:00,-8.535801653318673
2022-12-18 22:00:00,-8.641695889187655
2022-12-18 23:00:00,-8.556233014428711
2022-12-19 00:00:00,-8.955399847461129
2022-12-19 01:00:00,-9.719442584294328
2022-12-19 02:00:00,-10.512715181457764
2022-12-19 03:00:00,-11.439134321188998
2022-12-19 04:00:00,-11.884318488095111
2022-12-19 05:00:00,-12.214381515392926
2022-12-19 06:00:00,-13.489044695229614
2022-12-19 07:00:00,-12.968208571671106
2022-12-19 08:00:00,-13.053733513525966
2022-12-19 09:00:00,-11.281234972825125
2022-12-19 10:00:00,-8.937872749702304
2022-12-19 11:00:00,-6.502133163479545
2022-12-19 12:00:00,-4.696760874881888
2022-12-19 13:00:00,-3.228303150610439
2022-12-19 14:00:00,-3.3137039582734724
2022-12-19 15:00:00,-3.2922838203477256
2022-12-19 16:00:00,-3.3820681397927066
2022-12-19 17:00:00,-3.641789431939871
2022-12-19 18:00:00,-3.9468505008412738
2022-12-19 19:00:00,-4.395616488218052
2022-12-19 20:00:00,-5.323857571732578
2022-12-19 21:00:00,-5.7272523066988175
2022-12-19 22:00:00,-6.81546383496085
2022-12-19 23:00:00,-7.874507569988559
2022-12-20 00:00:00,-8.592283820347726
2022-12-20 01:00:00,-8.376913528139092
2022-12-20 02:00:00,-9.854504613397634
2022-12-20 03:00:00,-9.592283820347724
2022-12-20 04:00:00,-9.70499900180549
2022-12-20 05:00:00,-9.919442584294329
2022-12-20 06:00:00,-9.933979709535382
2022-12-20 07:00:00,-10.12975180760156
2022-12-20 08:00:00,-10.723764028980364
2022-12-20 09:00:00,-9.502655110750872
2022-12-20 10:00:00,-6.504477054534162
2022-12-20 11:00:00,-3.6919174829245263
2022-12-20 12:00:00,-1.841205417572632
2022-12-20 13:00:00,0.4023438910546173
2022-12-20 14:00:00,1.0040722920856933
2022-12-20 15:00:00,2.0759247513233814
2022-12-20 16:00:00,1.483796540823783
2022-12-20 17:00:00,-0.8544754886840539
2022-12-20 18:00:00,0.1941057641310162
2022-12-20 19:00:00,0.1470996534416153
2022-12-20 20:00:00,-0.0537335135259662
2022-12-20 21:00:00,-0.2136104155212579
2022-12-20 22:00:00,-0.6154323593045484
2022-12-20 23:00:00,-1.141111874820417
2022-12-21 00:00:00,-1.4138595681215995
2022-12-21 01:00:00,-1.2616988457785825
2022-12-21 02:00:00,-0.2164211361202573
2022-12-21 03:00:00,0.2426225989074529
2022-12-21 04:00:00,0.5546602232457623
2022-12-21 05:00:00,0.0795686388899622
2022-12-21 06:00:00,0.2171922359919258
2022-12-21 07:00:00,0.1230864718609097
2022-12-21 08:00:00,0.5333956951681429
2022-12-21 09:00:00,1.1786734048264678
2022-12-21 10:00:00,1.4795686388899625
2022-12-21 11:00:00,1.644444542690743
2022-12-21 12:00:00,2.017036626143798
2022-12-21 13:00:00,1.6495056115921454
2022-12-21 14:00:00,1.8744140272363452
2022-12-21 15:00:00,2.129074250482108
2022-12-21 16:00:00,2.7342288621357245
2022-12-21 17:00:00,1.7795686388899623
2022-12-21 18:00:00,2.3472552632897425
2022-12-21 19:00:00,0.951327555375436
2022-12-21 20:00:00,1.4574709438447613
2022-12-21 21:00:00,1.5813905826732526
2022-12-21 22:00:00,1.1061433884693257
2022-12-21 23:00:00,0.4446001525388706
2022-12-22 00:00:00,-0.0647823610485666
2022-12-22 01:00:00,-0.8032391251181119
2022-12-22 02:00:00,-1.1134548056731308
2022-12-22 03:00:00,-1.5263255969790217
2022-12-22 04:00:00,-2.6511719455273086
2022-12-22 05:00:00,-2.651911569742676
2022-12-22 06:00:00,-3.0612940833301137
2022-12-22 07:00:00,-3.594596235746041
2022-12-22 08:00:00,-3.8322198328480055
2022-12-22 09:00:00,-4.513454805673131
2022-12-22 10:00:00,-4.180152653257203
2022-12-22 11:00:00,-4.66487590380078
2022-12-22 12:00:00,-3.894689778498256
2022-12-22 13:00:00,-4.236634820286255
2022-12-22 14:00:00,-4.427158763946602
2022-12-22 15:00:00,-4.507560569804147
2022-12-22 16:00:00,-4.961294083330113
2022-12-22 17:00:00,-5.38953516684464
2022-12-22 18:00:00,-5.446756958089059
2022-12-22 19:00:00,-5.63654127753404
2022-12-22 20:00:00,-6.108300194019513
2022-12-22 21:00:00,-6.656972638644078
2022-12-22 22:00:00,-6.842435513403023
2022-12-22 23:00:00,-7.142435513403024
2022-12-23 00:00:00,-7.40481191630106
2022-12-23 01:00:00,-7.828731555129551
2022-12-23 02:00:00,-8.128731555129551
2022-12-23 03:00:00,-8.314194429888499
2022-12-23 04:00:00,-8.686786513341554
2022-12-23 05:00:00,-8.786786513341553
2022-12-23 06:00:00,-8.734625790998535
2022-12-23 07:00:00,-8.710706152170044
2022-12-23 08:00:00,-8.634625790998536
2022-12-23 09:00:00,-8.410706152170043
2022-12-23 10:00:00,-7.967188319199096
2022-12-23 11:00:00,-7.489441624092425
2022-12-23 12:00:00,-7.55623301442871
2022-12-23 13:00:00,-6.76644869498373
2022-12-23 14:00:00,-6.307467027051932
2022-12-23 15:00:00,-6.541695889187656
2022-12-23 16:00:00,-6.693856611530674
2022-12-23 17:00:00,-7.342529056155238
2022-12-23 18:00:00,-7.419349041542114
2022-12-23 19:00:00,-7.6559838618283695
2022-12-23 20:00:00,-9.02450365319573
2022-12-23 21:00:00,-9.416787473543456
2022-12-23 22:00:00,-9.45441107064542
2022-12-23 23:00:00,-9.692034667747384
2022-12-24 00:00:00,-10.070770139669763
2022-12-24 01:00:00,-10.19635611243342
2022-12-24 02:00:00,-10.233979709535385
2022-12-24 03:00:00,-10.8142259055448
2022-12-24 04:00:00,-11.27326964057251
2022-12-24 05:00:00,-12.126263529883108
2022-12-24 06:00:00,-11.820337818357824
2022-12-24 07:00:00,-12.278641929170163
2022-12-24 08:00:00,-11.634657266654836
2022-12-24 09:00:00,-11.84361137572316
2022-12-24 10:00:00,-9.930000960201903
2022-12-24 11:00:00,-8.500926709719796
2022-12-24 12:00:00,-7.665125056401122
2022-12-24 13:00:00,-6.913797501025687
2022-12-24 14:00:00,-6.115463834960849
2022-12-24 15:00:00,-5.252254265095232
2022-12-24 16:00:00,-5.381234972825125
2022-12-24 17:00:00,-5.911142390274815
2022-12-24 18:00:00,-6.765125056401122
2022-12-24 19:00:00,-7.260741544619175
2022-12-24 20:00:00,-8.803581820470667
2022-12-24 21:00:00,-9.224168791428832
2022-12-24 22:00:00,-10.189971404949407
2022-12-24 23:00:00,-10.32410672433292
2022-12-25 00:00:00,-10.25642009993314
2022-12-25 01:00:00,-10.445215642562411
2022-12-25 02:00:00,-10.698949156088377
2022-12-25 03:00:00,-11.008331669675815
2022-12-25 04:00:00,-11.105832168773071
2022-12-25 05:00:00,-11.389628709596854
2022-12-25 06:00:00,-11.365553460920236
2022-12-25 07:00:00,-11.828085473666398
2022-12-25 08:00:00,-11.426263529883109
2022-12-25 09:00:00,-9.879413029041835
2022-12-25 10:00:00,-7.359970444747506
2022-12-25 11:00:00,-4.706298998317452
2022-12-25 12:00:00,-2.713026401154018
2022-12-25 13:00:00,-1.43413531938351
2022-12-25 14:00:00,0.1094760563396517
2022-12-25 15:00:00,0.0897843194449811
2022-12-25 16:00:00,-0.1110488475226004
2022-12-25 17:00:00,-0.7588881251795829
2022-12-25 18:00:00,-2.109382513587437
2022-12-25 19:00:00,-2.7837344737278698
2022-12-25 20:00:00,-3.789877862197196
2022-12-25 21:00:00,-4.6445066097866565
2022-12-25 22:00:00,-5.530740584417271
2022-12-25 23:00:00,-6.384412030847324
2022-12-26 00:00:00,-6.809071293891183
2022-12-26 01:00:00,-7.223826096076277
2022-12-26 02:00:00,-7.589690776692766
2022-12-26 03:00:00,-7.525648039859567
2022-12-26 04:00:00,-8.7082381269236
2022-12-26 05:00:00,-9.491201500779802
2022-12-26 06:00:00,-9.482652154159949
2022-12-26 07:00:00,-9.965709070768362
2022-12-26 08:00:00,-9.610893237674471
2022-12-26 09:00:00,-7.895772098066178
2022-12-26 10:00:00,-4.767748691495693
2022-12-26 11:00:00,-3.229229860330235
2022-12-26 12:00:00,-1.1461108766259065
2022-12-26 13:00:00,-0.5974384320013424
2022-12-26 14:00:00,0.267531014551653
2022-12-26 15:00:00,0.4632095698656179
2022-12-26 16:00:00,0.4290742504821078
2022-12-26 17:00:00,-0.4419450417879986
2022-12-26 18:00:00,-1.9436113757231617
2022-12-26 19:00:00,-2.251327555375436
2022-12-26 20:00:00,-3.551109878431396
2022-12-26 21:00:00,-4.353149499158726
2022-12-26 22:00:00,-5.523024404764996
2022-12-26 23:00:00,-6.287900308565778
2022-12-27 00:00:00,-6.629751807601563
2022-12-27 01:00:00,-7.0152767494564205
2022-12-27 02:00:00,-7.980090586161289
2022-12-27 03:00:00,-8.629751807601561
2022-12-27 04:00:00,-8.658888125179582
2022-12-27 05:00:00,-8.81604784932809
2022-12-27 06:00:00,-9.378424252226123
2022-12-27 07:00:00,-9.187806765813564
2022-12-27 08:00:00,-9.225585972763657
2022-12-27 09:00:00,-7.881234972825124
2022-12-27 10:00:00,-4.784878860391705
2022-12-27 11:00:00,-2.3558046099095984
2022-12-27 12:00:00,-0.7104648331553605
2022-12-27 13:00:00,1.3127151814577636
2022-12-27 14:00:00,2.017098693239712
2022-12-27 15:00:00,2.5187650271748745
2022-12-27 16:00:00,2.413703958273472
2022-12-27 17:00:00,1.363209569865618
2022-12-27 18:00:00,-0.4566377768771799
2022-12-27 19:00:00,-0.4402166407569227
2022-12-27 20:00:00,-3.0012379294160505
2022-12-27 21:00:00,-2.338456764069545
2022-12-27 22:00:00,-2.669197348486816
2022-12-27 23:00:00,-2.8607100689628733
2022-12-28 00:00:00,-3.339289931037127
2022-12-28 01:00:00,-4.627252306698817
2022-12-28 02:00:00,-4.406727402836565
2022-12-28 03:00:00,-5.189722252349068
2022-12-28 04:00:00,-4.940216640756923
2022-12-28 05:00:00,-2.9144750581451406
2022-12-28 06:00:00,-2.590461876564435
2022-12-28 07:00:00,-1.1226817094124406
2022-12-28 08:00:00,-1.2706765969175504
2022-12-28 09:00:00,-1.862220793049909
2022-12-28 10:00:00,-1.6955229454658376
2022-12-28 11:00:00,-1.3024995009027447
2022-12-28 12:00:00,-0.5743519601404327
2022-12-28 13:00:00,0.120586970958165
2022-12-28 14:00:00,-0.0086428893720701
2022-12-28 15:00:00,-0.0154638349608498
2022-12-28 16:00:00,-0.1914506533801442
2022-12-28 17:00:00,-1.2255859727636542
2022-12-28 18:00:00,-2.254660223245762
2022-12-28 19:00:00,-2.831573751384852
2022-12-28 20:00:00,-3.986545194326869
2022-12-28 21:00:00,-4.617441388592267
2022-12-28 22:00:00,-5.295126016603026
2022-12-28 23:00:00,-6.2855564175111605
2022-12-29 00:00:00,-6.05481583309389
2022-12-29 01:00:00,-6.922191237797415
2022-12-29 02:00:00,-6.898271598968924
2022-12-29 03:00:00,-7.403332667870326
2022-12-29 04:00:00,-7.974196350292305
2022-12-29 05:00:00,-8.054598156149849
2022-12-29 06:00:00,-8.304905459053275
2022-12-29 07:00:00,-8.391201500779802
2022-12-29 08:00:00,-8.68191252994458
2022-12-29 09:00:00,-7.766697847584071
2022-12-29 10:00:00,-5.609725208939993
2022-12-29 11:00:00,-3.01305787681032
2022-12-29 12:00:00,-1.9427782087555805
2022-12-29 13:00:00,-0.6829013067602885
2022-12-29 14:00:00,0.015276749456421
2022-12-29 15:00:00,0.7323133756002197
2022-12-29 16:00:00,-0.1454333195064522
2022-12-29 17:00:00,-1.0419450417879983
2022-12-29 18:00:00,-1.878579862074253
2022-12-29 19:00:00,-2.669352958334944
2022-12-29 20:00:00,-2.2308961942653984
2022-12-29 21:00:00,-2.880401805857544
2022-12-29 22:00:00,-3.4580864338683024
2022-12-29 23:00:00,-3.500677557119454
2022-12-30 00:00:00,-3.265709070768362
2022-12-30 01:00:00,-2.9983336660648368
2022-12-30 02:00:00,-2.7724985407008407
2022-12-30 03:00:00,-2.30922690373931
2022-12-30 04:00:00,-2.2672818619513118
2022-12-30 05:00:00,-2.245090624153896
2022-12-30 06:00:00,-2.6365412775340404
2022-12-30 07:00:00,-2.9782371667216974
2022-12-30 08:00:00,-3.49376306877846
2022-12-30 09:00:00,-2.4733317076684225
2022-12-30 10:00:00,-0.928147540762312
2022-12-30 11:00:00,-0.2084558038676413
2022-12-30 12:00:00,0.9897843194449812
2022-12-30 13:00:00,1.3461729437218195
2022-12-30 14:00:00,1.5144435824888394
2022-12-30 15:00:00,1.3229929291086957
2022-12-30 16:00:00,1.3563886242768382
2022-12-30 17:00:00,0.2470061106894009
2022-12-30 18:00:00,-0.9170366261437986
2022-12-30 19:00:00,-1.5068209455887798
2022-12-30 20:00:00,-2.0906174864125626
2022-12-30 21:00:00,-2.4579928911160884
2022-12-30 22:00:00,-3.058086433868303
2022-12-30 23:00:00,-4.670435277902866
2022-12-31 00:00:00,-4.821420137925746
2022-12-31 01:00:00,-5.61969173689467
2022-12-31 02:00:00,-6.13573958622276
2022-12-31 03:00:00,-6.047777210561069
2022-12-31 04:00:00,-5.764782361048567
2022-12-31 05:00:00,-4.891201500779802
2022-12-31 06:00:00,-4.622930862012782
2022-12-31 07:00:00,-4.45539984746113
2022-12-31 08:00:00,-3.7264191397312354
2022-12-31 09:00:00,-3.1836409309756557
2022-12-31 10:00:00,-2.4941057641310165
2022-12-31 11:00:00,-0.6693529583349433
2022-12-31 12:00:00,1.3237640289803638
2022-12-31 13:00:00,2.842622598907453
2022-12-31 14:00:00,3.593116987315307
2022-12-31 15:00:00,4.122253304893328
2022-12-31 16:00:00,4.436790430134382
2022-12-31 17:00:00,3.622253304893328
2022-12-31 18:00:00,1.8913571106279297
2022-12-31 19:00:00,0.4000620670959129
2022-12-31 20:00:00,-1.3683021144233216
2022-12-31 21:00:00,-2.227345849451032
2022-12-31 22:00:00,-2.5222847805496293
2022-12-31 23:00:00,-3.270863682421979
